YEAR,GRADE,SEX,WGT,NEG_SCORE,SE_1ITEM,SE_3ITEM,Q30A1,Q30A2,Q30A3,Q30A4
2020,초6,1.0,0.8284418183189015,3.6666666666666665,4.0,,3.0,4.0,4.0,4.0
2020,초6,1.0,0.8284418183189015,3.0,3.0,,3.0,3.0,3.0,3.0
2020,초6,1.0,0.8284418183189015,3.6666666666666665,4.0,,4.0,4.0,3.0,4.0
2020,초6,1.0,0.8284418183189015,3.3333333333333335,3.0,,3.0,4.0,3.0,3.0
2020,초6,1.0,0.8284418183189015,4.0,4.0,,4.0,4.0,4.0,4.0
2020,초6,1.0,0.8284418183189015,4.0,4.0,,4.0,4.0,4.0,4.0
2020,초6,1.0,0.8284418183189015,3.0,3.0,,3.0,3.0,3.0,3.0
2020,초6,1.0,0.8284418183189015,3.0,2.0,,3.0,4.0,2.0,2.0
2020,초6,1.0,0.8284418183189015,3.0,3.0,,3.0,3.0,3.0,3.0
2020,초6,1.0,0.8284418183189015,3.0,3.0,,3.0,3.0,3.0,3.0
2020,초6,1.0,0.8284418183189015,3.0,2.0,,3.0,4.0,2.0,2.0
2020,초6,1.0,0.8284418183189015,3.3333333333333335,3.0,,4.0,4.0,2.0,3.0
2020,초6,1.0,0.8284418183189015,3.6666666666666665,3.0,,4.0,4.0,3.0,3.0
2020,초6,1.0,0.8284418183189015,4.0,4.0,,4.0,4.0,4.0,4.0
2020,초6,1.0,0.8284418183189015,3.0,3.0,,3.0,3.0,3.0,3.0
2020,초6,2.0,0.9967743130405303,3.6666666666666665,4.0,,4.0,4.0,3.0,4.0
2020,초6,2.0,0.9967743130405303,3.3333333333333335,4.0,,3.0,4.0,3.0,4.0
2020,초6,2.0,0.9967743130405303,2.6666666666666665,1.0,,3.0,4.0,1.0,1.0
2020,초6,2.0,0.9967743130405303,3.3333333333333335,4.0,,4.0,3.0,3.0,4.0
2020,초6,2.0,0.9967743130405303,3.6666666666666665,3.0,,4.0,4.0,3.0,3.0
2020,초6,2.0,0.9967743130405303,3.3333333333333335,3.0,,4.0,3.0,3.0,3.0
2020,초6,2.0,0.9967743130405303,4.0,4.0,,4.0,4.0,4.0,4.0
2020,초6,2.0,0.9967743130405303,4.0,4.0,,4.0,4.0,4.0,4.0
2020,초6,2.0,0.9967743130405303,4.0,4.0,,4.0,4.0,4.0,4.0
2020,초6,2.0,0.9967743130405303,3.6666666666666665,4.0,,3.0,4.0,4.0,4.0
2020,초4,2.0,0.8562686405570227,3.0,4.0,,3.0,3.0,3.0,4.0
2020,초4,2.0,0.8562686405570227,3.6666666666666665,4.0,,3.0,4.0,4.0,4.0
2020,초4,2.0,0.8562686405570227,2.6666666666666665,1.0,,3.0,3.0,2.0,1.0
2020,초4,2.0,0.8562686405570227,3.3333333333333335,3.0,,3.0,4.0,3.0,3.0
2020,초4,2.0,0.8562686405570227,3.6666666666666665,4.0,,3.0,4.0,4.0,4.0
2020,초4,2.0,0.8562686405570227,3.6666666666666665,3.0,,4.0,4.0,3.0,3.0
2020,초4,2.0,0.8562686405570227,3.0,3.0,,3.0,3.0,3.0,3.0
2020,초4,2.0,0.8562686405570227,3.6666666666666665,3.0,,4.0,4.0,3.0,3.0
2020,초4,2.0,0.8562686405570227,3.0,3.0,,3.0,3.0,3.0,3.0
2020,초4,2.0,0.8562686405570227,2.6666666666666665,2.0,,3.0,3.0,2.0,2.0
2020,초4,2.0,0.8562686405570227,3.3333333333333335,4.0,,3.0,4.0,3.0,4.0
2020,초4,1.0,0.8889165903872622,3.0,2.0,,3.0,4.0,2.0,2.0
2020,초4,1.0,0.8889165903872622,3.0,3.0,,3.0,3.0,3.0,3.0
2020,초4,1.0,0.8889165903872622,2.6666666666666665,3.0,,3.0,3.0,2.0,3.0
2020,초4,1.0,0.8889165903872622,3.3333333333333335,3.0,,3.0,4.0,3.0,3.0
2020,초4,1.0,0.8889165903872622,4.0,4.0,,4.0,4.0,4.0,4.0
2020,초4,1.0,0.8889165903872622,3.0,2.0,,4.0,3.0,2.0,2.0
2020,초4,1.0,0.8889165903872622,3.6666666666666665,3.0,,3.0,4.0,4.0,3.0
2020,초4,1.0,0.8889165903872622,3.3333333333333335,3.0,,3.0,4.0,3.0,3.0
2020,초4,1.0,0.8889165903872622,3.6666666666666665,3.0,,4.0,4.0,3.0,3.0
2020,초4,1.0,0.8889165903872622,3.3333333333333335,4.0,,3.0,4.0,3.0,4.0
2020,초4,1.0,0.8889165903872622,3.6666666666666665,4.0,,3.0,4.0,4.0,4.0
2020,초4,1.0,0.8889165903872622,3.0,4.0,,3.0,3.0,3.0,4.0
2020,초5,1.0,0.8649024684810102,3.6666666666666665,3.0,,4.0,4.0,3.0,3.0
2020,초5,1.0,0.8649024684810102,3.6666666666666665,3.0,,4.0,4.0,3.0,3.0
2020,초5,1.0,0.8649024684810102,3.6666666666666665,3.0,,4.0,4.0,3.0,3.0
2020,초5,1.0,0.8649024684810102,2.3333333333333335,3.0,,3.0,2.0,2.0,3.0
2020,초5,1.0,0.8649024684810102,3.3333333333333335,,,4.0,3.0,3.0,
2020,초5,1.0,0.8649024684810102,3.6666666666666665,3.0,,4.0,4.0,3.0,3.0
2020,초5,1.0,0.8649024684810102,3.0,3.0,,3.0,3.0,3.0,3.0
2020,초5,1.0,0.8649024684810102,2.6666666666666665,3.0,,2.0,3.0,3.0,3.0
2020,초5,1.0,0.8649024684810102,2.6666666666666665,2.0,,3.0,3.0,2.0,2.0
2020,초5,1.0,0.8649024684810102,3.0,3.0,,3.0,3.0,3.0,3.0
2020,초5,1.0,0.8649024684810102,3.3333333333333335,2.0,,4.0,3.0,3.0,2.0
2020,초5,1.0,0.8649024684810102,3.0,3.0,,3.0,3.0,3.0,3.0
2020,초5,1.0,0.8649024684810102,3.3333333333333335,3.0,,3.0,4.0,3.0,3.0
2020,초5,2.0,0.636230837044257,4.0,4.0,,4.0,4.0,4.0,4.0
2020,초5,2.0,0.636230837044257,4.0,4.0,,4.0,4.0,4.0,4.0
2020,초5,2.0,0.636230837044257,3.6666666666666665,4.0,,3.0,4.0,4.0,4.0
2020,초5,2.0,0.636230837044257,3.0,1.0,,3.0,4.0,2.0,1.0
2020,초5,2.0,0.636230837044257,3.0,4.0,,3.0,3.0,3.0,4.0
2020,초5,2.0,0.636230837044257,3.6666666666666665,3.0,,3.0,4.0,4.0,3.0
2020,초5,2.0,0.636230837044257,4.0,4.0,,4.0,4.0,4.0,4.0
2020,초5,2.0,0.636230837044257,3.3333333333333335,2.0,,3.0,4.0,3.0,2.0
2020,초5,2.0,0.636230837044257,2.3333333333333335,1.0,,3.0,3.0,1.0,1.0
2020,초5,2.0,0.636230837044257,3.6666666666666665,4.0,,3.0,4.0,4.0,4.0
2020,초5,2.0,0.636230837044257,3.3333333333333335,3.0,,3.0,4.0,3.0,3.0
2020,초5,2.0,0.636230837044257,3.6666666666666665,4.0,,3.0,4.0,4.0,4.0
2020,초5,2.0,0.636230837044257,4.0,4.0,,4.0,4.0,4.0,4.0
2020,초5,2.0,0.636230837044257,4.0,4.0,,4.0,4.0,4.0,4.0
2020,초5,2.0,0.636230837044257,3.3333333333333335,3.0,,3.0,4.0,3.0,3.0
2020,초5,2.0,1.8450694274283452,3.6666666666666665,4.0,,3.0,4.0,4.0,4.0
2020,초5,2.0,1.8450694274283452,2.6666666666666665,2.0,,3.0,3.0,2.0,2.0
2020,초5,2.0,1.8450694274283452,4.0,4.0,,4.0,4.0,4.0,4.0
2020,초5,2.0,1.8450694274283452,3.0,2.0,,3.0,3.0,3.0,2.0
2020,초5,2.0,1.8450694274283452,2.6666666666666665,2.0,,3.0,3.0,2.0,2.0
2020,초5,2.0,1.8450694274283452,3.0,3.0,,3.0,3.0,3.0,3.0
2020,초5,2.0,1.8450694274283452,3.6666666666666665,2.0,,4.0,4.0,3.0,2.0
2020,초5,2.0,1.8450694274283452,3.3333333333333335,3.0,,3.0,4.0,3.0,3.0
2020,초5,2.0,1.8450694274283452,3.3333333333333335,3.0,,3.0,4.0,3.0,3.0
2020,초5,2.0,1.8450694274283452,4.0,4.0,,4.0,4.0,4.0,4.0
2020,초4,1.0,1.0222540789453518,3.3333333333333335,4.0,,3.0,4.0,3.0,4.0
2020,초4,1.0,1.0222540789453518,3.0,3.0,,3.0,4.0,2.0,3.0
2020,초4,1.0,1.0222540789453518,4.0,4.0,,4.0,4.0,4.0,4.0
2020,초4,1.0,1.0222540789453518,3.3333333333333335,3.0,,3.0,4.0,3.0,3.0
2020,초4,1.0,1.0222540789453518,3.3333333333333335,2.0,,3.0,4.0,3.0,2.0
2020,초4,1.0,1.0222540789453518,4.0,4.0,,4.0,4.0,4.0,4.0
2020,초4,1.0,1.0222540789453518,3.3333333333333335,3.0,,3.0,4.0,3.0,3.0
2020,초4,1.0,1.0222540789453518,4.0,4.0,,4.0,4.0,4.0,4.0
2020,초4,1.0,1.0222540789453518,3.3333333333333335,2.0,,4.0,4.0,2.0,2.0
2020,초4,1.0,1.0222540789453518,4.0,3.0,,4.0,4.0,4.0,3.0
2020,초4,2.0,0.9847089366405762,4.0,3.0,,4.0,4.0,4.0,3.0
2020,초4,2.0,0.9847089366405762,3.6666666666666665,3.0,,4.0,4.0,3.0,3.0
2020,초4,2.0,0.9847089366405762,4.0,4.0,,4.0,4.0,4.0,4.0
2020,초4,2.0,0.9847089366405762,4.0,4.0,,4.0,4.0,4.0,4.0
2020,초4,2.0,0.9847089366405762,3.6666666666666665,3.0,,4.0,4.0,3.0,3.0
2020,초4,2.0,0.9847089366405762,4.0,3.0,,4.0,4.0,4.0,3.0
2020,초4,2.0,0.9847089366405762,3.6666666666666665,3.0,,4.0,4.0,3.0,3.0
2020,초4,2.0,0.9847089366405762,3.6666666666666665,3.0,,4.0,3.0,4.0,3.0
2020,초4,2.0,0.9847089366405762,3.3333333333333335,4.0,,4.0,3.0,3.0,4.0
2020,초5,2.0,0.8022040988818891,3.3333333333333335,2.0,,3.0,4.0,3.0,2.0
2020,초5,1.0,1.0905291993890998,2.6666666666666665,3.0,,3.0,3.0,2.0,3.0
2020,초5,1.0,1.0905291993890998,2.6666666666666665,1.0,,2.0,3.0,3.0,1.0
2020,초5,2.0,0.8022040988818891,3.3333333333333335,3.0,,3.0,4.0,3.0,3.0
2020,초5,1.0,1.0905291993890998,2.6666666666666665,1.0,,3.0,3.0,2.0,1.0
2020,초5,2.0,0.8022040988818891,3.0,3.0,,3.0,4.0,2.0,3.0
2020,초5,2.0,0.8022040988818891,3.3333333333333335,4.0,,3.0,4.0,3.0,4.0
2020,초5,1.0,1.0905291993890998,3.6666666666666665,4.0,,3.0,4.0,4.0,4.0
2020,초5,1.0,1.0905291993890998,3.3333333333333335,3.0,,3.0,4.0,3.0,3.0
2020,초5,2.0,0.8022040988818891,3.3333333333333335,3.0,,3.0,4.0,3.0,3.0
2020,초5,1.0,1.0905291993890998,3.3333333333333335,3.0,,3.0,4.0,3.0,3.0
2020,초5,1.0,1.0905291993890998,3.3333333333333335,3.0,,3.0,4.0,3.0,3.0
2020,초5,1.0,1.0905291993890998,3.0,3.0,,2.0,3.0,4.0,3.0
2020,초5,1.0,1.0905291993890998,3.0,3.0,,3.0,3.0,3.0,3.0
2020,초5,2.0,0.8022040988818891,4.0,4.0,,4.0,4.0,4.0,4.0
2020,초5,1.0,1.0905291993890998,3.0,1.0,,2.0,4.0,3.0,1.0
2020,초5,1.0,1.0905291993890998,3.3333333333333335,3.0,,3.0,4.0,3.0,3.0
2020,초5,2.0,0.8022040988818891,3.6666666666666665,4.0,,4.0,4.0,3.0,4.0
2020,초5,2.0,0.8022040988818891,2.6666666666666665,2.0,,3.0,3.0,2.0,2.0
2020,초5,2.0,0.8022040988818891,3.0,3.0,,3.0,3.0,3.0,3.0
2020,초5,1.0,1.0905291993890998,4.0,4.0,,4.0,4.0,4.0,4.0
2020,초5,2.0,0.8022040988818891,3.6666666666666665,3.0,,4.0,4.0,3.0,3.0
2020,초5,1.0,1.0905291993890998,3.3333333333333335,3.0,,3.0,4.0,3.0,3.0
2020,초4,2.0,0.8951899424005237,3.3333333333333335,3.0,,3.0,4.0,3.0,3.0
2020,초4,2.0,0.8951899424005237,3.0,2.0,,4.0,4.0,1.0,2.0
2020,초4,2.0,0.8951899424005237,3.3333333333333335,4.0,,3.0,4.0,3.0,4.0
2020,초4,2.0,0.8951899424005237,3.6666666666666665,4.0,,4.0,4.0,3.0,4.0
2020,초4,2.0,0.8951899424005237,3.0,2.0,,3.0,4.0,2.0,2.0
2020,초4,2.0,0.8951899424005237,2.6666666666666665,2.0,,3.0,3.0,2.0,2.0
2020,초4,2.0,0.8951899424005237,3.6666666666666665,3.0,,4.0,4.0,3.0,3.0
2020,초4,2.0,0.8951899424005237,2.6666666666666665,3.0,,3.0,3.0,2.0,3.0
2020,초4,2.0,0.8951899424005237,3.6666666666666665,3.0,,3.0,4.0,4.0,3.0
2020,초4,2.0,0.8951899424005237,2.6666666666666665,3.0,,3.0,3.0,2.0,3.0
2020,초4,1.0,0.9293218899503197,3.0,2.0,,3.0,3.0,3.0,2.0
2020,초4,1.0,0.9293218899503197,3.6666666666666665,4.0,,3.0,4.0,4.0,4.0
2020,초4,1.0,0.9293218899503197,3.3333333333333335,3.0,,3.0,4.0,3.0,3.0
2020,초4,1.0,0.9293218899503197,3.6666666666666665,3.0,,4.0,4.0,3.0,3.0
2020,초4,1.0,0.9293218899503197,3.3333333333333335,3.0,,3.0,4.0,3.0,3.0
2020,초4,1.0,0.9293218899503197,3.0,3.0,,3.0,3.0,3.0,3.0
2020,초4,1.0,0.9293218899503197,2.6666666666666665,2.0,,3.0,3.0,2.0,2.0
2020,초4,1.0,0.9293218899503197,2.3333333333333335,2.0,,3.0,2.0,2.0,2.0
2020,초4,1.0,0.9293218899503197,2.3333333333333335,2.0,,2.0,3.0,2.0,2.0
2020,초4,1.0,0.9293218899503197,3.0,1.0,,3.0,4.0,2.0,1.0
2020,초4,1.0,0.9293218899503197,3.3333333333333335,3.0,,3.0,4.0,3.0,3.0
2020,초4,1.0,0.9293218899503197,2.3333333333333335,2.0,,2.0,2.0,3.0,2.0
2020,초6,2.0,1.2459678913006629,3.6666666666666665,4.0,,3.0,4.0,4.0,4.0
2020,초6,2.0,1.2459678913006629,4.0,4.0,,4.0,4.0,4.0,4.0
2020,초6,2.0,1.2459678913006629,3.0,3.0,,3.0,3.0,3.0,3.0
2020,초6,2.0,1.2459678913006629,4.0,4.0,,4.0,4.0,4.0,4.0
2020,초6,2.0,1.2459678913006629,3.0,3.0,,3.0,3.0,3.0,3.0
2020,초6,2.0,1.2459678913006629,2.0,2.0,,2.0,3.0,1.0,2.0
2020,초6,2.0,1.2459678913006629,4.0,4.0,,4.0,4.0,4.0,4.0
2020,초6,2.0,1.2459678913006629,3.6666666666666665,4.0,,4.0,4.0,3.0,4.0
2020,초6,1.0,1.0355522728986268,3.3333333333333335,3.0,,3.0,4.0,3.0,3.0
2020,초6,1.0,1.0355522728986268,2.6666666666666665,1.0,,3.0,3.0,2.0,1.0
2020,초6,1.0,1.0355522728986268,3.0,1.0,,3.0,4.0,2.0,1.0
2020,초6,1.0,1.0355522728986268,3.6666666666666665,4.0,,4.0,4.0,3.0,4.0
2020,초6,1.0,1.0355522728986268,3.6666666666666665,3.0,,4.0,4.0,3.0,3.0
2020,초6,1.0,1.0355522728986268,3.6666666666666665,3.0,,4.0,4.0,3.0,3.0
2020,초6,1.0,1.0355522728986268,2.6666666666666665,1.0,,3.0,4.0,1.0,1.0
2020,초6,1.0,1.0355522728986268,3.3333333333333335,3.0,,3.0,4.0,3.0,3.0
2020,초6,1.0,1.0355522728986268,3.3333333333333335,3.0,,3.0,4.0,3.0,3.0
2020,초6,1.0,1.0355522728986268,3.3333333333333335,3.0,,3.0,4.0,3.0,3.0
2020,초6,1.0,1.0355522728986268,3.6666666666666665,4.0,,3.0,4.0,4.0,4.0
2020,초6,1.0,1.0355522728986268,2.3333333333333335,2.0,,2.0,3.0,2.0,2.0
2020,초4,1.0,0.8889165903872622,3.6666666666666665,4.0,,3.0,4.0,4.0,4.0
2020,초4,1.0,0.8889165903872622,3.6666666666666665,4.0,,3.0,4.0,4.0,4.0
2020,초4,1.0,0.8889165903872622,3.6666666666666665,3.0,,4.0,4.0,3.0,3.0
2020,초4,1.0,0.8889165903872622,4.0,4.0,,4.0,4.0,4.0,4.0
2020,초4,1.0,0.8889165903872622,3.6666666666666665,3.0,,4.0,4.0,3.0,3.0
2020,초4,1.0,0.8889165903872622,3.3333333333333335,3.0,,3.0,4.0,3.0,3.0
2020,초4,1.0,0.8889165903872622,3.0,3.0,,3.0,3.0,3.0,3.0
2020,초4,1.0,0.8889165903872622,3.3333333333333335,3.0,,3.0,4.0,3.0,3.0
2020,초4,1.0,0.8889165903872622,3.0,3.0,,3.0,3.0,3.0,3.0
2020,초4,1.0,0.8889165903872622,2.6666666666666665,3.0,,1.0,4.0,3.0,3.0
2020,초4,2.0,0.8562686405570227,3.6666666666666665,4.0,,4.0,4.0,3.0,4.0
2020,초4,2.0,0.8562686405570227,4.0,4.0,,4.0,4.0,4.0,4.0
2020,초4,2.0,0.8562686405570227,3.6666666666666665,4.0,,3.0,4.0,4.0,4.0
2020,초4,2.0,0.8562686405570227,3.0,3.0,,3.0,3.0,3.0,3.0
2020,초4,2.0,0.8562686405570227,4.0,4.0,,4.0,4.0,4.0,4.0
2020,초4,2.0,0.8562686405570227,3.6666666666666665,3.0,,4.0,4.0,3.0,3.0
2020,초4,2.0,0.8562686405570227,3.3333333333333335,4.0,,2.0,4.0,4.0,4.0
2020,초4,2.0,0.8562686405570227,4.0,4.0,,4.0,4.0,4.0,4.0
2020,초4,2.0,0.8562686405570227,3.6666666666666665,4.0,,3.0,4.0,4.0,4.0
2020,초4,2.0,0.8562686405570227,3.6666666666666665,3.0,,4.0,4.0,3.0,3.0
2020,초4,2.0,0.8562686405570227,4.0,4.0,,4.0,4.0,4.0,4.0
2020,초4,2.0,0.8562686405570227,3.3333333333333335,2.0,,3.0,4.0,3.0,2.0
2020,초4,2.0,0.8562686405570227,3.0,3.0,,3.0,3.0,3.0,3.0
2020,초4,1.0,0.5712861598698574,3.3333333333333335,3.0,,3.0,4.0,3.0,3.0
2020,초4,1.0,0.5712861598698574,3.0,3.0,,3.0,3.0,3.0,3.0
2020,초4,1.0,0.5712861598698574,3.0,3.0,,3.0,3.0,3.0,3.0
2020,초4,1.0,0.5712861598698574,3.0,3.0,,3.0,3.0,3.0,3.0
2020,초4,1.0,0.5712861598698574,4.0,4.0,,4.0,4.0,4.0,4.0
2020,초4,1.0,0.5712861598698574,3.0,3.0,,3.0,3.0,3.0,3.0
2020,초4,1.0,0.5712861598698574,3.3333333333333335,3.0,,3.0,4.0,3.0,3.0
2020,초4,1.0,0.5712861598698574,3.0,3.0,,2.0,4.0,3.0,3.0
2020,초4,1.0,0.5712861598698574,3.0,2.0,,3.0,3.0,3.0,2.0
2020,초4,1.0,0.5712861598698574,4.0,4.0,,4.0,4.0,4.0,4.0
2020,초4,1.0,0.5712861598698574,2.6666666666666665,1.0,,3.0,4.0,1.0,1.0
2020,초4,1.0,0.5712861598698574,3.0,3.0,,3.0,3.0,3.0,3.0
2020,초4,1.0,0.5712861598698574,3.6666666666666665,2.0,,4.0,3.0,4.0,2.0
2020,초4,1.0,0.5712861598698574,3.0,4.0,,2.0,3.0,4.0,4.0
2020,초4,1.0,0.5712861598698574,4.0,4.0,,4.0,4.0,4.0,4.0
2020,초4,1.0,0.5712861598698574,4.0,3.0,,4.0,4.0,4.0,3.0
2020,초4,1.0,0.5712861598698574,4.0,4.0,,4.0,4.0,4.0,4.0
2020,초4,1.0,0.5712861598698574,2.0,1.0,,4.0,1.0,1.0,1.0
2020,초4,1.0,0.5712861598698574,4.0,4.0,,4.0,4.0,4.0,4.0
2020,초4,2.0,0.713886100358435,3.3333333333333335,3.0,,4.0,3.0,3.0,3.0
2020,초4,2.0,0.713886100358435,3.0,3.0,,3.0,3.0,3.0,3.0
2020,초4,2.0,0.713886100358435,2.3333333333333335,2.0,,2.0,3.0,2.0,2.0
2020,초4,2.0,0.713886100358435,4.0,4.0,,4.0,4.0,4.0,4.0
2020,초4,2.0,0.713886100358435,3.6666666666666665,3.0,,4.0,4.0,3.0,3.0
2020,초4,2.0,0.713886100358435,3.0,3.0,,3.0,3.0,3.0,3.0
2020,초4,2.0,0.713886100358435,3.0,3.0,,3.0,3.0,3.0,3.0
2020,초4,2.0,0.713886100358435,2.6666666666666665,1.0,,4.0,3.0,1.0,1.0
2020,초4,2.0,0.713886100358435,3.3333333333333335,3.0,,3.0,4.0,3.0,3.0
2020,초4,2.0,0.713886100358435,3.3333333333333335,2.0,,3.0,4.0,3.0,2.0
2020,초4,2.0,0.713886100358435,3.6666666666666665,3.0,,4.0,4.0,3.0,3.0
2020,초4,2.0,0.713886100358435,3.3333333333333335,3.0,,3.0,3.0,4.0,3.0
2020,초4,2.0,0.713886100358435,3.6666666666666665,4.0,,4.0,4.0,3.0,4.0
2020,초4,2.0,0.713886100358435,3.0,3.0,,3.0,3.0,3.0,3.0
2020,초6,1.0,0.9562589714471739,3.3333333333333335,4.0,,3.0,4.0,3.0,4.0
2020,초6,1.0,0.9562589714471739,3.3333333333333335,2.0,,3.0,4.0,3.0,2.0
2020,초6,1.0,0.9562589714471739,3.6666666666666665,3.0,,4.0,4.0,3.0,3.0
2020,초6,1.0,0.9562589714471739,3.0,2.0,,3.0,3.0,3.0,2.0
2020,초6,1.0,0.9562589714471739,2.3333333333333335,2.0,,3.0,3.0,1.0,2.0
2020,초6,1.0,0.9562589714471739,2.6666666666666665,2.0,,3.0,3.0,2.0,2.0
2020,초6,1.0,0.9562589714471739,3.0,1.0,,4.0,3.0,2.0,1.0
2020,초6,1.0,0.9562589714471739,3.3333333333333335,3.0,,3.0,4.0,3.0,3.0
2020,초6,1.0,0.9562589714471739,3.0,3.0,,4.0,3.0,2.0,3.0
2020,초6,1.0,0.9562589714471739,2.6666666666666665,4.0,,3.0,3.0,2.0,4.0
2020,초6,1.0,0.9562589714471739,3.3333333333333335,3.0,,3.0,4.0,3.0,3.0
2020,초6,1.0,0.9562589714471739,3.6666666666666665,3.0,,4.0,4.0,3.0,3.0
2020,초6,1.0,0.9562589714471739,3.6666666666666665,4.0,,3.0,4.0,4.0,4.0
2020,초6,1.0,0.9562589714471739,4.0,4.0,,4.0,4.0,4.0,4.0
2020,초6,2.0,1.0201378403647716,2.6666666666666665,2.0,,2.0,4.0,2.0,2.0
2020,초6,2.0,1.0201378403647716,3.3333333333333335,4.0,,3.0,4.0,3.0,4.0
2020,초6,2.0,1.0201378403647716,3.6666666666666665,2.0,,4.0,4.0,3.0,2.0
2020,초6,2.0,1.0201378403647716,3.0,3.0,,3.0,3.0,3.0,3.0
2020,초6,2.0,1.0201378403647716,4.0,3.0,,4.0,4.0,4.0,3.0
2020,초6,2.0,1.0201378403647716,3.3333333333333335,3.0,,3.0,4.0,3.0,3.0
2020,초6,2.0,1.0201378403647716,3.6666666666666665,3.0,,4.0,4.0,3.0,3.0
2020,초6,2.0,1.0201378403647716,3.3333333333333335,3.0,,3.0,4.0,3.0,3.0
2020,초6,2.0,1.0201378403647716,3.3333333333333335,4.0,,4.0,4.0,2.0,4.0
2020,초6,2.0,1.0201378403647716,4.0,4.0,,4.0,4.0,4.0,4.0
2020,초5,1.0,1.0089757668916957,4.0,4.0,,4.0,4.0,4.0,4.0
2020,초5,1.0,1.0089757668916957,3.3333333333333335,4.0,,3.0,4.0,3.0,4.0
2020,초5,1.0,1.0089757668916957,3.6666666666666665,4.0,,3.0,4.0,4.0,4.0
2020,초5,1.0,1.0089757668916957,2.6666666666666665,4.0,,3.0,3.0,2.0,4.0
2020,초5,1.0,1.0089757668916957,3.3333333333333335,3.0,,3.0,4.0,3.0,3.0
2020,초5,1.0,1.0089757668916957,3.3333333333333335,4.0,,3.0,3.0,4.0,4.0
2020,초5,1.0,1.0089757668916957,3.0,3.0,,3.0,3.0,3.0,3.0
2020,초5,1.0,1.0089757668916957,3.0,2.0,,3.0,3.0,3.0,2.0
2020,초5,1.0,1.0089757668916957,2.6666666666666665,3.0,,3.0,3.0,2.0,3.0
2020,초5,1.0,1.0089757668916957,3.0,3.0,,3.0,3.0,3.0,3.0
2020,초5,1.0,1.0089757668916957,1.3333333333333333,1.0,,1.0,2.0,1.0,1.0
2020,초5,1.0,1.0089757668916957,3.3333333333333335,2.0,,4.0,4.0,2.0,2.0
2020,초5,1.0,1.0089757668916957,2.0,2.0,,1.0,3.0,2.0,2.0
2020,초5,1.0,1.0089757668916957,3.0,2.0,,3.0,3.0,3.0,2.0
2020,초5,1.0,1.0089757668916957,3.3333333333333335,3.0,,3.0,4.0,3.0,3.0
2020,초5,2.0,1.2448107675453974,3.3333333333333335,3.0,,3.0,4.0,3.0,3.0
2020,초5,2.0,1.2448107675453974,2.6666666666666665,2.0,,3.0,3.0,2.0,2.0
2020,초5,2.0,1.2448107675453974,3.3333333333333335,3.0,,3.0,4.0,3.0,3.0
2020,초5,2.0,1.2448107675453974,3.3333333333333335,3.0,,3.0,4.0,3.0,3.0
2020,초5,2.0,1.2448107675453974,3.6666666666666665,3.0,,4.0,4.0,3.0,3.0
2020,초5,2.0,1.2448107675453974,2.3333333333333335,2.0,,3.0,3.0,1.0,2.0
2020,초5,2.0,1.2448107675453974,2.3333333333333335,1.0,,3.0,3.0,1.0,1.0
2020,초5,2.0,1.2448107675453974,3.6666666666666665,3.0,,4.0,4.0,3.0,3.0
2020,초5,2.0,1.2448107675453974,2.6666666666666665,2.0,,3.0,3.0,2.0,2.0
2020,초5,2.0,1.2448107675453974,3.0,1.0,,3.0,4.0,2.0,1.0
2020,초4,1.0,2.308945226371691,3.6666666666666665,3.0,,3.0,4.0,4.0,3.0
2020,초4,1.0,2.308945226371691,4.0,4.0,,4.0,4.0,4.0,4.0
2020,초4,1.0,2.308945226371691,3.0,3.0,,3.0,3.0,3.0,3.0
2020,초4,1.0,2.308945226371691,3.0,3.0,,3.0,3.0,3.0,3.0
2020,초4,1.0,2.308945226371691,3.6666666666666665,3.0,,4.0,4.0,3.0,3.0
2020,초4,1.0,2.308945226371691,3.3333333333333335,3.0,,3.0,4.0,3.0,3.0
2020,초4,1.0,2.308945226371691,3.0,3.0,,3.0,3.0,3.0,3.0
2020,초4,1.0,2.308945226371691,3.3333333333333335,3.0,,3.0,4.0,3.0,3.0
2020,초4,1.0,2.308945226371691,2.6666666666666665,4.0,,3.0,3.0,2.0,4.0
2020,초4,1.0,2.308945226371691,3.6666666666666665,3.0,,3.0,4.0,4.0,3.0
2020,초4,1.0,2.308945226371691,3.3333333333333335,3.0,,3.0,3.0,4.0,3.0
2020,초4,1.0,2.308945226371691,4.0,4.0,,4.0,4.0,4.0,4.0
2020,초4,2.0,2.177369303545363,2.6666666666666665,2.0,,2.0,3.0,3.0,2.0
2020,초4,2.0,2.177369303545363,3.3333333333333335,3.0,,3.0,4.0,3.0,3.0
2020,초4,2.0,2.177369303545363,4.0,3.0,,4.0,4.0,4.0,3.0
2020,초4,2.0,2.177369303545363,3.3333333333333335,2.0,,3.0,4.0,3.0,2.0
2020,초4,2.0,2.177369303545363,3.3333333333333335,3.0,,3.0,4.0,3.0,3.0
2020,초4,2.0,2.177369303545363,3.6666666666666665,4.0,,3.0,4.0,4.0,4.0
2020,초4,2.0,2.177369303545363,2.6666666666666665,2.0,,3.0,3.0,2.0,2.0
2020,초4,2.0,2.177369303545363,4.0,4.0,,4.0,4.0,4.0,4.0
2020,초4,2.0,2.177369303545363,3.3333333333333335,3.0,,3.0,4.0,3.0,3.0
2020,초4,2.0,2.177369303545363,3.0,3.0,,3.0,3.0,3.0,3.0
2020,초4,2.0,2.177369303545363,2.3333333333333335,1.0,,2.0,3.0,2.0,1.0
2020,초4,2.0,2.177369303545363,3.0,3.0,,3.0,3.0,3.0,3.0
2020,초4,2.0,1.3101643576445652,4.0,4.0,,4.0,4.0,4.0,4.0
2020,초4,2.0,1.3101643576445652,3.0,4.0,,4.0,4.0,1.0,4.0
2020,초4,2.0,1.3101643576445652,3.6666666666666665,4.0,,4.0,4.0,3.0,4.0
2020,초4,2.0,1.3101643576445652,3.0,3.0,,3.0,4.0,2.0,3.0
2020,초4,2.0,1.3101643576445652,4.0,4.0,,4.0,4.0,4.0,4.0
2020,초4,2.0,1.3101643576445652,3.3333333333333335,3.0,,3.0,4.0,3.0,3.0
2020,초4,2.0,1.3101643576445652,4.0,4.0,,4.0,4.0,4.0,4.0
2020,초4,2.0,1.3101643576445652,3.3333333333333335,3.0,,3.0,4.0,3.0,3.0
2020,초4,2.0,1.3101643576445652,3.3333333333333335,3.0,,3.0,4.0,3.0,3.0
2020,초4,2.0,1.3101643576445652,3.3333333333333335,4.0,,3.0,3.0,4.0,4.0
2020,초4,1.0,1.5443193393664336,3.6666666666666665,3.0,,4.0,4.0,3.0,3.0
2020,초4,1.0,1.5443193393664336,3.3333333333333335,3.0,,3.0,4.0,3.0,3.0
2020,초4,1.0,1.5443193393664336,1.0,1.0,,1.0,1.0,1.0,1.0
2020,초4,1.0,1.5443193393664336,4.0,4.0,,4.0,4.0,4.0,4.0
2020,초4,1.0,1.5443193393664336,3.6666666666666665,3.0,,4.0,4.0,3.0,3.0
2020,초4,1.0,1.5443193393664336,3.0,3.0,,3.0,3.0,3.0,3.0
2020,초4,1.0,1.5443193393664336,3.6666666666666665,3.0,,4.0,4.0,3.0,3.0
2020,초4,1.0,1.5443193393664336,3.6666666666666665,4.0,,3.0,4.0,4.0,4.0
2020,초4,1.0,1.5443193393664336,3.0,2.0,,3.0,3.0,3.0,2.0
2020,초5,1.0,0.9209842447838001,4.0,4.0,,4.0,4.0,4.0,4.0
2020,초5,1.0,0.9209842447838001,3.0,4.0,,3.0,3.0,3.0,4.0
2020,초5,1.0,0.9209842447838001,3.6666666666666665,4.0,,4.0,4.0,3.0,4.0
2020,초5,1.0,0.9209842447838001,3.0,3.0,,3.0,3.0,3.0,3.0
2020,초5,1.0,0.9209842447838001,2.6666666666666665,2.0,,3.0,3.0,2.0,2.0
2020,초5,1.0,0.9209842447838001,3.0,1.0,,4.0,4.0,1.0,1.0
2020,초5,1.0,0.9209842447838001,3.3333333333333335,3.0,,3.0,4.0,3.0,3.0
2020,초5,1.0,0.9209842447838001,3.6666666666666665,4.0,,4.0,4.0,3.0,4.0
2020,초5,1.0,0.9209842447838001,4.0,4.0,,4.0,4.0,4.0,4.0
2020,초5,1.0,0.9209842447838001,3.3333333333333335,3.0,,3.0,4.0,3.0,3.0
2020,초5,1.0,0.9209842447838001,3.0,3.0,,3.0,3.0,3.0,3.0
2020,초5,1.0,0.9209842447838001,3.0,2.0,,3.0,4.0,2.0,2.0
2020,초5,1.0,0.9209842447838001,2.0,1.0,,3.0,2.0,1.0,1.0
2020,초5,1.0,0.9209842447838001,3.3333333333333335,2.0,,3.0,4.0,3.0,2.0
2020,초5,2.0,1.0772666673561548,2.6666666666666665,3.0,,3.0,3.0,2.0,3.0
2020,초5,2.0,1.0772666673561548,3.0,2.0,,3.0,4.0,2.0,2.0
2020,초5,2.0,1.0772666673561548,3.0,2.0,,3.0,4.0,2.0,2.0
2020,초5,2.0,1.0772666673561548,3.3333333333333335,3.0,,4.0,4.0,2.0,3.0
2020,초5,2.0,1.0772666673561548,3.6666666666666665,3.0,,4.0,4.0,3.0,3.0
2020,초5,2.0,1.0772666673561548,3.6666666666666665,3.0,,4.0,4.0,3.0,3.0
2020,초5,2.0,1.0772666673561548,3.0,3.0,,3.0,3.0,3.0,3.0
2020,초5,2.0,1.0772666673561548,4.0,3.0,,4.0,4.0,4.0,3.0
2020,초5,2.0,1.0772666673561548,3.3333333333333335,3.0,,3.0,4.0,3.0,3.0
2020,초5,2.0,1.0772666673561548,2.3333333333333335,2.0,,2.0,3.0,2.0,2.0
2020,초5,2.0,1.0772666673561548,3.0,2.0,,3.0,4.0,2.0,2.0
2020,초5,2.0,1.0772666673561548,3.0,3.0,,3.0,3.0,3.0,3.0
2020,초5,2.0,1.0772666673561548,3.0,2.0,,3.0,3.0,3.0,2.0
2020,초4,2.0,0.8932789712944429,3.6666666666666665,3.0,,4.0,4.0,3.0,3.0
2020,초4,2.0,0.8932789712944429,3.3333333333333335,4.0,,4.0,3.0,3.0,4.0
2020,초4,2.0,0.8932789712944429,4.0,4.0,,4.0,4.0,4.0,4.0
2020,초4,2.0,0.8932789712944429,3.6666666666666665,4.0,,3.0,4.0,4.0,4.0
2020,초4,2.0,0.8932789712944429,3.3333333333333335,4.0,,3.0,4.0,3.0,4.0
2020,초4,2.0,0.8932789712944429,4.0,4.0,,4.0,4.0,4.0,4.0
2020,초4,2.0,0.8932789712944429,4.0,3.0,,4.0,4.0,4.0,3.0
2020,초4,2.0,0.8932789712944429,3.3333333333333335,3.0,,3.0,4.0,3.0,3.0
2020,초4,2.0,0.8932789712944429,2.6666666666666665,3.0,,2.0,4.0,2.0,3.0
2020,초4,2.0,0.8932789712944429,4.0,4.0,,4.0,4.0,4.0,4.0
2020,초4,2.0,0.8932789712944429,3.6666666666666665,3.0,,4.0,4.0,3.0,3.0
2020,초4,2.0,0.8932789712944429,3.3333333333333335,2.0,,3.0,4.0,3.0,2.0
2020,초4,2.0,0.8932789712944429,3.6666666666666665,4.0,,3.0,4.0,4.0,4.0
2020,초4,2.0,0.8932789712944429,3.3333333333333335,4.0,,3.0,4.0,3.0,4.0
2020,초4,1.0,1.0644517884543714,3.3333333333333335,3.0,,3.0,4.0,3.0,3.0
2020,초4,1.0,1.0644517884543714,3.6666666666666665,3.0,,4.0,4.0,3.0,3.0
2020,초4,1.0,1.0644517884543714,3.0,3.0,,3.0,3.0,3.0,3.0
2020,초4,1.0,1.0644517884543714,3.6666666666666665,4.0,,3.0,4.0,4.0,4.0
2020,초4,1.0,1.0644517884543714,4.0,4.0,,4.0,4.0,4.0,4.0
2020,초4,1.0,1.0644517884543714,2.6666666666666665,2.0,,3.0,3.0,2.0,2.0
2020,초4,1.0,1.0644517884543714,3.3333333333333335,,,4.0,3.0,3.0,
2020,초4,1.0,1.0644517884543714,3.3333333333333335,3.0,,3.0,4.0,3.0,3.0
2020,초4,1.0,1.0644517884543714,4.0,4.0,,4.0,4.0,4.0,4.0
2020,초4,1.0,1.0644517884543714,2.6666666666666665,4.0,,3.0,3.0,2.0,4.0
2020,초4,1.0,0.880925618031204,3.6666666666666665,4.0,,4.0,3.0,4.0,4.0
2020,초4,1.0,0.880925618031204,3.0,3.0,,2.0,4.0,3.0,3.0
2020,초4,1.0,0.880925618031204,4.0,4.0,,4.0,4.0,4.0,4.0
2020,초4,1.0,0.880925618031204,3.0,3.0,,3.0,3.0,3.0,3.0
2020,초4,1.0,0.880925618031204,3.3333333333333335,4.0,,3.0,3.0,4.0,4.0
2020,초4,1.0,0.880925618031204,4.0,4.0,,4.0,4.0,4.0,4.0
2020,초4,1.0,0.880925618031204,2.6666666666666665,3.0,,3.0,3.0,2.0,3.0
2020,초4,1.0,0.880925618031204,3.6666666666666665,4.0,,4.0,4.0,3.0,4.0
2020,초4,1.0,0.880925618031204,4.0,4.0,,4.0,4.0,4.0,4.0
2020,초4,1.0,0.880925618031204,4.0,4.0,,4.0,4.0,4.0,4.0
2020,초4,1.0,0.880925618031204,3.3333333333333335,2.0,,3.0,4.0,3.0,2.0
2020,초4,1.0,0.880925618031204,4.0,4.0,,4.0,4.0,4.0,4.0
2020,초4,1.0,0.880925618031204,4.0,4.0,,4.0,4.0,4.0,4.0
2020,초4,1.0,0.880925618031204,4.0,4.0,,4.0,4.0,4.0,4.0
2020,초4,2.0,0.7392653555540216,4.0,4.0,,4.0,4.0,4.0,4.0
2020,초4,2.0,0.7392653555540216,3.3333333333333335,3.0,,3.0,4.0,3.0,3.0
2020,초4,2.0,0.7392653555540216,3.6666666666666665,3.0,,3.0,4.0,4.0,3.0
2020,초4,2.0,0.7392653555540216,3.0,3.0,,3.0,3.0,3.0,3.0
2020,초4,2.0,0.7392653555540216,3.0,3.0,,3.0,3.0,3.0,3.0
2020,초4,2.0,0.7392653555540216,4.0,4.0,,4.0,4.0,4.0,4.0
2020,초4,2.0,0.7392653555540216,3.0,3.0,,3.0,3.0,3.0,3.0
2020,초4,2.0,0.7392653555540216,4.0,4.0,,4.0,4.0,4.0,4.0
2020,초4,2.0,0.7392653555540216,3.3333333333333335,3.0,,3.0,4.0,3.0,3.0
2020,초4,2.0,0.7392653555540216,4.0,4.0,,4.0,4.0,4.0,4.0
2020,초4,2.0,0.7392653555540216,3.3333333333333335,3.0,,3.0,4.0,3.0,3.0
2020,초4,2.0,0.7392653555540216,4.0,4.0,,4.0,4.0,4.0,4.0
2020,초4,2.0,0.7392653555540216,4.0,4.0,,4.0,4.0,4.0,4.0
2020,초4,2.0,0.7392653555540216,3.6666666666666665,3.0,,4.0,4.0,3.0,3.0
2020,초4,2.0,0.7392653555540216,4.0,4.0,,4.0,4.0,4.0,4.0
2020,초5,1.0,1.036107275381775,3.0,3.0,,3.0,3.0,3.0,3.0
2020,초5,1.0,1.036107275381775,3.3333333333333335,3.0,,3.0,4.0,3.0,3.0
2020,초5,1.0,1.036107275381775,3.6666666666666665,3.0,,4.0,4.0,3.0,3.0
2020,초5,1.0,1.036107275381775,3.6666666666666665,3.0,,3.0,4.0,4.0,3.0
2020,초5,1.0,1.036107275381775,3.3333333333333335,2.0,,3.0,4.0,3.0,2.0
2020,초5,1.0,1.036107275381775,3.3333333333333335,3.0,,3.0,4.0,3.0,3.0
2020,초5,1.0,1.036107275381775,3.0,2.0,,4.0,4.0,1.0,2.0
2020,초5,1.0,1.036107275381775,3.3333333333333335,3.0,,3.0,4.0,3.0,3.0
2020,초5,1.0,1.036107275381775,3.3333333333333335,3.0,,3.0,4.0,3.0,3.0
2020,초5,1.0,1.036107275381775,4.0,4.0,,4.0,4.0,4.0,4.0
2020,초5,1.0,1.036107275381775,3.6666666666666665,3.0,,4.0,4.0,3.0,3.0
2020,초5,2.0,1.2119250007756743,3.6666666666666665,4.0,,4.0,4.0,3.0,4.0
2020,초5,2.0,1.2119250007756743,3.6666666666666665,3.0,,4.0,4.0,3.0,3.0
2020,초5,2.0,1.2119250007756743,3.6666666666666665,4.0,,4.0,4.0,3.0,4.0
2020,초5,2.0,1.2119250007756743,4.0,4.0,,4.0,4.0,4.0,4.0
2020,초5,2.0,1.2119250007756743,3.6666666666666665,4.0,,3.0,4.0,4.0,4.0
2020,초5,2.0,1.2119250007756743,3.0,2.0,,3.0,3.0,3.0,2.0
2020,초5,2.0,1.2119250007756743,4.0,4.0,,4.0,4.0,4.0,4.0
2020,초5,2.0,1.2119250007756743,4.0,4.0,,4.0,4.0,4.0,4.0
2020,초5,2.0,1.2119250007756743,3.3333333333333335,3.0,,3.0,4.0,3.0,3.0
2020,초5,2.0,1.2119250007756743,4.0,4.0,,4.0,4.0,4.0,4.0
2020,초5,2.0,1.2119250007756743,3.6666666666666665,3.0,,4.0,4.0,3.0,3.0
2020,초5,2.0,1.2119250007756743,3.3333333333333335,3.0,,3.0,4.0,3.0,3.0
2020,초5,1.0,2.48665746091626,3.6666666666666665,3.0,,4.0,4.0,3.0,3.0
2020,초5,1.0,2.48665746091626,3.6666666666666665,4.0,,3.0,4.0,4.0,4.0
2020,초5,1.0,2.48665746091626,3.0,2.0,,2.0,4.0,3.0,2.0
2020,초5,1.0,2.48665746091626,3.3333333333333335,3.0,,3.0,4.0,3.0,3.0
2020,초5,1.0,2.48665746091626,4.0,4.0,,4.0,4.0,4.0,4.0
2020,초5,1.0,2.48665746091626,3.0,3.0,,3.0,3.0,3.0,3.0
2020,초5,2.0,2.908620001861618,3.3333333333333335,2.0,,3.0,4.0,3.0,2.0
2020,초5,2.0,2.908620001861618,3.6666666666666665,4.0,,3.0,4.0,4.0,4.0
2020,초5,2.0,2.908620001861618,4.0,4.0,,4.0,4.0,4.0,4.0
2020,초5,2.0,2.908620001861618,3.3333333333333335,3.0,,3.0,4.0,3.0,3.0
2020,초6,2.0,1.2759286910544916,4.0,4.0,,4.0,4.0,4.0,4.0
2020,초6,2.0,1.2759286910544916,3.0,3.0,,3.0,4.0,2.0,3.0
2020,초6,2.0,1.2759286910544916,3.0,3.0,,3.0,3.0,3.0,3.0
2020,초6,2.0,1.2759286910544916,3.3333333333333335,3.0,,3.0,4.0,3.0,3.0
2020,초6,2.0,1.2759286910544916,3.3333333333333335,3.0,,4.0,4.0,2.0,3.0
2020,초6,2.0,1.2759286910544916,3.6666666666666665,3.0,,4.0,4.0,3.0,3.0
2020,초6,2.0,1.2759286910544916,3.3333333333333335,4.0,,4.0,3.0,3.0,4.0
2020,초6,2.0,1.2759286910544916,2.6666666666666665,2.0,,3.0,3.0,2.0,2.0
2020,초6,2.0,1.2759286910544916,2.6666666666666665,1.0,,3.0,3.0,2.0,1.0
2020,초6,1.0,1.210734858343918,3.0,2.0,,4.0,3.0,2.0,2.0
2020,초6,1.0,1.210734858343918,4.0,3.0,,4.0,4.0,4.0,3.0
2020,초6,1.0,1.210734858343918,3.0,1.0,,3.0,4.0,2.0,1.0
2020,초6,1.0,1.210734858343918,4.0,3.0,,4.0,4.0,4.0,3.0
2020,초6,1.0,1.210734858343918,3.6666666666666665,4.0,,4.0,4.0,3.0,4.0
2020,초6,1.0,1.210734858343918,4.0,4.0,,4.0,4.0,4.0,4.0
2020,초6,1.0,1.210734858343918,3.3333333333333335,3.0,,3.0,4.0,3.0,3.0
2020,초6,1.0,1.210734858343918,3.3333333333333335,,,3.0,4.0,3.0,
2020,초6,1.0,1.210734858343918,2.3333333333333335,1.0,,3.0,3.0,1.0,1.0
2020,초6,1.0,1.210734858343918,3.0,3.0,,3.0,3.0,3.0,3.0
2020,초6,1.0,1.210734858343918,3.3333333333333335,2.0,,3.0,4.0,3.0,2.0
2020,초6,1.0,1.210734858343918,3.6666666666666665,4.0,,3.0,4.0,4.0,4.0
2020,초6,1.0,1.210734858343918,3.6666666666666665,4.0,,4.0,4.0,3.0,4.0
2020,초6,1.0,1.210734858343918,3.0,3.0,,3.0,3.0,3.0,3.0
2020,초6,1.0,1.210734858343918,2.3333333333333335,2.0,,3.0,2.0,2.0,2.0
2020,초6,1.0,1.210734858343918,3.0,3.0,,3.0,3.0,3.0,3.0
2020,초5,1.0,0.8574680899711242,3.0,2.0,,3.0,4.0,2.0,2.0
2020,초5,1.0,0.8574680899711242,4.0,4.0,,4.0,4.0,4.0,4.0
2020,초5,1.0,0.8574680899711242,4.0,3.0,,4.0,4.0,4.0,3.0
2020,초5,1.0,0.8574680899711242,3.0,3.0,,3.0,3.0,3.0,3.0
2020,초5,1.0,0.8574680899711242,3.3333333333333335,2.0,,3.0,4.0,3.0,2.0
2020,초5,1.0,0.8574680899711242,3.3333333333333335,3.0,,3.0,4.0,3.0,3.0
2020,초5,1.0,0.8574680899711242,2.6666666666666665,2.0,,3.0,3.0,2.0,2.0
2020,초5,1.0,0.8574680899711242,3.0,2.0,,3.0,3.0,3.0,2.0
2020,초5,1.0,0.8574680899711242,3.6666666666666665,4.0,,3.0,4.0,4.0,4.0
2020,초5,1.0,0.8574680899711242,2.6666666666666665,2.0,,3.0,3.0,2.0,2.0
2020,초5,1.0,0.8574680899711242,3.3333333333333335,3.0,,3.0,4.0,3.0,3.0
2020,초5,1.0,0.8574680899711242,3.0,4.0,,3.0,3.0,3.0,4.0
2020,초5,1.0,0.8574680899711242,4.0,4.0,,4.0,4.0,4.0,4.0
2020,초5,1.0,0.8574680899711242,4.0,4.0,,4.0,4.0,4.0,4.0
2020,초5,1.0,0.8574680899711242,2.6666666666666665,3.0,,3.0,3.0,2.0,3.0
2020,초5,2.0,1.0029724144350407,3.0,4.0,,3.0,3.0,3.0,4.0
2020,초5,2.0,1.0029724144350407,3.3333333333333335,3.0,,3.0,4.0,3.0,3.0
2020,초5,2.0,1.0029724144350407,3.6666666666666665,3.0,,4.0,4.0,3.0,3.0
2020,초5,2.0,1.0029724144350407,3.6666666666666665,4.0,,4.0,4.0,3.0,4.0
2020,초5,2.0,1.0029724144350407,3.3333333333333335,3.0,,3.0,4.0,3.0,3.0
2020,초5,2.0,1.0029724144350407,4.0,3.0,,4.0,4.0,4.0,3.0
2020,초5,2.0,1.0029724144350407,3.6666666666666665,3.0,,3.0,4.0,4.0,3.0
2020,초5,2.0,1.0029724144350407,3.0,3.0,,3.0,3.0,3.0,3.0
2020,초5,2.0,1.0029724144350407,4.0,4.0,,4.0,4.0,4.0,4.0
2020,초5,2.0,1.0029724144350407,4.0,4.0,,4.0,4.0,4.0,4.0
2020,초5,2.0,1.0029724144350407,3.0,4.0,,3.0,3.0,3.0,4.0
2020,초5,2.0,1.0029724144350407,3.6666666666666665,4.0,,4.0,4.0,3.0,4.0
2020,초5,2.0,1.0029724144350407,4.0,4.0,,4.0,4.0,4.0,4.0
2020,초5,2.0,1.0029724144350407,4.0,4.0,,4.0,4.0,4.0,4.0
2020,초6,1.0,1.357045514897934,3.6666666666666665,3.0,,4.0,4.0,3.0,3.0
2020,초6,1.0,1.357045514897934,2.6666666666666665,2.0,,3.0,3.0,2.0,2.0
2020,초6,1.0,1.357045514897934,3.3333333333333335,3.0,,3.0,4.0,3.0,3.0
2020,초6,1.0,1.357045514897934,2.6666666666666665,2.0,,3.0,3.0,2.0,2.0
2020,초6,1.0,1.357045514897934,3.3333333333333335,3.0,,3.0,4.0,3.0,3.0
2020,초6,1.0,1.357045514897934,3.3333333333333335,1.0,,4.0,4.0,2.0,1.0
2020,초6,1.0,1.357045514897934,3.0,3.0,,3.0,3.0,3.0,3.0
2020,초6,1.0,1.357045514897934,3.0,3.0,,3.0,3.0,3.0,3.0
2020,초6,1.0,1.357045514897934,3.3333333333333335,3.0,,3.0,4.0,3.0,3.0
2020,초6,1.0,1.357045514897934,2.6666666666666665,2.0,,3.0,3.0,2.0,2.0
2020,초6,1.0,1.357045514897934,3.0,3.0,,3.0,3.0,3.0,3.0
2020,초6,2.0,1.045261332328757,3.6666666666666665,3.0,,3.0,4.0,4.0,3.0
2020,초6,2.0,1.045261332328757,3.3333333333333335,3.0,,4.0,4.0,2.0,3.0
2020,초6,2.0,1.045261332328757,3.3333333333333335,2.0,,4.0,4.0,2.0,2.0
2020,초6,2.0,1.045261332328757,3.3333333333333335,3.0,,3.0,4.0,3.0,3.0
2020,초6,2.0,1.045261332328757,4.0,3.0,,4.0,4.0,4.0,3.0
2020,초6,2.0,1.045261332328757,3.0,3.0,,3.0,3.0,3.0,3.0
2020,초6,2.0,1.045261332328757,3.0,3.0,,4.0,3.0,2.0,3.0
2020,초6,2.0,1.045261332328757,4.0,3.0,,4.0,4.0,4.0,3.0
2020,초6,2.0,1.045261332328757,3.0,2.0,,3.0,4.0,2.0,2.0
2020,초6,2.0,1.045261332328757,3.0,3.0,,4.0,3.0,2.0,3.0
2020,초6,2.0,1.045261332328757,2.6666666666666665,3.0,,3.0,3.0,2.0,3.0
2020,초6,2.0,1.045261332328757,3.0,2.0,,4.0,3.0,2.0,2.0
2020,초6,2.0,1.045261332328757,3.0,3.0,,4.0,3.0,2.0,3.0
2020,초6,1.0,0.8259875616136649,3.6666666666666665,3.0,,3.0,4.0,4.0,3.0
2020,초6,1.0,0.8259875616136649,3.0,3.0,,3.0,3.0,3.0,3.0
2020,초6,1.0,0.8259875616136649,3.3333333333333335,3.0,,3.0,4.0,3.0,3.0
2020,초6,1.0,0.8259875616136649,2.6666666666666665,2.0,,3.0,3.0,2.0,2.0
2020,초6,1.0,0.8259875616136649,2.6666666666666665,2.0,,3.0,3.0,2.0,2.0
2020,초6,1.0,0.8259875616136649,3.3333333333333335,3.0,,3.0,4.0,3.0,3.0
2020,초6,1.0,0.8259875616136649,3.0,3.0,,3.0,3.0,3.0,3.0
2020,초6,1.0,0.8259875616136649,3.6666666666666665,3.0,,3.0,4.0,4.0,3.0
2020,초6,1.0,0.8259875616136649,3.3333333333333335,3.0,,3.0,4.0,3.0,3.0
2020,초6,1.0,0.8259875616136649,3.3333333333333335,1.0,,4.0,4.0,2.0,1.0
2020,초6,1.0,0.8259875616136649,3.0,2.0,,3.0,4.0,2.0,2.0
2020,초6,1.0,0.8259875616136649,4.0,4.0,,4.0,4.0,4.0,4.0
2020,초6,1.0,0.8259875616136649,3.3333333333333335,3.0,,3.0,4.0,3.0,3.0
2020,초6,2.0,0.8175337735908815,3.3333333333333335,3.0,,3.0,4.0,3.0,3.0
2020,초6,2.0,0.8175337735908815,4.0,3.0,,4.0,4.0,4.0,3.0
2020,초6,2.0,0.8175337735908815,3.6666666666666665,4.0,,4.0,4.0,3.0,4.0
2020,초6,2.0,0.8175337735908815,3.0,3.0,,3.0,3.0,3.0,3.0
2020,초6,2.0,0.8175337735908815,3.0,2.0,,3.0,3.0,3.0,2.0
2020,초6,2.0,0.8175337735908815,2.6666666666666665,1.0,,3.0,3.0,2.0,1.0
2020,초6,2.0,0.8175337735908815,2.3333333333333335,1.0,,3.0,3.0,1.0,1.0
2020,초6,2.0,0.8175337735908815,2.3333333333333335,2.0,,3.0,3.0,1.0,2.0
2020,초6,2.0,0.8175337735908815,3.3333333333333335,4.0,,4.0,3.0,3.0,4.0
2020,초6,2.0,0.8175337735908815,3.3333333333333335,2.0,,3.0,4.0,3.0,2.0
2020,초6,2.0,0.8175337735908815,4.0,4.0,,4.0,4.0,4.0,4.0
2020,초6,2.0,0.8175337735908815,2.6666666666666665,1.0,,3.0,3.0,2.0,1.0
2020,초6,2.0,0.8175337735908815,3.0,2.0,,4.0,3.0,2.0,2.0
2020,초6,2.0,0.8175337735908815,3.0,3.0,,3.0,3.0,3.0,3.0
2020,초6,1.0,0.7714221123416775,3.3333333333333335,3.0,,3.0,4.0,3.0,3.0
2020,초6,1.0,0.7714221123416775,3.3333333333333335,3.0,,3.0,4.0,3.0,3.0
2020,초6,1.0,0.7714221123416775,3.0,3.0,,3.0,3.0,3.0,3.0
2020,초6,1.0,0.7714221123416775,2.3333333333333335,1.0,,3.0,3.0,1.0,1.0
2020,초6,1.0,0.7714221123416775,2.6666666666666665,1.0,,4.0,3.0,1.0,1.0
2020,초6,1.0,0.7714221123416775,2.3333333333333335,2.0,,2.0,3.0,2.0,2.0
2020,초6,1.0,0.7714221123416775,3.3333333333333335,3.0,,3.0,4.0,3.0,3.0
2020,초6,1.0,0.7714221123416775,3.0,2.0,,3.0,3.0,3.0,2.0
2020,초6,1.0,0.7714221123416775,3.0,3.0,,3.0,3.0,3.0,3.0
2020,초6,1.0,0.7714221123416775,3.0,1.0,,3.0,4.0,2.0,1.0
2020,초6,1.0,0.7714221123416775,3.3333333333333335,2.0,,3.0,4.0,3.0,2.0
2020,초6,1.0,0.7714221123416775,3.3333333333333335,4.0,,3.0,4.0,3.0,4.0
2020,초6,1.0,0.7714221123416775,2.6666666666666665,1.0,,3.0,4.0,1.0,1.0
2020,초6,2.0,0.6463600216560915,3.6666666666666665,4.0,,4.0,4.0,3.0,4.0
2020,초6,2.0,0.6463600216560915,3.6666666666666665,3.0,,4.0,4.0,3.0,3.0
2020,초6,2.0,0.6463600216560915,2.6666666666666665,2.0,,3.0,3.0,2.0,2.0
2020,초6,2.0,0.6463600216560915,3.0,3.0,,3.0,3.0,3.0,3.0
2020,초6,2.0,0.6463600216560915,2.6666666666666665,2.0,,4.0,3.0,1.0,2.0
2020,초6,2.0,0.6463600216560915,3.6666666666666665,3.0,,3.0,4.0,4.0,3.0
2020,초6,2.0,0.6463600216560915,3.0,3.0,,3.0,3.0,3.0,3.0
2020,초6,2.0,0.6463600216560915,3.0,2.0,,4.0,4.0,1.0,2.0
2020,초6,2.0,0.6463600216560915,3.0,3.0,,3.0,3.0,3.0,3.0
2020,초6,2.0,0.6463600216560915,3.3333333333333335,3.0,,4.0,4.0,2.0,3.0
2020,초6,2.0,0.6463600216560915,3.6666666666666665,4.0,,4.0,4.0,3.0,4.0
2020,초6,2.0,0.6463600216560915,3.3333333333333335,3.0,,3.0,4.0,3.0,3.0
2020,초6,2.0,0.6463600216560915,3.3333333333333335,3.0,,3.0,4.0,3.0,3.0
2020,초5,1.0,0.5340850630853634,3.6666666666666665,3.0,,4.0,4.0,3.0,3.0
2020,초5,1.0,0.5340850630853634,4.0,3.0,,4.0,4.0,4.0,3.0
2020,초5,1.0,0.5340850630853634,4.0,4.0,,4.0,4.0,4.0,4.0
2020,초5,1.0,0.5340850630853634,3.6666666666666665,4.0,,3.0,4.0,4.0,4.0
2020,초5,1.0,0.5340850630853634,2.6666666666666665,3.0,,3.0,3.0,2.0,3.0
2020,초5,1.0,0.5340850630853634,3.3333333333333335,3.0,,3.0,4.0,3.0,3.0
2020,초5,1.0,0.5340850630853634,3.6666666666666665,4.0,,3.0,4.0,4.0,4.0
2020,초5,1.0,0.5340850630853634,3.6666666666666665,3.0,,3.0,4.0,4.0,3.0
2020,초5,1.0,0.5340850630853634,4.0,4.0,,4.0,4.0,4.0,4.0
2020,초5,2.0,0.3484942932923134,3.0,3.0,,3.0,3.0,3.0,3.0
2020,초5,2.0,0.3484942932923134,3.3333333333333335,3.0,,3.0,4.0,3.0,3.0
2020,초5,2.0,0.3484942932923134,3.3333333333333335,3.0,,4.0,4.0,2.0,3.0
2020,초5,2.0,0.3484942932923134,2.6666666666666665,4.0,,3.0,3.0,2.0,4.0
2020,초5,2.0,0.3484942932923134,3.3333333333333335,3.0,,3.0,4.0,3.0,3.0
2020,초5,2.0,0.3484942932923134,2.6666666666666665,3.0,,2.0,3.0,3.0,3.0
2020,초5,2.0,0.3484942932923134,2.6666666666666665,1.0,,3.0,3.0,2.0,1.0
2020,초5,2.0,0.3484942932923134,3.3333333333333335,3.0,,3.0,4.0,3.0,3.0
2020,초5,2.0,0.3484942932923134,3.3333333333333335,3.0,,3.0,4.0,3.0,3.0
2020,초5,2.0,0.3484942932923134,2.6666666666666665,2.0,,3.0,3.0,2.0,2.0
2020,초5,2.0,0.3484942932923134,2.6666666666666665,2.0,,3.0,3.0,2.0,2.0
2020,초5,2.0,0.3484942932923134,2.6666666666666665,3.0,,2.0,3.0,3.0,3.0
2020,초5,2.0,0.3484942932923134,2.6666666666666665,2.0,,2.0,3.0,3.0,2.0
2020,초5,2.0,0.3484942932923134,3.3333333333333335,3.0,,4.0,3.0,3.0,3.0
2020,초4,1.0,0.9293218899503197,3.6666666666666665,3.0,,4.0,4.0,3.0,3.0
2020,초4,1.0,0.9293218899503197,3.3333333333333335,3.0,,3.0,4.0,3.0,3.0
2020,초4,1.0,0.9293218899503197,3.0,1.0,,3.0,4.0,2.0,1.0
2020,초4,1.0,0.9293218899503197,3.6666666666666665,2.0,,4.0,4.0,3.0,2.0
2020,초4,1.0,0.9293218899503197,3.3333333333333335,4.0,,3.0,3.0,4.0,4.0
2020,초4,1.0,0.9293218899503197,3.3333333333333335,3.0,,4.0,4.0,2.0,3.0
2020,초4,1.0,0.9293218899503197,3.6666666666666665,4.0,,4.0,4.0,3.0,4.0
2020,초4,1.0,0.9293218899503197,2.3333333333333335,1.0,,2.0,3.0,2.0,1.0
2020,초4,1.0,0.9293218899503197,3.3333333333333335,2.0,,3.0,4.0,3.0,2.0
2020,초4,1.0,0.9293218899503197,3.0,3.0,,2.0,3.0,4.0,3.0
2020,초4,1.0,0.9293218899503197,2.0,1.0,,2.0,3.0,1.0,1.0
2020,초4,2.0,0.8951899424005237,3.0,3.0,,3.0,3.0,3.0,3.0
2020,초4,2.0,0.8951899424005237,3.0,3.0,,3.0,3.0,3.0,3.0
2020,초4,2.0,0.8951899424005237,3.3333333333333335,4.0,,3.0,4.0,3.0,4.0
2020,초4,2.0,0.8951899424005237,2.6666666666666665,2.0,,3.0,3.0,2.0,2.0
2020,초4,2.0,0.8951899424005237,3.3333333333333335,4.0,,3.0,4.0,3.0,4.0
2020,초4,2.0,0.8951899424005237,2.3333333333333335,1.0,,2.0,4.0,1.0,1.0
2020,초4,2.0,0.8951899424005237,3.0,2.0,,3.0,4.0,2.0,2.0
2020,초4,2.0,0.8951899424005237,3.3333333333333335,3.0,,3.0,4.0,3.0,3.0
2020,초4,2.0,0.8951899424005237,3.6666666666666665,3.0,,3.0,4.0,4.0,3.0
2020,초4,2.0,0.8951899424005237,3.6666666666666665,3.0,,4.0,4.0,3.0,3.0
2020,초5,1.0,1.2541085792974647,2.6666666666666665,1.0,,3.0,4.0,1.0,1.0
2020,초5,1.0,1.2541085792974647,3.0,1.0,,4.0,4.0,1.0,1.0
2020,초5,1.0,1.2541085792974647,4.0,4.0,,4.0,4.0,4.0,4.0
2020,초5,1.0,1.2541085792974647,3.3333333333333335,3.0,,3.0,4.0,3.0,3.0
2020,초5,1.0,1.2541085792974647,2.6666666666666665,2.0,,3.0,3.0,2.0,2.0
2020,초5,1.0,1.2541085792974647,2.6666666666666665,2.0,,3.0,3.0,2.0,2.0
2020,초5,1.0,1.2541085792974647,2.3333333333333335,1.0,,2.0,4.0,1.0,1.0
2020,초5,1.0,1.2541085792974647,2.6666666666666665,2.0,,3.0,3.0,2.0,2.0
2020,초5,1.0,1.2541085792974647,3.0,3.0,,3.0,3.0,3.0,3.0
2020,초5,1.0,1.2541085792974647,2.6666666666666665,4.0,,3.0,3.0,2.0,4.0
2020,초5,1.0,1.2541085792974647,4.0,4.0,,4.0,4.0,4.0,4.0
2020,초5,2.0,0.9225347137141726,2.6666666666666665,3.0,,2.0,4.0,2.0,3.0
2020,초5,2.0,0.9225347137141726,3.3333333333333335,3.0,,3.0,4.0,3.0,3.0
2020,초5,2.0,0.9225347137141726,3.3333333333333335,3.0,,3.0,4.0,3.0,3.0
2020,초5,2.0,0.9225347137141726,2.6666666666666665,3.0,,3.0,3.0,2.0,3.0
2020,초5,2.0,0.9225347137141726,3.6666666666666665,3.0,,4.0,4.0,3.0,3.0
2020,초5,2.0,0.9225347137141726,2.6666666666666665,2.0,,3.0,3.0,2.0,2.0
2020,초5,2.0,0.9225347137141726,3.0,3.0,,3.0,3.0,3.0,3.0
2020,초5,2.0,0.9225347137141726,3.6666666666666665,3.0,,4.0,4.0,3.0,3.0
2020,초5,2.0,0.9225347137141726,4.0,3.0,,4.0,4.0,4.0,3.0
2020,초5,1.0,1.1943891231404427,2.3333333333333335,2.0,,2.0,3.0,2.0,2.0
2020,초5,1.0,1.1943891231404427,4.0,4.0,,4.0,4.0,4.0,4.0
2020,초5,1.0,1.1943891231404427,3.0,4.0,,3.0,3.0,3.0,4.0
2020,초5,1.0,1.1943891231404427,3.3333333333333335,2.0,,3.0,3.0,4.0,2.0
2020,초5,1.0,1.1943891231404427,2.6666666666666665,3.0,,3.0,3.0,2.0,3.0
2020,초5,1.0,1.1943891231404427,2.6666666666666665,2.0,,3.0,3.0,2.0,2.0
2020,초5,1.0,1.1943891231404427,4.0,4.0,,4.0,4.0,4.0,4.0
2020,초5,1.0,1.1943891231404427,4.0,4.0,,4.0,4.0,4.0,4.0
2020,초5,1.0,1.1943891231404427,3.0,2.0,,2.0,3.0,4.0,2.0
2020,초5,1.0,1.1943891231404427,4.0,4.0,,4.0,4.0,4.0,4.0
2020,초5,1.0,1.1943891231404427,4.0,4.0,,4.0,4.0,4.0,4.0
2020,초5,1.0,1.1943891231404427,3.0,3.0,,3.0,3.0,3.0,3.0
2020,초5,2.0,0.878604489251593,2.6666666666666665,2.0,,3.0,3.0,2.0,2.0
2020,초5,2.0,0.878604489251593,3.3333333333333335,3.0,,3.0,4.0,3.0,3.0
2020,초5,2.0,0.878604489251593,4.0,4.0,,4.0,4.0,4.0,4.0
2020,초5,2.0,0.878604489251593,3.6666666666666665,3.0,,4.0,4.0,3.0,3.0
2020,초5,2.0,0.878604489251593,3.6666666666666665,2.0,,4.0,4.0,3.0,2.0
2020,초5,2.0,0.878604489251593,1.0,1.0,,1.0,1.0,1.0,1.0
2020,초5,2.0,0.878604489251593,4.0,4.0,,4.0,4.0,4.0,4.0
2020,초5,2.0,0.878604489251593,3.6666666666666665,4.0,,4.0,4.0,3.0,4.0
2020,초5,2.0,0.878604489251593,3.0,4.0,,3.0,3.0,3.0,4.0
2020,초6,1.0,0.8284418183189015,3.3333333333333335,3.0,,3.0,4.0,3.0,3.0
2020,초6,1.0,0.8284418183189015,3.0,2.0,,3.0,4.0,2.0,2.0
2020,초6,1.0,0.8284418183189015,2.6666666666666665,2.0,,3.0,3.0,2.0,2.0
2020,초6,1.0,0.8284418183189015,3.0,3.0,,3.0,3.0,3.0,3.0
2020,초6,1.0,0.8284418183189015,3.6666666666666665,2.0,,4.0,4.0,3.0,2.0
2020,초6,1.0,0.8284418183189015,3.0,3.0,,3.0,3.0,3.0,3.0
2020,초6,1.0,0.8284418183189015,3.0,2.0,,3.0,4.0,2.0,2.0
2020,초6,1.0,0.8284418183189015,2.0,1.0,,3.0,2.0,1.0,1.0
2020,초6,1.0,0.8284418183189015,2.6666666666666665,3.0,,3.0,3.0,2.0,3.0
2020,초6,1.0,0.8284418183189015,3.0,1.0,,3.0,4.0,2.0,1.0
2020,초6,1.0,0.8284418183189015,4.0,4.0,,4.0,4.0,4.0,4.0
2020,초6,1.0,0.8284418183189015,2.6666666666666665,1.0,,4.0,3.0,1.0,1.0
2020,초6,1.0,0.8284418183189015,4.0,3.0,,4.0,4.0,4.0,3.0
2020,초6,2.0,0.9967743130405303,3.6666666666666665,3.0,,4.0,4.0,3.0,3.0
2020,초6,2.0,0.9967743130405303,4.0,4.0,,4.0,4.0,4.0,4.0
2020,초6,2.0,0.9967743130405303,3.0,3.0,,3.0,3.0,3.0,3.0
2020,초6,2.0,0.9967743130405303,3.6666666666666665,3.0,,4.0,4.0,3.0,3.0
2020,초6,2.0,0.9967743130405303,3.3333333333333335,3.0,,3.0,4.0,3.0,3.0
2020,초6,2.0,0.9967743130405303,3.0,2.0,,3.0,4.0,2.0,2.0
2020,초6,2.0,0.9967743130405303,3.3333333333333335,3.0,,3.0,4.0,3.0,3.0
2020,초6,2.0,0.9967743130405303,4.0,4.0,,4.0,4.0,4.0,4.0
2020,초6,2.0,0.9967743130405303,3.3333333333333335,3.0,,3.0,4.0,3.0,3.0
2020,초6,2.0,0.9967743130405303,3.6666666666666665,4.0,,3.0,4.0,4.0,4.0
2020,초6,2.0,0.9967743130405303,3.6666666666666665,2.0,,4.0,4.0,3.0,2.0
2020,초6,2.0,0.9967743130405303,3.3333333333333335,3.0,,3.0,4.0,3.0,3.0
2020,초4,1.0,1.1358378654948353,3.0,3.0,,3.0,3.0,3.0,3.0
2020,초4,1.0,1.1358378654948353,2.6666666666666665,3.0,,1.0,4.0,3.0,3.0
2020,초4,1.0,1.1358378654948353,2.3333333333333335,2.0,,2.0,3.0,2.0,2.0
2020,초4,2.0,1.0941210407117514,3.6666666666666665,4.0,,3.0,4.0,4.0,4.0
2020,초4,1.0,1.1358378654948353,3.6666666666666665,3.0,,3.0,4.0,4.0,3.0
2020,초4,1.0,1.1358378654948353,2.6666666666666665,2.0,,3.0,3.0,2.0,2.0
2020,초4,1.0,1.1358378654948353,2.6666666666666665,2.0,,1.0,4.0,3.0,2.0
2020,초4,1.0,1.1358378654948353,3.0,3.0,,3.0,3.0,3.0,3.0
2020,초4,2.0,1.0941210407117514,3.3333333333333335,4.0,,3.0,4.0,3.0,4.0
2020,초4,1.0,1.1358378654948353,3.3333333333333335,3.0,,3.0,4.0,3.0,3.0
2020,초4,2.0,1.0941210407117514,4.0,4.0,,4.0,4.0,4.0,4.0
2020,초4,2.0,1.0941210407117514,4.0,4.0,,4.0,4.0,4.0,4.0
2020,초4,2.0,1.0941210407117514,3.6666666666666665,4.0,,3.0,4.0,4.0,4.0
2020,초4,2.0,1.0941210407117514,3.0,4.0,,2.0,4.0,3.0,4.0
2020,초4,2.0,1.0941210407117514,3.6666666666666665,3.0,,4.0,4.0,3.0,3.0
2020,초4,2.0,1.0941210407117514,3.0,2.0,,3.0,4.0,2.0,2.0
2020,초4,2.0,1.0941210407117514,3.3333333333333335,4.0,,3.0,4.0,3.0,4.0
2020,초4,2.0,1.0941210407117514,3.3333333333333335,3.0,,3.0,4.0,3.0,3.0
2020,초6,1.0,0.7965786714604822,4.0,4.0,,4.0,4.0,4.0,4.0
2020,초6,1.0,0.7965786714604822,2.6666666666666665,2.0,,3.0,3.0,2.0,2.0
2020,초6,1.0,0.7965786714604822,3.3333333333333335,1.0,,4.0,4.0,2.0,1.0
2020,초6,1.0,0.7965786714604822,3.3333333333333335,3.0,,3.0,4.0,3.0,3.0
2020,초6,1.0,0.7965786714604822,4.0,4.0,,4.0,4.0,4.0,4.0
2020,초6,1.0,0.7965786714604822,4.0,4.0,,4.0,4.0,4.0,4.0
2020,초6,1.0,0.7965786714604822,3.6666666666666665,4.0,,3.0,4.0,4.0,4.0
2020,초6,1.0,0.7965786714604822,3.0,3.0,,3.0,3.0,3.0,3.0
2020,초6,2.0,0.9584368394620485,3.0,2.0,,3.0,3.0,3.0,2.0
2020,초6,2.0,0.9584368394620485,4.0,4.0,,4.0,4.0,4.0,4.0
2020,초6,2.0,0.9584368394620485,2.6666666666666665,2.0,,2.0,4.0,2.0,2.0
2020,초6,2.0,0.9584368394620485,4.0,4.0,,4.0,4.0,4.0,4.0
2020,초6,2.0,0.9584368394620485,3.3333333333333335,4.0,,3.0,3.0,4.0,4.0
2020,초6,2.0,0.9584368394620485,3.6666666666666665,3.0,,4.0,4.0,3.0,3.0
2020,초6,2.0,0.9584368394620485,2.3333333333333335,2.0,,3.0,3.0,1.0,2.0
2020,초6,2.0,0.9584368394620485,4.0,4.0,,4.0,4.0,4.0,4.0
2020,초6,2.0,0.9584368394620485,3.3333333333333335,3.0,,3.0,4.0,3.0,3.0
2020,초6,2.0,0.9584368394620485,4.0,3.0,,4.0,4.0,4.0,3.0
2020,초6,2.0,0.9584368394620485,4.0,4.0,,4.0,4.0,4.0,4.0
2020,초6,2.0,0.9584368394620485,3.0,3.0,,3.0,3.0,3.0,3.0
2020,초6,1.0,0.7965786714604822,4.0,3.0,,4.0,4.0,4.0,3.0
2020,초6,1.0,0.7965786714604822,3.3333333333333335,3.0,,3.0,4.0,3.0,3.0
2020,초6,1.0,0.7965786714604822,2.6666666666666665,4.0,,3.0,4.0,1.0,4.0
2020,초6,1.0,0.7965786714604822,3.6666666666666665,3.0,,4.0,4.0,3.0,3.0
2020,초6,1.0,0.7965786714604822,2.0,1.0,,3.0,2.0,1.0,1.0
2020,초6,1.0,0.8629602274155224,3.0,2.0,,3.0,4.0,2.0,2.0
2020,초6,1.0,0.8629602274155224,3.0,3.0,,3.0,4.0,2.0,3.0
2020,초6,1.0,0.8629602274155224,3.6666666666666665,3.0,,3.0,4.0,4.0,3.0
2020,초6,1.0,0.8629602274155224,3.3333333333333335,3.0,,3.0,4.0,3.0,3.0
2020,초6,1.0,0.8629602274155224,3.6666666666666665,3.0,,4.0,4.0,3.0,3.0
2020,초6,1.0,0.8629602274155224,3.0,3.0,,3.0,3.0,3.0,3.0
2020,초6,1.0,0.8629602274155224,3.0,3.0,,3.0,4.0,2.0,3.0
2020,초6,1.0,0.8629602274155224,2.6666666666666665,3.0,,3.0,3.0,2.0,3.0
2020,초6,1.0,0.8629602274155224,3.3333333333333335,3.0,,3.0,4.0,3.0,3.0
2020,초6,1.0,0.8629602274155224,3.3333333333333335,3.0,,3.0,4.0,3.0,3.0
2020,초6,1.0,0.8629602274155224,3.0,3.0,,3.0,3.0,3.0,3.0
2020,초6,1.0,0.8629602274155224,3.0,3.0,,3.0,3.0,3.0,3.0
2020,초6,1.0,0.8629602274155224,2.3333333333333335,1.0,,1.0,4.0,2.0,1.0
2020,초6,1.0,0.8629602274155224,3.3333333333333335,2.0,,3.0,4.0,3.0,2.0
2020,초6,2.0,1.0383065760838859,2.3333333333333335,2.0,,3.0,3.0,1.0,2.0
2020,초6,2.0,1.0383065760838859,3.6666666666666665,4.0,,4.0,4.0,3.0,4.0
2020,초6,2.0,1.0383065760838859,3.0,3.0,,3.0,3.0,3.0,3.0
2020,초6,2.0,1.0383065760838859,3.3333333333333335,3.0,,3.0,4.0,3.0,3.0
2020,초6,2.0,1.0383065760838859,2.6666666666666665,2.0,,3.0,3.0,2.0,2.0
2020,초6,2.0,1.0383065760838859,3.3333333333333335,3.0,,3.0,4.0,3.0,3.0
2020,초6,2.0,1.0383065760838859,3.3333333333333335,3.0,,3.0,4.0,3.0,3.0
2020,초6,2.0,1.0383065760838859,3.0,3.0,,3.0,3.0,3.0,3.0
2020,초6,2.0,1.0383065760838859,3.3333333333333335,3.0,,3.0,4.0,3.0,3.0
2020,초5,1.0,1.6721447723966194,3.0,3.0,,3.0,3.0,3.0,3.0
2020,초5,1.0,1.6721447723966194,3.0,2.0,,4.0,3.0,2.0,2.0
2020,초5,1.0,1.6721447723966194,3.3333333333333335,3.0,,4.0,3.0,3.0,3.0
2020,초5,1.0,1.6721447723966194,3.0,4.0,,3.0,3.0,3.0,4.0
2020,초5,1.0,1.6721447723966194,2.3333333333333335,2.0,,2.0,3.0,2.0,2.0
2020,초5,1.0,1.6721447723966194,3.6666666666666665,3.0,,4.0,4.0,3.0,3.0
2020,초5,1.0,1.6721447723966194,2.6666666666666665,3.0,,3.0,3.0,2.0,3.0
2020,초5,1.0,1.6721447723966194,3.3333333333333335,3.0,,3.0,4.0,3.0,3.0
2020,초5,2.0,1.2300462849522302,3.3333333333333335,3.0,,3.0,4.0,3.0,3.0
2020,초5,2.0,1.2300462849522302,3.3333333333333335,3.0,,3.0,4.0,3.0,3.0
2020,초5,2.0,1.2300462849522302,3.0,3.0,,3.0,3.0,3.0,3.0
2020,초5,2.0,1.2300462849522302,2.6666666666666665,2.0,,3.0,3.0,2.0,2.0
2020,초5,2.0,1.2300462849522302,3.6666666666666665,3.0,,4.0,4.0,3.0,3.0
2020,초5,2.0,1.2300462849522302,3.0,3.0,,3.0,3.0,3.0,3.0
2020,초5,2.0,1.2300462849522302,3.3333333333333335,4.0,,3.0,4.0,3.0,4.0
2020,초6,1.0,0.6903681819324179,3.3333333333333335,2.0,,3.0,4.0,3.0,2.0
2020,초6,1.0,0.6903681819324179,3.3333333333333335,3.0,,3.0,4.0,3.0,3.0
2020,초6,1.0,0.6903681819324179,3.6666666666666665,3.0,,4.0,4.0,3.0,3.0
2020,초6,1.0,0.6903681819324179,2.6666666666666665,1.0,,3.0,3.0,2.0,1.0
2020,초6,1.0,0.6903681819324179,3.0,2.0,,3.0,3.0,3.0,2.0
2020,초6,1.0,0.6903681819324179,3.6666666666666665,2.0,,4.0,4.0,3.0,2.0
2020,초6,1.0,0.6903681819324179,3.3333333333333335,2.0,,3.0,4.0,3.0,2.0
2020,초6,1.0,0.6903681819324179,4.0,4.0,,4.0,4.0,4.0,4.0
2020,초6,1.0,0.6903681819324179,3.0,4.0,,3.0,3.0,3.0,4.0
2020,초6,1.0,0.6903681819324179,3.0,3.0,,3.0,3.0,3.0,3.0
2020,초6,1.0,0.6903681819324179,3.0,2.0,,3.0,3.0,3.0,2.0
2020,초6,1.0,0.6903681819324179,3.3333333333333335,3.0,,3.0,4.0,3.0,3.0
2020,초6,1.0,0.6903681819324179,3.3333333333333335,3.0,,3.0,4.0,3.0,3.0
2020,초6,1.0,0.6903681819324179,3.3333333333333335,3.0,,3.0,4.0,3.0,3.0
2020,초6,1.0,0.6903681819324179,3.0,3.0,,3.0,3.0,3.0,3.0
2020,초6,1.0,0.6903681819324179,3.3333333333333335,2.0,,3.0,4.0,3.0,2.0
2020,초6,1.0,0.6903681819324179,2.6666666666666665,1.0,,3.0,3.0,2.0,1.0
2020,초6,2.0,0.8306452608671085,4.0,4.0,,4.0,4.0,4.0,4.0
2020,초6,2.0,0.8306452608671085,3.6666666666666665,3.0,,4.0,4.0,3.0,3.0
2020,초6,2.0,0.8306452608671085,3.3333333333333335,4.0,,3.0,3.0,4.0,4.0
2020,초6,2.0,0.8306452608671085,3.6666666666666665,3.0,,3.0,4.0,4.0,3.0
2020,초6,2.0,0.8306452608671085,3.0,1.0,,3.0,4.0,2.0,1.0
2020,초6,2.0,0.8306452608671085,3.3333333333333335,3.0,,3.0,4.0,3.0,3.0
2020,초6,2.0,0.8306452608671085,3.3333333333333335,3.0,,3.0,4.0,3.0,3.0
2020,초6,2.0,0.8306452608671085,3.6666666666666665,4.0,,3.0,4.0,4.0,4.0
2020,초6,2.0,0.8306452608671085,3.3333333333333335,2.0,,4.0,4.0,2.0,2.0
2020,초6,2.0,0.8306452608671085,4.0,4.0,,4.0,4.0,4.0,4.0
2020,초6,2.0,0.8306452608671085,3.3333333333333335,2.0,,3.0,4.0,3.0,2.0
2020,초6,2.0,0.8306452608671085,3.6666666666666665,4.0,,3.0,4.0,4.0,4.0
2020,초6,2.0,0.8306452608671085,3.0,3.0,,3.0,3.0,3.0,3.0
2020,초5,1.0,1.3201142939973312,3.6666666666666665,2.0,,4.0,4.0,3.0,2.0
2020,초5,1.0,1.3201142939973312,3.0,3.0,,3.0,4.0,2.0,3.0
2020,초5,1.0,1.3201142939973312,4.0,4.0,,4.0,4.0,4.0,4.0
2020,초5,1.0,1.3201142939973312,3.6666666666666665,4.0,,3.0,4.0,4.0,4.0
2020,초5,1.0,1.3201142939973312,3.6666666666666665,3.0,,3.0,4.0,4.0,3.0
2020,초5,1.0,1.3201142939973312,3.3333333333333335,4.0,,4.0,3.0,3.0,4.0
2020,초5,1.0,1.3201142939973312,3.0,3.0,,3.0,3.0,3.0,3.0
2020,초5,2.0,0.9710891723307079,3.3333333333333335,3.0,,3.0,4.0,3.0,3.0
2020,초5,2.0,0.9710891723307079,4.0,4.0,,4.0,4.0,4.0,4.0
2020,초5,2.0,0.9710891723307079,3.0,3.0,,3.0,3.0,3.0,3.0
2020,초5,2.0,0.9710891723307079,4.0,4.0,,4.0,4.0,4.0,4.0
2020,초5,2.0,0.9710891723307079,2.6666666666666665,2.0,,3.0,4.0,1.0,2.0
2020,초5,2.0,0.9710891723307079,3.3333333333333335,3.0,,3.0,4.0,3.0,3.0
2020,초5,2.0,0.9710891723307079,3.6666666666666665,4.0,,4.0,4.0,3.0,4.0
2020,초5,2.0,0.9710891723307079,3.6666666666666665,4.0,,3.0,4.0,4.0,4.0
2020,초5,2.0,0.9710891723307079,3.6666666666666665,4.0,,3.0,4.0,4.0,4.0
2020,초5,2.0,0.9710891723307079,3.3333333333333335,3.0,,3.0,4.0,3.0,3.0
2020,초5,2.0,0.9710891723307079,3.3333333333333335,3.0,,3.0,4.0,3.0,3.0
2020,초5,2.0,0.9710891723307079,4.0,4.0,,4.0,4.0,4.0,4.0
2020,초6,1.0,0.9862402599034542,3.3333333333333335,3.0,,3.0,4.0,3.0,3.0
2020,초6,1.0,0.9862402599034542,3.0,3.0,,3.0,3.0,3.0,3.0
2020,초6,1.0,0.9862402599034542,3.0,3.0,,3.0,3.0,3.0,3.0
2020,초6,1.0,0.9862402599034542,3.3333333333333335,2.0,,3.0,4.0,3.0,2.0
2020,초6,1.0,0.9862402599034542,3.6666666666666665,3.0,,4.0,4.0,3.0,3.0
2020,초6,1.0,0.9862402599034542,3.6666666666666665,3.0,,3.0,4.0,4.0,3.0
2020,초6,1.0,0.9862402599034542,3.0,3.0,,3.0,3.0,3.0,3.0
2020,초6,1.0,0.9862402599034542,3.6666666666666665,4.0,,4.0,4.0,3.0,4.0
2020,초6,1.0,0.9862402599034542,3.6666666666666665,4.0,,3.0,4.0,4.0,4.0
2020,초6,2.0,1.1866360869530124,4.0,4.0,,4.0,4.0,4.0,4.0
2020,초6,2.0,1.1866360869530124,3.6666666666666665,4.0,,4.0,4.0,3.0,4.0
2020,초6,2.0,1.1866360869530124,3.3333333333333335,3.0,,3.0,4.0,3.0,3.0
2020,초6,2.0,1.1866360869530124,4.0,3.0,,4.0,4.0,4.0,3.0
2020,초6,2.0,1.1866360869530124,3.6666666666666665,3.0,,4.0,4.0,3.0,3.0
2020,초6,2.0,1.1866360869530124,3.3333333333333335,3.0,,3.0,4.0,3.0,3.0
2020,초6,2.0,1.1866360869530124,3.3333333333333335,3.0,,3.0,4.0,3.0,3.0
2020,초6,2.0,1.1866360869530124,4.0,4.0,,4.0,4.0,4.0,4.0
2020,초6,2.0,1.1866360869530124,3.0,3.0,,3.0,3.0,3.0,3.0
2020,초6,2.0,1.1866360869530124,2.6666666666666665,2.0,,3.0,3.0,2.0,2.0
2020,초6,2.0,1.1866360869530124,4.0,4.0,,4.0,4.0,4.0,4.0
2020,초4,1.0,0.8178032631562814,2.6666666666666665,2.0,,2.0,4.0,2.0,2.0
2020,초4,1.0,0.8178032631562814,3.6666666666666665,3.0,,4.0,3.0,4.0,3.0
2020,초4,1.0,0.8178032631562814,3.0,3.0,,3.0,3.0,3.0,3.0
2020,초4,1.0,0.8178032631562814,3.6666666666666665,4.0,,4.0,4.0,3.0,4.0
2020,초4,1.0,0.8178032631562814,2.3333333333333335,3.0,,2.0,3.0,2.0,3.0
2020,초4,1.0,0.8178032631562814,3.3333333333333335,3.0,,3.0,4.0,3.0,3.0
2020,초4,1.0,0.8178032631562814,2.6666666666666665,1.0,,3.0,4.0,1.0,1.0
2020,초4,1.0,0.8178032631562814,3.3333333333333335,4.0,,3.0,4.0,3.0,4.0
2020,초4,1.0,0.8178032631562814,3.6666666666666665,4.0,,3.0,4.0,4.0,4.0
2020,초4,1.0,0.8178032631562814,3.6666666666666665,4.0,,3.0,4.0,4.0,4.0
2020,초4,1.0,0.8178032631562814,2.3333333333333335,3.0,,3.0,3.0,1.0,3.0
2020,초4,1.0,0.8178032631562814,3.6666666666666665,4.0,,4.0,4.0,3.0,4.0
2020,초4,2.0,0.787767149312461,4.0,3.0,,4.0,4.0,4.0,3.0
2020,초4,2.0,0.787767149312461,3.0,3.0,,3.0,3.0,3.0,3.0
2020,초4,2.0,0.787767149312461,3.0,2.0,,3.0,3.0,3.0,2.0
2020,초4,2.0,0.787767149312461,3.6666666666666665,4.0,,4.0,4.0,3.0,4.0
2020,초4,2.0,0.787767149312461,4.0,4.0,,4.0,4.0,4.0,4.0
2020,초4,2.0,0.787767149312461,3.6666666666666665,4.0,,3.0,4.0,4.0,4.0
2020,초4,2.0,0.787767149312461,3.3333333333333335,4.0,,3.0,4.0,3.0,4.0
2020,초4,2.0,0.787767149312461,4.0,4.0,,4.0,4.0,4.0,4.0
2020,초4,2.0,0.787767149312461,3.0,3.0,,3.0,3.0,3.0,3.0
2020,초4,2.0,0.787767149312461,3.6666666666666665,4.0,,4.0,4.0,3.0,4.0
2020,초4,2.0,0.787767149312461,3.0,4.0,,3.0,4.0,2.0,4.0
2020,초5,1.0,1.29563844274282,4.0,2.0,,4.0,4.0,4.0,2.0
2020,초5,1.0,1.29563844274282,3.0,4.0,,4.0,3.0,2.0,4.0
2020,초5,1.0,1.29563844274282,3.6666666666666665,4.0,,4.0,4.0,3.0,4.0
2020,초5,1.0,1.29563844274282,4.0,4.0,,4.0,4.0,4.0,4.0
2020,초5,1.0,1.29563844274282,3.3333333333333335,4.0,,3.0,4.0,3.0,4.0
2020,초5,1.0,1.29563844274282,3.3333333333333335,2.0,,3.0,4.0,3.0,2.0
2020,초5,1.0,1.29563844274282,3.3333333333333335,3.0,,3.0,4.0,3.0,3.0
2020,초5,1.0,1.29563844274282,3.6666666666666665,3.0,,3.0,4.0,4.0,3.0
2020,초5,1.0,1.29563844274282,2.6666666666666665,3.0,,2.0,3.0,3.0,3.0
2020,초5,1.0,1.29563844274282,3.3333333333333335,3.0,,3.0,4.0,3.0,3.0
2020,초5,1.0,1.29563844274282,4.0,4.0,,4.0,4.0,4.0,4.0
2020,초5,1.0,1.29563844274282,3.6666666666666665,4.0,,3.0,4.0,4.0,4.0
2020,초5,2.0,1.0525389247943768,2.6666666666666665,3.0,,3.0,3.0,2.0,3.0
2020,초5,2.0,1.0525389247943768,3.6666666666666665,3.0,,4.0,4.0,3.0,3.0
2020,초5,2.0,1.0525389247943768,4.0,3.0,,4.0,4.0,4.0,3.0
2020,초5,2.0,1.0525389247943768,4.0,3.0,,4.0,4.0,4.0,3.0
2020,초5,2.0,1.0525389247943768,3.0,3.0,,3.0,3.0,3.0,3.0
2020,초5,2.0,1.0525389247943768,3.0,3.0,,3.0,4.0,2.0,3.0
2020,초5,2.0,1.0525389247943768,3.3333333333333335,3.0,,3.0,4.0,3.0,3.0
2020,초5,2.0,1.0525389247943768,3.6666666666666665,3.0,,3.0,4.0,4.0,3.0
2020,초5,2.0,1.0525389247943768,4.0,3.0,,4.0,4.0,4.0,3.0
2020,초5,2.0,1.0525389247943768,4.0,4.0,,4.0,4.0,4.0,4.0
2020,초5,2.0,1.0525389247943768,3.6666666666666665,3.0,,4.0,4.0,3.0,3.0
2020,초4,1.0,3.2925813591136746,3.6666666666666665,4.0,,3.0,4.0,4.0,4.0
2020,초4,1.0,3.2925813591136746,3.3333333333333335,3.0,,3.0,4.0,3.0,3.0
2020,초4,1.0,3.2925813591136746,3.3333333333333335,4.0,,3.0,4.0,3.0,4.0
2020,초4,1.0,3.2925813591136746,3.0,3.0,,3.0,3.0,3.0,3.0
2020,초4,2.0,1.7517181614989004,3.3333333333333335,4.0,,3.0,3.0,4.0,4.0
2020,초4,1.0,3.2925813591136746,3.6666666666666665,3.0,,4.0,4.0,3.0,3.0
2020,초4,1.0,3.2925813591136746,3.6666666666666665,3.0,,4.0,4.0,3.0,3.0
2020,초4,2.0,1.7517181614989004,3.0,1.0,,3.0,4.0,2.0,1.0
2020,초4,2.0,1.7517181614989004,2.3333333333333335,2.0,,3.0,3.0,1.0,2.0
2020,초4,2.0,1.7517181614989004,3.0,4.0,,3.0,3.0,3.0,4.0
2020,초4,2.0,1.7517181614989004,3.0,2.0,,3.0,4.0,2.0,2.0
2020,초4,2.0,1.7517181614989004,2.6666666666666665,3.0,,3.0,3.0,2.0,3.0
2020,초4,2.0,1.7517181614989004,3.3333333333333335,3.0,,3.0,4.0,3.0,3.0
2020,초4,2.0,1.7517181614989004,3.0,3.0,,3.0,3.0,3.0,3.0
2020,초4,2.0,1.7517181614989004,3.3333333333333335,4.0,,3.0,4.0,3.0,4.0
2020,초4,2.0,1.7517181614989004,3.3333333333333335,3.0,,3.0,3.0,4.0,3.0
2020,초4,2.0,1.7517181614989004,3.6666666666666665,3.0,,4.0,4.0,3.0,3.0
2020,초4,2.0,1.7517181614989004,3.6666666666666665,4.0,,3.0,4.0,4.0,4.0
2020,초4,2.0,1.7517181614989004,3.6666666666666665,3.0,,4.0,4.0,3.0,3.0
2020,초4,2.0,1.7517181614989004,3.0,3.0,,3.0,3.0,3.0,3.0
2020,초4,1.0,3.2925813591136746,4.0,4.0,,4.0,4.0,4.0,4.0
2020,초4,1.0,3.2925813591136746,3.3333333333333335,3.0,,3.0,4.0,3.0,3.0
2020,초6,1.0,0.9963326970414099,3.0,3.0,,3.0,3.0,3.0,3.0
2020,초6,1.0,0.9963326970414099,3.3333333333333335,3.0,,4.0,3.0,3.0,3.0
2020,초6,1.0,0.9963326970414099,2.6666666666666665,2.0,,3.0,3.0,2.0,2.0
2020,초6,1.0,0.9963326970414099,3.0,3.0,,3.0,3.0,3.0,3.0
2020,초6,1.0,0.9963326970414099,3.6666666666666665,3.0,,4.0,4.0,3.0,3.0
2020,초6,1.0,0.9963326970414099,1.6666666666666667,1.0,,3.0,1.0,1.0,1.0
2020,초6,1.0,0.9963326970414099,3.0,2.0,,3.0,4.0,2.0,2.0
2020,초6,1.0,0.9963326970414099,3.0,3.0,,3.0,3.0,3.0,3.0
2020,초6,2.0,1.0879206625433673,3.6666666666666665,4.0,,4.0,4.0,3.0,4.0
2020,초6,2.0,1.0879206625433673,3.0,3.0,,3.0,3.0,3.0,3.0
2020,초6,2.0,1.0879206625433673,3.6666666666666665,3.0,,4.0,4.0,3.0,3.0
2020,초6,2.0,1.0879206625433673,3.0,3.0,,3.0,4.0,2.0,3.0
2020,초6,2.0,1.0879206625433673,3.3333333333333335,3.0,,3.0,4.0,3.0,3.0
2020,초6,2.0,1.0879206625433673,2.6666666666666665,1.0,,3.0,3.0,2.0,1.0
2020,초6,2.0,1.0879206625433673,2.6666666666666665,1.0,,3.0,3.0,2.0,1.0
2020,초6,2.0,1.0879206625433673,3.3333333333333335,4.0,,2.0,4.0,4.0,4.0
2020,초6,2.0,1.0879206625433673,3.0,2.0,,3.0,3.0,3.0,2.0
2020,초6,2.0,1.0879206625433673,3.6666666666666665,3.0,,4.0,4.0,3.0,3.0
2020,초6,2.0,1.0879206625433673,4.0,4.0,,4.0,4.0,4.0,4.0
2020,초6,2.0,1.0879206625433673,3.3333333333333335,2.0,,3.0,4.0,3.0,2.0
2020,초6,1.0,0.9963326970414099,2.6666666666666665,3.0,,3.0,3.0,2.0,3.0
2020,초6,1.0,0.9963326970414099,3.0,2.0,,3.0,3.0,3.0,2.0
2020,초6,1.0,0.9963326970414099,3.3333333333333335,3.0,,3.0,4.0,3.0,3.0
2020,초6,1.0,0.9963326970414099,3.3333333333333335,3.0,,3.0,4.0,3.0,3.0
2020,초6,1.0,0.9963326970414099,3.0,3.0,,4.0,3.0,2.0,3.0
2020,초6,1.0,0.9963326970414099,2.3333333333333335,2.0,,2.0,4.0,1.0,2.0
2020,초6,1.0,0.9963326970414099,3.6666666666666665,3.0,,4.0,4.0,3.0,3.0
2020,초6,1.0,0.9963326970414099,2.6666666666666665,1.0,,4.0,3.0,1.0,1.0
2020,초6,1.0,0.9963326970414099,2.0,1.0,,2.0,3.0,1.0,1.0
2020,초6,1.0,0.9963326970414099,3.3333333333333335,2.0,,3.0,4.0,3.0,2.0
2020,초6,1.0,0.9963326970414099,3.0,3.0,,3.0,3.0,3.0,3.0
2020,초6,1.0,0.9963326970414099,3.0,3.0,,3.0,3.0,3.0,3.0
2020,초6,1.0,0.9963326970414099,3.6666666666666665,4.0,,4.0,4.0,3.0,4.0
2020,초6,1.0,0.9963326970414099,2.3333333333333335,2.0,,2.0,3.0,2.0,2.0
2020,초6,1.0,0.9963326970414099,4.0,4.0,,4.0,4.0,4.0,4.0
2020,초6,1.0,0.9963326970414099,3.6666666666666665,4.0,,3.0,4.0,4.0,4.0
2020,초6,1.0,0.9963326970414099,3.3333333333333335,4.0,,3.0,3.0,4.0,4.0
2020,초6,1.0,0.9963326970414099,2.6666666666666665,2.0,,3.0,3.0,2.0,2.0
2020,초6,1.0,0.9963326970414099,2.3333333333333335,2.0,,2.0,3.0,2.0,2.0
2020,초6,1.0,0.9963326970414099,3.3333333333333335,3.0,,3.0,4.0,3.0,3.0
2020,초6,1.0,0.9963326970414099,3.3333333333333335,3.0,,3.0,4.0,3.0,3.0
2020,초6,2.0,1.0879206625433673,3.3333333333333335,4.0,,3.0,3.0,4.0,4.0
2020,초6,2.0,1.0879206625433673,3.0,3.0,,2.0,4.0,3.0,3.0
2020,초6,2.0,1.0879206625433673,3.3333333333333335,3.0,,3.0,4.0,3.0,3.0
2020,초6,2.0,1.0879206625433673,3.3333333333333335,3.0,,3.0,4.0,3.0,3.0
2020,초6,2.0,1.0879206625433673,3.0,3.0,,3.0,4.0,2.0,3.0
2020,초6,2.0,1.0879206625433673,3.6666666666666665,3.0,,4.0,4.0,3.0,3.0
2020,초6,2.0,1.0879206625433673,4.0,3.0,,4.0,4.0,4.0,3.0
2020,초6,2.0,1.0879206625433673,3.3333333333333335,2.0,,3.0,4.0,3.0,2.0
2020,초6,2.0,1.0879206625433673,3.0,3.0,,3.0,3.0,3.0,3.0
2020,초6,2.0,1.0879206625433673,4.0,4.0,,4.0,4.0,4.0,4.0
2020,초6,2.0,1.0879206625433673,3.0,3.0,,3.0,3.0,3.0,3.0
2020,초6,2.0,1.0879206625433673,3.0,2.0,,3.0,4.0,2.0,2.0
2020,초6,2.0,1.0879206625433673,3.6666666666666665,4.0,,4.0,4.0,3.0,4.0
2020,초5,2.0,1.2104197635135334,3.3333333333333335,2.0,,3.0,4.0,3.0,2.0
2020,초5,2.0,1.2104197635135334,3.6666666666666665,4.0,,3.0,4.0,4.0,4.0
2020,초5,1.0,1.4899842091542432,2.6666666666666665,3.0,,2.0,4.0,2.0,3.0
2020,초5,1.0,1.4899842091542432,3.3333333333333335,3.0,,3.0,4.0,3.0,3.0
2020,초5,1.0,1.4899842091542432,4.0,4.0,,4.0,4.0,4.0,4.0
2020,초5,1.0,1.4899842091542432,3.3333333333333335,3.0,,3.0,4.0,3.0,3.0
2020,초5,1.0,1.4899842091542432,4.0,3.0,,4.0,4.0,4.0,3.0
2020,초5,1.0,1.4899842091542432,3.6666666666666665,3.0,,3.0,4.0,4.0,3.0
2020,초5,1.0,1.4899842091542432,4.0,4.0,,4.0,4.0,4.0,4.0
2020,초5,1.0,1.4899842091542432,4.0,4.0,,4.0,4.0,4.0,4.0
2020,초5,2.0,1.2104197635135334,3.3333333333333335,3.0,,3.0,4.0,3.0,3.0
2020,초5,2.0,1.2104197635135334,3.0,4.0,,3.0,3.0,3.0,4.0
2020,초5,2.0,1.2104197635135334,4.0,4.0,,4.0,4.0,4.0,4.0
2020,초5,2.0,1.2104197635135334,3.3333333333333335,3.0,,3.0,4.0,3.0,3.0
2020,초5,2.0,1.2104197635135334,4.0,4.0,,4.0,4.0,4.0,4.0
2020,초5,2.0,1.2104197635135334,3.3333333333333335,4.0,,3.0,3.0,4.0,4.0
2020,초5,2.0,1.2104197635135334,3.6666666666666665,4.0,,3.0,4.0,4.0,4.0
2020,초5,2.0,1.2104197635135334,3.3333333333333335,4.0,,3.0,4.0,3.0,4.0
2020,초5,2.0,1.2104197635135334,3.3333333333333335,4.0,,3.0,4.0,3.0,4.0
2020,초5,2.0,1.2104197635135334,3.3333333333333335,2.0,,3.0,4.0,3.0,2.0
2020,초5,1.0,0.7271549998399748,3.6666666666666665,4.0,,3.0,4.0,4.0,4.0
2020,초5,1.0,0.7271549998399748,3.6666666666666665,3.0,,4.0,4.0,3.0,3.0
2020,초5,1.0,0.7271549998399748,2.3333333333333335,2.0,,3.0,2.0,2.0,2.0
2020,초5,1.0,0.7271549998399748,3.0,3.0,,3.0,3.0,3.0,3.0
2020,초5,1.0,0.7271549998399748,2.6666666666666665,2.0,,3.0,3.0,2.0,2.0
2020,초5,1.0,0.7271549998399748,3.0,3.0,,3.0,3.0,3.0,3.0
2020,초5,1.0,0.7271549998399748,4.0,4.0,,4.0,4.0,4.0,4.0
2020,초5,1.0,0.7271549998399748,3.3333333333333335,3.0,,3.0,4.0,3.0,3.0
2020,초5,1.0,0.7271549998399748,3.3333333333333335,3.0,,4.0,3.0,3.0,3.0
2020,초5,1.0,0.7271549998399748,3.0,2.0,,3.0,3.0,3.0,2.0
2020,초5,1.0,0.7271549998399748,3.0,3.0,,3.0,3.0,3.0,3.0
2020,초5,1.0,0.7271549998399748,3.0,3.0,,3.0,3.0,3.0,3.0
2020,초5,1.0,0.7271549998399748,3.3333333333333335,2.0,,4.0,4.0,2.0,2.0
2020,초5,1.0,0.7271549998399748,3.3333333333333335,3.0,,3.0,4.0,3.0,3.0
2020,초5,1.0,0.7271549998399748,3.3333333333333335,4.0,,3.0,4.0,3.0,4.0
2020,초5,1.0,0.7271549998399748,3.6666666666666665,4.0,,3.0,4.0,4.0,4.0
2020,초5,1.0,0.7271549998399748,3.6666666666666665,3.0,,4.0,4.0,3.0,3.0
2020,초5,2.0,0.5221324857429643,3.0,3.0,,3.0,3.0,3.0,3.0
2020,초5,2.0,0.5221324857429643,4.0,4.0,,4.0,4.0,4.0,4.0
2020,초5,2.0,0.5221324857429643,3.3333333333333335,3.0,,3.0,4.0,3.0,3.0
2020,초5,2.0,0.5221324857429643,3.6666666666666665,3.0,,4.0,4.0,3.0,3.0
2020,초5,2.0,0.5221324857429643,3.6666666666666665,4.0,,3.0,4.0,4.0,4.0
2020,초5,2.0,0.5221324857429643,3.6666666666666665,4.0,,4.0,4.0,3.0,4.0
2020,초5,2.0,0.5221324857429643,3.3333333333333335,3.0,,3.0,4.0,3.0,3.0
2020,초5,2.0,0.5221324857429643,4.0,4.0,,4.0,4.0,4.0,4.0
2020,초5,2.0,0.5221324857429643,3.3333333333333335,3.0,,3.0,4.0,3.0,3.0
2020,초5,2.0,0.5221324857429643,4.0,4.0,,4.0,4.0,4.0,4.0
2020,초5,2.0,0.5221324857429643,3.0,3.0,,3.0,3.0,3.0,3.0
2020,초5,2.0,0.5221324857429643,3.3333333333333335,2.0,,4.0,3.0,3.0,2.0
2020,초5,2.0,0.5221324857429643,3.6666666666666665,3.0,,4.0,4.0,3.0,3.0
2020,초5,2.0,0.5221324857429643,3.0,3.0,,3.0,3.0,3.0,3.0
2020,초5,2.0,0.5221324857429643,3.3333333333333335,4.0,,3.0,3.0,4.0,4.0
2020,초5,2.0,0.5221324857429643,3.0,2.0,,3.0,3.0,3.0,2.0
2020,초5,2.0,0.5221324857429643,3.6666666666666665,3.0,,4.0,4.0,3.0,3.0
2020,초5,2.0,0.5221324857429643,3.6666666666666665,3.0,,4.0,4.0,3.0,3.0
2020,초5,2.0,0.5221324857429643,3.6666666666666665,4.0,,4.0,4.0,3.0,4.0
2020,초4,1.0,0.6733015455609035,3.0,2.0,,3.0,4.0,2.0,2.0
2020,초4,1.0,0.6733015455609035,3.3333333333333335,2.0,,3.0,4.0,3.0,2.0
2020,초4,1.0,0.6733015455609035,3.6666666666666665,3.0,,3.0,4.0,4.0,3.0
2020,초4,1.0,0.6733015455609035,3.3333333333333335,4.0,,3.0,3.0,4.0,4.0
2020,초4,1.0,0.6733015455609035,3.6666666666666665,3.0,,3.0,4.0,4.0,3.0
2020,초4,1.0,0.6733015455609035,2.3333333333333335,2.0,,1.0,4.0,2.0,2.0
2020,초4,1.0,0.6733015455609035,3.6666666666666665,3.0,,4.0,4.0,3.0,3.0
2020,초4,1.0,0.6733015455609035,3.0,2.0,,3.0,4.0,2.0,2.0
2020,초4,1.0,0.6733015455609035,2.6666666666666665,3.0,,2.0,3.0,3.0,3.0
2020,초4,1.0,0.6733015455609035,3.6666666666666665,3.0,,4.0,4.0,3.0,3.0
2020,초4,1.0,0.6733015455609035,4.0,4.0,,4.0,4.0,4.0,4.0
2020,초4,1.0,0.6733015455609035,3.6666666666666665,4.0,,3.0,4.0,4.0,4.0
2020,초4,1.0,0.6733015455609035,2.6666666666666665,3.0,,2.0,3.0,3.0,3.0
2020,초4,1.0,0.6733015455609035,3.6666666666666665,4.0,,4.0,4.0,3.0,4.0
2020,초4,1.0,0.6733015455609035,3.3333333333333335,3.0,,3.0,4.0,3.0,3.0
2020,초4,2.0,0.8413657611367269,3.0,3.0,,3.0,4.0,2.0,3.0
2020,초4,2.0,0.8413657611367269,3.3333333333333335,3.0,,3.0,4.0,3.0,3.0
2020,초4,2.0,0.8413657611367269,3.0,3.0,,3.0,4.0,2.0,3.0
2020,초4,2.0,0.8413657611367269,3.3333333333333335,3.0,,3.0,4.0,3.0,3.0
2020,초4,2.0,0.8413657611367269,4.0,4.0,,4.0,4.0,4.0,4.0
2020,초4,2.0,0.8413657611367269,3.3333333333333335,3.0,,3.0,4.0,3.0,3.0
2020,초4,2.0,0.8413657611367269,3.6666666666666665,4.0,,4.0,4.0,3.0,4.0
2020,초4,2.0,0.8413657611367269,3.6666666666666665,3.0,,4.0,4.0,3.0,3.0
2020,초4,2.0,0.8413657611367269,2.0,1.0,,1.0,4.0,1.0,1.0
2020,초4,2.0,0.8413657611367269,3.0,3.0,,3.0,3.0,3.0,3.0
2020,초4,2.0,0.8413657611367269,4.0,4.0,,4.0,4.0,4.0,4.0
2020,초4,2.0,0.8413657611367269,4.0,4.0,,4.0,4.0,4.0,4.0
2020,초6,1.0,1.20790606919643,3.0,3.0,,3.0,3.0,3.0,3.0
2020,초6,1.0,1.20790606919643,3.0,3.0,,3.0,4.0,2.0,3.0
2020,초6,1.0,1.20790606919643,3.0,3.0,,3.0,3.0,3.0,3.0
2020,초6,1.0,1.20790606919643,3.6666666666666665,3.0,,3.0,4.0,4.0,3.0
2020,초6,1.0,1.20790606919643,2.6666666666666665,2.0,,3.0,3.0,2.0,2.0
2020,초6,1.0,1.20790606919643,3.0,3.0,,3.0,3.0,3.0,3.0
2020,초6,1.0,1.20790606919643,3.6666666666666665,3.0,,4.0,4.0,3.0,3.0
2020,초6,1.0,1.20790606919643,3.0,2.0,,3.0,4.0,2.0,2.0
2020,초6,1.0,1.20790606919643,3.6666666666666665,4.0,,4.0,4.0,3.0,4.0
2020,초6,2.0,1.2885951667765536,3.6666666666666665,3.0,,4.0,4.0,3.0,3.0
2020,초6,2.0,1.2885951667765536,3.0,3.0,,3.0,3.0,3.0,3.0
2020,초6,2.0,1.2885951667765536,4.0,4.0,,4.0,4.0,4.0,4.0
2020,초6,2.0,1.2885951667765536,3.0,2.0,,3.0,3.0,3.0,2.0
2020,초6,2.0,1.2885951667765536,4.0,3.0,,4.0,4.0,4.0,3.0
2020,초6,2.0,1.2885951667765536,3.0,3.0,,3.0,3.0,3.0,3.0
2020,초6,2.0,1.2885951667765536,3.0,3.0,,3.0,3.0,3.0,3.0
2020,초6,2.0,1.2885951667765536,3.3333333333333335,3.0,,3.0,4.0,3.0,3.0
2020,초6,2.0,1.2885951667765536,3.3333333333333335,2.0,,3.0,4.0,3.0,2.0
2020,초6,2.0,1.2885951667765536,4.0,4.0,,4.0,4.0,4.0,4.0
2020,초5,1.0,1.3088789997119545,2.6666666666666665,2.0,,3.0,3.0,2.0,2.0
2020,초5,1.0,1.3088789997119545,4.0,4.0,,4.0,4.0,4.0,4.0
2020,초5,1.0,1.3088789997119545,2.6666666666666665,2.0,,3.0,3.0,2.0,2.0
2020,초5,1.0,1.3088789997119545,2.0,1.0,,2.0,3.0,1.0,1.0
2020,초5,1.0,1.3088789997119545,3.0,3.0,,3.0,3.0,3.0,3.0
2020,초5,1.0,1.3088789997119545,4.0,4.0,,4.0,4.0,4.0,4.0
2020,초5,1.0,1.3088789997119545,3.3333333333333335,2.0,,3.0,4.0,3.0,2.0
2020,초5,2.0,0.9398384743373358,3.3333333333333335,3.0,,3.0,4.0,3.0,3.0
2020,초5,2.0,0.9398384743373358,3.6666666666666665,4.0,,4.0,4.0,3.0,4.0
2020,초5,2.0,0.9398384743373358,3.6666666666666665,3.0,,4.0,4.0,3.0,3.0
2020,초5,2.0,0.9398384743373358,3.0,3.0,,3.0,3.0,3.0,3.0
2020,초5,2.0,0.9398384743373358,3.3333333333333335,3.0,,3.0,4.0,3.0,3.0
2020,초5,2.0,0.9398384743373358,3.0,3.0,,3.0,3.0,3.0,3.0
2020,초5,2.0,0.9398384743373358,3.3333333333333335,3.0,,3.0,4.0,3.0,3.0
2020,초5,2.0,0.9398384743373358,2.3333333333333335,1.0,,3.0,2.0,2.0,1.0
2020,초5,2.0,0.9398384743373358,3.6666666666666665,3.0,,4.0,4.0,3.0,3.0
2020,초5,2.0,0.9398384743373358,3.6666666666666665,3.0,,3.0,4.0,4.0,3.0
2020,초5,2.0,0.9398384743373358,3.6666666666666665,4.0,,4.0,4.0,3.0,4.0
2020,초5,2.0,0.9398384743373358,3.0,3.0,,3.0,4.0,2.0,3.0
2020,초6,1.0,0.9643265309860163,3.0,2.0,,3.0,4.0,2.0,2.0
2020,초6,1.0,0.9643265309860163,3.0,4.0,,3.0,3.0,3.0,4.0
2020,초6,1.0,0.9643265309860163,4.0,4.0,,4.0,4.0,4.0,4.0
2020,초6,1.0,0.9643265309860163,3.6666666666666665,3.0,,4.0,4.0,3.0,3.0
2020,초6,1.0,0.9643265309860163,3.3333333333333335,3.0,,3.0,4.0,3.0,3.0
2020,초6,1.0,0.9643265309860163,3.3333333333333335,3.0,,3.0,4.0,3.0,3.0
2020,초6,1.0,0.9643265309860163,3.6666666666666665,3.0,,3.0,4.0,4.0,3.0
2020,초6,1.0,0.9643265309860163,2.3333333333333335,2.0,,3.0,2.0,2.0,2.0
2020,초6,1.0,0.9643265309860163,2.6666666666666665,1.0,,2.0,4.0,2.0,1.0
2020,초6,1.0,0.9643265309860163,3.3333333333333335,3.0,,3.0,4.0,3.0,3.0
2020,초6,1.0,0.9643265309860163,2.6666666666666665,3.0,,4.0,1.0,3.0,3.0
2020,초6,1.0,0.9643265309860163,3.3333333333333335,3.0,,3.0,4.0,3.0,3.0
2020,초6,1.0,0.9643265309860163,3.6666666666666665,3.0,,4.0,4.0,3.0,3.0
2020,초6,1.0,0.9643265309860163,4.0,3.0,,4.0,4.0,4.0,3.0
2020,초6,1.0,0.9643265309860163,3.3333333333333335,2.0,,3.0,4.0,3.0,2.0
2020,초6,2.0,1.280356644515677,3.3333333333333335,3.0,,3.0,4.0,3.0,3.0
2020,초6,2.0,1.280356644515677,3.6666666666666665,4.0,,4.0,4.0,3.0,4.0
2020,초6,2.0,1.280356644515677,3.0,3.0,,3.0,3.0,3.0,3.0
2020,초6,2.0,1.280356644515677,3.3333333333333335,4.0,,3.0,4.0,3.0,4.0
2020,초6,2.0,1.280356644515677,3.3333333333333335,1.0,,3.0,4.0,3.0,1.0
2020,초6,2.0,1.280356644515677,4.0,4.0,,4.0,4.0,4.0,4.0
2020,초6,2.0,1.280356644515677,3.0,3.0,,3.0,3.0,3.0,3.0
2020,초6,2.0,1.280356644515677,3.0,3.0,,3.0,3.0,3.0,3.0
2020,초6,2.0,1.280356644515677,3.6666666666666665,4.0,,3.0,4.0,4.0,4.0
2020,초6,2.0,1.280356644515677,3.3333333333333335,3.0,,3.0,4.0,3.0,3.0
2020,초6,2.0,1.280356644515677,2.3333333333333335,2.0,,3.0,2.0,2.0,2.0
2020,초6,2.0,1.280356644515677,3.3333333333333335,3.0,,3.0,4.0,3.0,3.0
2020,초5,2.0,1.3530551821145624,3.6666666666666665,3.0,,4.0,4.0,3.0,3.0
2020,초5,2.0,1.3530551821145624,3.6666666666666665,4.0,,3.0,4.0,4.0,4.0
2020,초5,2.0,1.3530551821145624,4.0,4.0,,4.0,4.0,4.0,4.0
2020,초5,1.0,1.0967127900996694,3.6666666666666665,4.0,,3.0,4.0,4.0,4.0
2020,초5,2.0,1.3530551821145624,3.3333333333333335,2.0,,3.0,4.0,3.0,2.0
2020,초5,2.0,1.3530551821145624,4.0,4.0,,4.0,4.0,4.0,4.0
2020,초5,1.0,1.0967127900996694,3.3333333333333335,3.0,,3.0,3.0,4.0,3.0
2020,초5,1.0,1.0967127900996694,3.3333333333333335,2.0,,4.0,4.0,2.0,2.0
2020,초5,1.0,1.0967127900996694,3.6666666666666665,4.0,,3.0,4.0,4.0,4.0
2020,초5,1.0,1.0967127900996694,3.0,3.0,,3.0,3.0,3.0,3.0
2020,초5,2.0,1.3530551821145624,3.3333333333333335,3.0,,3.0,4.0,3.0,3.0
2020,초5,1.0,1.0967127900996694,3.0,3.0,,3.0,3.0,3.0,3.0
2020,초5,1.0,1.0967127900996694,2.6666666666666665,2.0,,3.0,3.0,2.0,2.0
2020,초5,2.0,1.3530551821145624,2.3333333333333335,1.0,,3.0,3.0,1.0,1.0
2020,초5,2.0,1.3530551821145624,3.0,3.0,,3.0,3.0,3.0,3.0
2020,초5,2.0,1.3530551821145624,3.0,2.0,,3.0,3.0,3.0,2.0
2020,초5,1.0,1.0967127900996694,3.6666666666666665,4.0,,4.0,4.0,3.0,4.0
2020,초5,1.0,1.0967127900996694,3.3333333333333335,3.0,,3.0,4.0,3.0,3.0
2020,초5,2.0,1.3530551821145624,4.0,4.0,,4.0,4.0,4.0,4.0
2020,초5,1.0,1.0967127900996694,3.0,3.0,,3.0,3.0,3.0,3.0
2020,초5,1.0,1.0967127900996694,2.3333333333333335,1.0,,2.0,4.0,1.0,1.0
2020,초5,1.0,1.0967127900996694,4.0,3.0,,4.0,4.0,4.0,3.0
2020,초5,2.0,1.3530551821145624,3.0,3.0,,3.0,3.0,3.0,3.0
2020,초6,1.0,1.1320354928966276,4.0,4.0,,4.0,4.0,4.0,4.0
2020,초6,1.0,1.1320354928966276,3.6666666666666665,4.0,,3.0,4.0,4.0,4.0
2020,초6,1.0,1.1320354928966276,3.3333333333333335,2.0,,3.0,4.0,3.0,2.0
2020,초6,1.0,1.1320354928966276,2.6666666666666665,2.0,,3.0,3.0,2.0,2.0
2020,초6,1.0,1.1320354928966276,3.0,2.0,,3.0,3.0,3.0,2.0
2020,초6,1.0,1.1320354928966276,3.0,2.0,,3.0,3.0,3.0,2.0
2020,초6,1.0,1.1320354928966276,3.6666666666666665,2.0,,4.0,4.0,3.0,2.0
2020,초6,1.0,1.1320354928966276,3.6666666666666665,4.0,,4.0,4.0,3.0,4.0
2020,초6,1.0,1.1320354928966276,3.6666666666666665,2.0,,4.0,4.0,3.0,2.0
2020,초6,1.0,1.1320354928966276,3.3333333333333335,2.0,,3.0,4.0,3.0,2.0
2020,초6,1.0,1.1320354928966276,3.3333333333333335,3.0,,3.0,4.0,3.0,3.0
2020,초6,1.0,1.1320354928966276,3.0,3.0,,3.0,3.0,3.0,3.0
2020,초6,1.0,1.1320354928966276,3.6666666666666665,4.0,,4.0,4.0,3.0,4.0
2020,초6,1.0,1.1320354928966276,3.3333333333333335,3.0,,3.0,4.0,3.0,3.0
2020,초6,2.0,1.5030273653010124,3.6666666666666665,3.0,,4.0,4.0,3.0,3.0
2020,초6,2.0,1.5030273653010124,3.6666666666666665,3.0,,4.0,4.0,3.0,3.0
2020,초6,2.0,1.5030273653010124,3.3333333333333335,3.0,,3.0,4.0,3.0,3.0
2020,초6,2.0,1.5030273653010124,4.0,4.0,,4.0,4.0,4.0,4.0
2020,초6,2.0,1.5030273653010124,3.6666666666666665,3.0,,4.0,4.0,3.0,3.0
2020,초6,2.0,1.5030273653010124,3.6666666666666665,3.0,,4.0,4.0,3.0,3.0
2020,초6,2.0,1.5030273653010124,2.6666666666666665,3.0,,3.0,3.0,2.0,3.0
2020,초6,2.0,1.5030273653010124,3.6666666666666665,3.0,,4.0,4.0,3.0,3.0
2020,초6,2.0,1.5030273653010124,3.3333333333333335,3.0,,4.0,3.0,3.0,3.0
2020,초5,2.0,1.372286714169605,3.3333333333333335,4.0,,3.0,4.0,3.0,4.0
2020,초5,2.0,1.372286714169605,4.0,4.0,,4.0,4.0,4.0,4.0
2020,초5,2.0,1.372286714169605,3.6666666666666665,4.0,,4.0,4.0,3.0,4.0
2020,초5,2.0,1.372286714169605,3.0,3.0,,3.0,4.0,2.0,3.0
2020,초5,2.0,1.372286714169605,2.6666666666666665,2.0,,3.0,3.0,2.0,2.0
2020,초5,2.0,1.372286714169605,3.6666666666666665,3.0,,4.0,4.0,3.0,3.0
2020,초5,2.0,1.372286714169605,3.3333333333333335,3.0,,4.0,4.0,2.0,3.0
2020,초5,2.0,1.372286714169605,3.0,4.0,,3.0,3.0,3.0,4.0
2020,초5,2.0,1.372286714169605,3.3333333333333335,3.0,,3.0,4.0,3.0,3.0
2020,초5,2.0,1.372286714169605,3.0,3.0,,3.0,4.0,2.0,3.0
2020,초5,2.0,1.372286714169605,3.6666666666666665,4.0,,4.0,4.0,3.0,4.0
2020,초5,1.0,0.9914617168616952,3.6666666666666665,3.0,,4.0,4.0,3.0,3.0
2020,초5,1.0,0.9914617168616952,3.0,2.0,,3.0,4.0,2.0,2.0
2020,초5,1.0,0.9914617168616952,3.3333333333333335,3.0,,4.0,3.0,3.0,3.0
2020,초5,1.0,0.9914617168616952,3.3333333333333335,3.0,,3.0,4.0,3.0,3.0
2020,초5,1.0,0.9914617168616952,4.0,4.0,,4.0,4.0,4.0,4.0
2020,초5,1.0,0.9914617168616952,4.0,4.0,,4.0,4.0,4.0,4.0
2020,초5,1.0,0.9914617168616952,3.6666666666666665,3.0,,3.0,4.0,4.0,3.0
2020,초5,1.0,0.9914617168616952,3.6666666666666665,3.0,,4.0,4.0,3.0,3.0
2020,초5,1.0,0.9914617168616952,3.6666666666666665,3.0,,4.0,4.0,3.0,3.0
2020,초5,1.0,0.9914617168616952,3.0,2.0,,3.0,4.0,2.0,2.0
2020,초5,1.0,0.9914617168616952,3.3333333333333335,4.0,,4.0,4.0,2.0,4.0
2020,초5,1.0,0.9914617168616952,3.0,2.0,,3.0,4.0,2.0,2.0
2020,초5,1.0,0.9914617168616952,4.0,4.0,,4.0,4.0,4.0,4.0
2020,초5,1.0,0.9914617168616952,4.0,4.0,,4.0,4.0,4.0,4.0
2020,초5,1.0,0.9914617168616952,3.0,2.0,,3.0,3.0,3.0,2.0
2020,초5,1.0,0.9914617168616952,3.3333333333333335,2.0,,3.0,4.0,3.0,2.0
2020,초6,1.0,1.3582030743362887,4.0,4.0,,4.0,4.0,4.0,4.0
2020,초6,1.0,1.3582030743362887,4.0,4.0,,4.0,4.0,4.0,4.0
2020,초6,1.0,1.3582030743362887,3.6666666666666665,4.0,,3.0,4.0,4.0,4.0
2020,초6,1.0,1.3582030743362887,4.0,4.0,,4.0,4.0,4.0,4.0
2020,초6,1.0,1.3582030743362887,3.0,2.0,,3.0,4.0,2.0,2.0
2020,초6,1.0,1.3582030743362887,3.3333333333333335,2.0,,4.0,4.0,2.0,2.0
2020,초6,1.0,1.3582030743362887,3.6666666666666665,4.0,,3.0,4.0,4.0,4.0
2020,초6,1.0,1.3582030743362887,2.6666666666666665,4.0,,2.0,3.0,3.0,4.0
2020,초6,1.0,1.3582030743362887,2.0,2.0,,2.0,2.0,2.0,2.0
2020,초6,1.0,1.3582030743362887,3.3333333333333335,3.0,,3.0,4.0,3.0,3.0
2020,초6,1.0,1.3582030743362887,4.0,4.0,,4.0,4.0,4.0,4.0
2020,초6,1.0,1.3582030743362887,3.6666666666666665,2.0,,4.0,4.0,3.0,2.0
2020,초6,1.0,1.3582030743362887,2.6666666666666665,3.0,,3.0,3.0,2.0,3.0
2020,초6,2.0,1.2338099562300087,3.0,3.0,,3.0,3.0,3.0,3.0
2020,초6,2.0,1.2338099562300087,3.6666666666666665,3.0,,4.0,4.0,3.0,3.0
2020,초6,2.0,1.2338099562300087,3.0,3.0,,3.0,3.0,3.0,3.0
2020,초6,2.0,1.2338099562300087,3.0,3.0,,3.0,3.0,3.0,3.0
2020,초6,2.0,1.2338099562300087,3.6666666666666665,3.0,,3.0,4.0,4.0,3.0
2020,초6,2.0,1.2338099562300087,4.0,4.0,,4.0,4.0,4.0,4.0
2020,초6,2.0,1.2338099562300087,2.6666666666666665,2.0,,3.0,3.0,2.0,2.0
2020,초6,2.0,1.2338099562300087,3.0,3.0,,3.0,3.0,3.0,3.0
2020,초6,2.0,1.2338099562300087,3.0,3.0,,3.0,3.0,3.0,3.0
2020,초6,2.0,1.2338099562300087,3.0,3.0,,3.0,3.0,3.0,3.0
2020,초6,2.0,1.2338099562300087,3.3333333333333335,4.0,,3.0,3.0,4.0,4.0
2020,초6,2.0,1.2338099562300087,3.0,2.0,,3.0,3.0,3.0,2.0
2020,초6,2.0,1.2338099562300087,3.0,1.0,,3.0,4.0,2.0,1.0
2020,초4,1.0,1.4074379357809792,3.0,1.0,,4.0,4.0,1.0,1.0
2020,초4,1.0,1.4074379357809792,2.6666666666666665,1.0,,3.0,3.0,2.0,1.0
2020,초4,1.0,1.4074379357809792,3.6666666666666665,3.0,,4.0,3.0,4.0,3.0
2020,초4,1.0,1.4074379357809792,3.0,3.0,,3.0,3.0,3.0,3.0
2020,초4,1.0,1.4074379357809792,3.0,2.0,,3.0,3.0,3.0,2.0
2020,초4,1.0,1.4074379357809792,2.6666666666666665,3.0,,3.0,3.0,2.0,3.0
2020,초4,1.0,1.4074379357809792,3.3333333333333335,3.0,,3.0,4.0,3.0,3.0
2020,초4,1.0,1.4074379357809792,2.6666666666666665,2.0,,3.0,3.0,2.0,2.0
2020,초4,1.0,1.4074379357809792,3.0,3.0,,3.0,3.0,3.0,3.0
2020,초4,1.0,1.4074379357809792,3.0,1.0,,3.0,4.0,2.0,1.0
2020,초4,2.0,1.6669820545174292,1.6666666666666667,1.0,,1.0,3.0,1.0,1.0
2020,초4,2.0,1.6669820545174292,2.3333333333333335,2.0,,3.0,2.0,2.0,2.0
2020,초4,2.0,1.6669820545174292,3.0,3.0,,3.0,3.0,3.0,3.0
2020,초4,2.0,1.6669820545174292,3.3333333333333335,4.0,,3.0,4.0,3.0,4.0
2020,초4,2.0,1.6669820545174292,3.3333333333333335,2.0,,3.0,4.0,3.0,2.0
2020,초4,2.0,1.6669820545174292,3.6666666666666665,4.0,,3.0,4.0,4.0,4.0
2020,초4,2.0,1.6669820545174292,3.6666666666666665,4.0,,3.0,4.0,4.0,4.0
2020,초4,2.0,1.6669820545174292,3.0,3.0,,2.0,4.0,3.0,3.0
2020,초5,1.0,1.249794417491478,2.6666666666666665,2.0,,3.0,3.0,2.0,2.0
2020,초5,1.0,1.249794417491478,3.0,2.0,,3.0,4.0,2.0,2.0
2020,초5,1.0,1.249794417491478,3.3333333333333335,3.0,,3.0,4.0,3.0,3.0
2020,초5,1.0,1.249794417491478,3.0,3.0,,3.0,3.0,3.0,3.0
2020,초5,1.0,1.249794417491478,3.0,2.0,,3.0,4.0,2.0,2.0
2020,초5,1.0,1.249794417491478,4.0,4.0,,4.0,4.0,4.0,4.0
2020,초5,1.0,1.249794417491478,3.0,2.0,,3.0,4.0,2.0,2.0
2020,초5,1.0,1.249794417491478,3.3333333333333335,2.0,,3.0,4.0,3.0,2.0
2020,초5,1.0,1.249794417491478,4.0,3.0,,4.0,4.0,4.0,3.0
2020,초5,1.0,1.249794417491478,4.0,4.0,,4.0,4.0,4.0,4.0
2020,초5,1.0,1.249794417491478,4.0,4.0,,4.0,4.0,4.0,4.0
2020,초5,2.0,2.022752435707973,3.0,3.0,,3.0,3.0,3.0,3.0
2020,초5,2.0,2.022752435707973,3.6666666666666665,3.0,,3.0,4.0,4.0,3.0
2020,초5,2.0,2.022752435707973,3.6666666666666665,3.0,,4.0,4.0,3.0,3.0
2020,초5,2.0,2.022752435707973,3.6666666666666665,2.0,,4.0,4.0,3.0,2.0
2020,초5,2.0,2.022752435707973,3.3333333333333335,3.0,,3.0,4.0,3.0,3.0
2020,초5,2.0,2.022752435707973,3.3333333333333335,3.0,,3.0,4.0,3.0,3.0
2020,초5,2.0,2.022752435707973,4.0,4.0,,4.0,4.0,4.0,4.0
2020,초6,1.0,1.233156973982731,3.0,2.0,,3.0,4.0,2.0,2.0
2020,초6,1.0,1.233156973982731,3.6666666666666665,3.0,,4.0,4.0,3.0,3.0
2020,초6,1.0,1.233156973982731,2.6666666666666665,2.0,,3.0,3.0,2.0,2.0
2020,초6,1.0,1.233156973982731,3.6666666666666665,3.0,,4.0,4.0,3.0,3.0
2020,초6,1.0,1.233156973982731,3.6666666666666665,4.0,,3.0,4.0,4.0,4.0
2020,초6,1.0,1.233156973982731,3.3333333333333335,2.0,,3.0,4.0,3.0,2.0
2020,초6,1.0,1.233156973982731,3.3333333333333335,3.0,,3.0,4.0,3.0,3.0
2020,초6,1.0,1.233156973982731,3.0,2.0,,3.0,3.0,3.0,2.0
2020,초6,1.0,1.233156973982731,3.6666666666666665,4.0,,4.0,4.0,3.0,4.0
2020,초6,1.0,1.233156973982731,3.3333333333333335,3.0,,3.0,4.0,3.0,3.0
2020,초6,1.0,1.233156973982731,3.0,3.0,,3.0,3.0,3.0,3.0
2020,초6,1.0,1.233156973982731,3.6666666666666665,3.0,,4.0,4.0,3.0,3.0
2020,초6,1.0,1.233156973982731,3.0,2.0,,3.0,3.0,3.0,2.0
2020,초6,2.0,1.1688382226259406,3.6666666666666665,3.0,,4.0,4.0,3.0,3.0
2020,초6,2.0,1.1688382226259406,2.6666666666666665,2.0,,3.0,3.0,2.0,2.0
2020,초6,2.0,1.1688382226259406,3.0,3.0,,3.0,3.0,3.0,3.0
2020,초6,2.0,1.1688382226259406,4.0,4.0,,4.0,4.0,4.0,4.0
2020,초6,2.0,1.1688382226259406,3.3333333333333335,4.0,,3.0,4.0,3.0,4.0
2020,초6,2.0,1.1688382226259406,2.6666666666666665,2.0,,3.0,3.0,2.0,2.0
2020,초6,2.0,1.1688382226259406,3.6666666666666665,2.0,,4.0,4.0,3.0,2.0
2020,초6,2.0,1.1688382226259406,3.0,3.0,,3.0,4.0,2.0,3.0
2020,초6,2.0,1.1688382226259406,3.6666666666666665,3.0,,4.0,4.0,3.0,3.0
2020,초6,2.0,1.1688382226259406,4.0,3.0,,4.0,4.0,4.0,3.0
2020,초6,2.0,1.1688382226259406,3.0,3.0,,3.0,3.0,3.0,3.0
2020,초6,2.0,1.1688382226259406,2.3333333333333335,1.0,,3.0,3.0,1.0,1.0
2020,초6,2.0,1.1688382226259406,2.6666666666666665,2.0,,3.0,3.0,2.0,2.0
2020,초4,2.0,0.8430000812346871,3.0,3.0,,3.0,3.0,3.0,3.0
2020,초4,2.0,0.8430000812346871,3.3333333333333335,3.0,,3.0,4.0,3.0,3.0
2020,초4,1.0,0.9988451775848125,3.6666666666666665,4.0,,3.0,4.0,4.0,4.0
2020,초4,2.0,0.8430000812346871,3.3333333333333335,2.0,,3.0,4.0,3.0,2.0
2020,초4,2.0,0.8430000812346871,3.6666666666666665,4.0,,4.0,4.0,3.0,4.0
2020,초4,2.0,0.8430000812346871,3.6666666666666665,3.0,,3.0,4.0,4.0,3.0
2020,초4,1.0,0.9988451775848125,2.6666666666666665,2.0,,2.0,4.0,2.0,2.0
2020,초4,1.0,0.9988451775848125,2.0,3.0,,2.0,3.0,1.0,3.0
2020,초4,1.0,0.9988451775848125,3.0,2.0,,3.0,3.0,3.0,2.0
2020,초4,1.0,0.9988451775848125,3.0,3.0,,3.0,3.0,3.0,3.0
2020,초4,1.0,0.9988451775848125,3.0,3.0,,3.0,3.0,3.0,3.0
2020,초4,2.0,0.8430000812346871,3.6666666666666665,3.0,,4.0,4.0,3.0,3.0
2020,초4,1.0,0.9988451775848125,3.6666666666666665,4.0,,3.0,4.0,4.0,4.0
2020,초4,1.0,0.9988451775848125,2.6666666666666665,3.0,,3.0,3.0,2.0,3.0
2020,초4,1.0,0.9988451775848125,3.3333333333333335,3.0,,3.0,4.0,3.0,3.0
2020,초4,2.0,0.8430000812346871,3.0,2.0,,3.0,3.0,3.0,2.0
2020,초4,2.0,0.8430000812346871,3.6666666666666665,3.0,,3.0,4.0,4.0,3.0
2020,초4,2.0,0.8430000812346871,2.6666666666666665,2.0,,3.0,3.0,2.0,2.0
2020,초4,2.0,0.8430000812346871,3.0,3.0,,3.0,4.0,2.0,3.0
2020,초4,2.0,0.8430000812346871,3.3333333333333335,3.0,,3.0,4.0,3.0,3.0
2020,초4,2.0,0.8430000812346871,3.6666666666666665,3.0,,4.0,4.0,3.0,3.0
2020,초4,1.0,0.9988451775848125,3.3333333333333335,3.0,,3.0,4.0,3.0,3.0
2020,초4,2.0,0.8430000812346871,3.6666666666666665,4.0,,3.0,4.0,4.0,4.0
2020,초4,1.0,0.9988451775848125,4.0,4.0,,4.0,4.0,4.0,4.0
2020,초4,1.0,0.9988451775848125,3.3333333333333335,3.0,,3.0,4.0,3.0,3.0
2020,초6,2.0,0.8600942236366186,4.0,4.0,,4.0,4.0,4.0,4.0
2020,초6,1.0,1.0642794402807012,3.6666666666666665,3.0,,4.0,4.0,3.0,3.0
2020,초6,1.0,1.0642794402807012,4.0,4.0,,4.0,4.0,4.0,4.0
2020,초6,1.0,1.0642794402807012,4.0,4.0,,4.0,4.0,4.0,4.0
2020,초6,1.0,1.0642794402807012,4.0,3.0,,4.0,4.0,4.0,3.0
2020,초6,1.0,1.0642794402807012,3.6666666666666665,3.0,,3.0,4.0,4.0,3.0
2020,초6,2.0,0.8600942236366186,3.3333333333333335,3.0,,3.0,4.0,3.0,3.0
2020,초6,2.0,0.8600942236366186,3.3333333333333335,3.0,,3.0,4.0,3.0,3.0
2020,초6,2.0,0.8600942236366186,3.0,3.0,,3.0,3.0,3.0,3.0
2020,초6,2.0,0.8600942236366186,3.6666666666666665,4.0,,4.0,4.0,3.0,4.0
2020,초6,2.0,0.8600942236366186,3.0,3.0,,3.0,4.0,2.0,3.0
2020,초6,2.0,0.8600942236366186,3.3333333333333335,3.0,,3.0,4.0,3.0,3.0
2020,초6,1.0,1.0642794402807012,4.0,4.0,,4.0,4.0,4.0,4.0
2020,초6,1.0,1.0642794402807012,3.0,2.0,,3.0,3.0,3.0,2.0
2020,초6,1.0,1.0642794402807012,3.0,3.0,,3.0,3.0,3.0,3.0
2020,초6,1.0,1.0642794402807012,3.3333333333333335,2.0,,3.0,4.0,3.0,2.0
2020,초6,1.0,1.0642794402807012,3.0,2.0,,3.0,4.0,2.0,2.0
2020,초6,1.0,1.0642794402807012,3.0,3.0,,3.0,3.0,3.0,3.0
2020,초6,2.0,0.8600942236366186,3.3333333333333335,3.0,,3.0,4.0,3.0,3.0
2020,초6,2.0,0.8600942236366186,3.3333333333333335,3.0,,3.0,4.0,3.0,3.0
2020,초6,2.0,0.8600942236366186,3.3333333333333335,3.0,,3.0,4.0,3.0,3.0
2020,초6,2.0,0.8600942236366186,4.0,4.0,,4.0,4.0,4.0,4.0
2020,초6,2.0,0.8600942236366186,4.0,4.0,,4.0,4.0,4.0,4.0
2020,초6,2.0,0.8600942236366186,2.3333333333333335,2.0,,3.0,3.0,1.0,2.0
2020,초6,2.0,0.8600942236366186,3.0,3.0,,3.0,3.0,3.0,3.0
2020,초6,1.0,1.0642794402807012,3.0,3.0,,3.0,3.0,3.0,3.0
2020,초5,1.0,1.0159995653726532,4.0,4.0,,4.0,4.0,4.0,4.0
2020,초5,1.0,1.0159995653726532,3.6666666666666665,4.0,,3.0,4.0,4.0,4.0
2020,초5,1.0,1.0159995653726532,3.0,3.0,,2.0,3.0,4.0,3.0
2020,초5,1.0,1.0159995653726532,3.6666666666666665,3.0,,4.0,4.0,3.0,3.0
2020,초5,1.0,1.0159995653726532,3.3333333333333335,3.0,,4.0,3.0,3.0,3.0
2020,초5,1.0,1.0159995653726532,4.0,4.0,,4.0,4.0,4.0,4.0
2020,초5,1.0,1.0159995653726532,4.0,4.0,,4.0,4.0,4.0,4.0
2020,초5,1.0,1.0159995653726532,3.0,3.0,,3.0,4.0,2.0,3.0
2020,초5,1.0,1.0159995653726532,3.3333333333333335,3.0,,3.0,4.0,3.0,3.0
2020,초5,2.0,1.8777864900133738,3.0,2.0,,3.0,4.0,2.0,2.0
2020,초5,2.0,1.8777864900133738,4.0,4.0,,4.0,4.0,4.0,4.0
2020,초5,2.0,1.8777864900133738,3.6666666666666665,4.0,,3.0,4.0,4.0,4.0
2020,초5,2.0,1.8777864900133738,2.6666666666666665,2.0,,3.0,3.0,2.0,2.0
2020,초5,1.0,1.0159995653726532,3.6666666666666665,2.0,,4.0,4.0,3.0,2.0
2020,초5,1.0,1.0159995653726532,4.0,4.0,,4.0,4.0,4.0,4.0
2020,초5,1.0,1.0159995653726532,3.3333333333333335,3.0,,3.0,4.0,3.0,3.0
2020,초5,2.0,1.8777864900133738,4.0,4.0,,4.0,4.0,4.0,4.0
2020,초5,2.0,1.8777864900133738,3.6666666666666665,4.0,,4.0,4.0,3.0,4.0
2020,초4,1.0,0.6069469988440293,3.6666666666666665,3.0,,4.0,4.0,3.0,3.0
2020,초4,1.0,0.6069469988440293,2.3333333333333335,1.0,,2.0,4.0,1.0,1.0
2020,초4,1.0,0.6069469988440293,4.0,4.0,,4.0,4.0,4.0,4.0
2020,초4,1.0,0.6069469988440293,3.0,3.0,,3.0,3.0,3.0,3.0
2020,초4,1.0,0.6069469988440293,3.3333333333333335,3.0,,3.0,3.0,4.0,3.0
2020,초4,1.0,0.6069469988440293,3.0,3.0,,3.0,3.0,3.0,3.0
2020,초4,1.0,0.6069469988440293,3.0,1.0,,3.0,4.0,2.0,1.0
2020,초4,1.0,0.6069469988440293,3.6666666666666665,2.0,,4.0,4.0,3.0,2.0
2020,초4,2.0,0.4634867991172587,3.3333333333333335,3.0,,3.0,4.0,3.0,3.0
2020,초4,2.0,0.4634867991172587,3.3333333333333335,2.0,,3.0,4.0,3.0,2.0
2020,초4,2.0,0.4634867991172587,3.3333333333333335,4.0,,3.0,4.0,3.0,4.0
2020,초4,2.0,0.4634867991172587,3.0,3.0,,3.0,3.0,3.0,3.0
2020,초4,2.0,0.4634867991172587,3.0,2.0,,3.0,3.0,3.0,2.0
2020,초4,2.0,0.4634867991172587,3.0,3.0,,3.0,4.0,2.0,3.0
2020,초4,2.0,0.4634867991172587,3.6666666666666665,3.0,,3.0,4.0,4.0,3.0
2020,초4,2.0,0.4634867991172587,3.3333333333333335,2.0,,4.0,3.0,3.0,2.0
2020,초4,2.0,0.4634867991172587,3.3333333333333335,4.0,,4.0,3.0,3.0,4.0
2020,초4,2.0,0.4634867991172587,3.0,4.0,,2.0,3.0,4.0,4.0
2020,초6,1.0,0.4539369337508316,3.0,3.0,,3.0,3.0,3.0,3.0
2020,초6,1.0,0.4539369337508316,3.0,3.0,,3.0,3.0,3.0,3.0
2020,초6,1.0,0.4539369337508316,3.3333333333333335,3.0,,4.0,3.0,3.0,3.0
2020,초6,1.0,0.4539369337508316,3.3333333333333335,3.0,,3.0,3.0,4.0,3.0
2020,초6,1.0,0.4539369337508316,2.6666666666666665,2.0,,3.0,3.0,2.0,2.0
2020,초6,1.0,0.4539369337508316,3.3333333333333335,4.0,,3.0,4.0,3.0,4.0
2020,초6,1.0,0.4539369337508316,3.3333333333333335,3.0,,3.0,4.0,3.0,3.0
2020,초6,1.0,0.4539369337508316,4.0,4.0,,4.0,4.0,4.0,4.0
2020,초6,1.0,0.4539369337508316,3.3333333333333335,3.0,,3.0,4.0,3.0,3.0
2020,초6,1.0,0.4539369337508316,3.3333333333333335,3.0,,3.0,4.0,3.0,3.0
2020,초6,2.0,0.42964747820268684,3.6666666666666665,2.0,,4.0,4.0,3.0,2.0
2020,초6,2.0,0.42964747820268684,3.3333333333333335,3.0,,3.0,4.0,3.0,3.0
2020,초6,2.0,0.42964747820268684,3.6666666666666665,3.0,,4.0,4.0,3.0,3.0
2020,초6,2.0,0.42964747820268684,3.6666666666666665,4.0,,3.0,4.0,4.0,4.0
2020,초6,2.0,0.42964747820268684,3.0,3.0,,3.0,3.0,3.0,3.0
2020,초6,2.0,0.42964747820268684,3.6666666666666665,4.0,,3.0,4.0,4.0,4.0
2020,초6,2.0,0.42964747820268684,2.0,1.0,,2.0,3.0,1.0,1.0
2020,초6,2.0,0.42964747820268684,3.0,2.0,,3.0,3.0,3.0,2.0
2020,초6,2.0,0.42964747820268684,2.6666666666666665,3.0,,3.0,3.0,2.0,3.0
2020,초6,2.0,0.42964747820268684,3.6666666666666665,4.0,,3.0,4.0,4.0,4.0
2020,초6,2.0,0.42964747820268684,3.6666666666666665,3.0,,4.0,4.0,3.0,3.0
2020,초6,1.0,1.3160161503738237,3.0,3.0,,3.0,4.0,2.0,3.0
2020,초6,1.0,1.3160161503738237,3.3333333333333335,4.0,,3.0,4.0,3.0,4.0
2020,초6,1.0,1.3160161503738237,3.0,3.0,,3.0,3.0,3.0,3.0
2020,초6,1.0,1.3160161503738237,2.6666666666666665,4.0,,3.0,3.0,2.0,4.0
2020,초6,1.0,1.3160161503738237,2.6666666666666665,2.0,,3.0,3.0,2.0,2.0
2020,초6,1.0,1.3160161503738237,1.0,1.0,,1.0,1.0,1.0,1.0
2020,초6,1.0,1.3160161503738237,3.0,3.0,,3.0,3.0,3.0,3.0
2020,초6,1.0,1.3160161503738237,3.6666666666666665,4.0,,4.0,4.0,3.0,4.0
2020,초6,1.0,1.3160161503738237,4.0,4.0,,4.0,4.0,4.0,4.0
2020,초6,1.0,1.3160161503738237,3.6666666666666665,4.0,,4.0,4.0,3.0,4.0
2020,초6,1.0,1.3160161503738237,4.0,4.0,,4.0,4.0,4.0,4.0
2020,초6,2.0,1.3868790120157517,2.3333333333333335,3.0,,3.0,3.0,1.0,3.0
2020,초6,2.0,1.3868790120157517,3.6666666666666665,4.0,,3.0,4.0,4.0,4.0
2020,초6,2.0,1.3868790120157517,2.6666666666666665,2.0,,3.0,3.0,2.0,2.0
2020,초6,2.0,1.3868790120157517,3.3333333333333335,2.0,,3.0,4.0,3.0,2.0
2020,초6,2.0,1.3868790120157517,3.6666666666666665,3.0,,3.0,4.0,4.0,3.0
2020,초6,2.0,1.3868790120157517,3.6666666666666665,3.0,,4.0,4.0,3.0,3.0
2020,초6,2.0,1.3868790120157517,2.6666666666666665,3.0,,3.0,3.0,2.0,3.0
2020,초6,2.0,1.3868790120157517,3.6666666666666665,3.0,,4.0,4.0,3.0,3.0
2020,초6,2.0,1.3868790120157517,3.3333333333333335,3.0,,3.0,4.0,3.0,3.0
2020,초6,2.0,1.3868790120157517,4.0,4.0,,4.0,4.0,4.0,4.0
2020,초6,2.0,1.3868790120157517,2.6666666666666665,2.0,,3.0,3.0,2.0,2.0
2020,초6,2.0,1.3868790120157517,3.3333333333333335,4.0,,3.0,3.0,4.0,4.0
2020,초4,1.0,1.34457068015289,3.6666666666666665,4.0,,3.0,4.0,4.0,4.0
2020,초4,1.0,1.34457068015289,3.6666666666666665,2.0,,4.0,4.0,3.0,2.0
2020,초4,1.0,1.34457068015289,3.3333333333333335,3.0,,3.0,4.0,3.0,3.0
2020,초4,1.0,1.34457068015289,2.6666666666666665,3.0,,3.0,3.0,2.0,3.0
2020,초4,1.0,1.34457068015289,3.0,2.0,,2.0,4.0,3.0,2.0
2020,초4,1.0,1.34457068015289,3.3333333333333335,4.0,,3.0,4.0,3.0,4.0
2020,초4,1.0,1.34457068015289,3.3333333333333335,4.0,,3.0,4.0,3.0,4.0
2020,초4,2.0,1.1283523847929804,4.0,4.0,,4.0,4.0,4.0,4.0
2020,초4,2.0,1.1283523847929804,3.6666666666666665,3.0,,3.0,4.0,4.0,3.0
2020,초4,2.0,1.1283523847929804,3.3333333333333335,4.0,,3.0,4.0,3.0,4.0
2020,초4,2.0,1.1283523847929804,3.3333333333333335,3.0,,3.0,4.0,3.0,3.0
2020,초4,2.0,1.1283523847929804,3.6666666666666665,4.0,,3.0,4.0,4.0,4.0
2020,초4,2.0,1.1283523847929804,3.6666666666666665,3.0,,4.0,4.0,3.0,3.0
2020,초4,2.0,1.1283523847929804,4.0,4.0,,4.0,4.0,4.0,4.0
2020,초4,2.0,1.1283523847929804,3.3333333333333335,4.0,,3.0,4.0,3.0,4.0
2020,초4,2.0,1.1283523847929804,3.3333333333333335,3.0,,3.0,4.0,3.0,3.0
2020,초4,2.0,1.1283523847929804,4.0,4.0,,4.0,4.0,4.0,4.0
2020,초4,2.0,1.1283523847929804,3.3333333333333335,3.0,,3.0,4.0,3.0,3.0
2020,초6,1.0,1.4413510218379977,4.0,4.0,,4.0,4.0,4.0,4.0
2020,초6,1.0,1.4413510218379977,3.0,2.0,,3.0,3.0,3.0,2.0
2020,초6,1.0,1.4413510218379977,3.0,3.0,,3.0,3.0,3.0,3.0
2020,초6,1.0,1.4413510218379977,4.0,3.0,,4.0,4.0,4.0,3.0
2020,초6,1.0,1.4413510218379977,3.6666666666666665,4.0,,3.0,4.0,4.0,4.0
2020,초6,1.0,1.4413510218379977,2.6666666666666665,3.0,,3.0,2.0,3.0,3.0
2020,초6,1.0,1.4413510218379977,3.3333333333333335,3.0,,4.0,3.0,3.0,3.0
2020,초6,1.0,1.4413510218379977,2.6666666666666665,2.0,,3.0,3.0,2.0,2.0
2020,초6,2.0,1.5189627274458235,3.0,3.0,,3.0,3.0,3.0,3.0
2020,초6,2.0,1.5189627274458235,2.6666666666666665,2.0,,3.0,3.0,2.0,2.0
2020,초6,2.0,1.5189627274458235,3.6666666666666665,3.0,,4.0,3.0,4.0,3.0
2020,초6,2.0,1.5189627274458235,4.0,4.0,,4.0,4.0,4.0,4.0
2020,초6,2.0,1.5189627274458235,4.0,4.0,,4.0,4.0,4.0,4.0
2020,초6,2.0,1.5189627274458235,3.0,2.0,,3.0,3.0,3.0,2.0
2020,초6,2.0,1.5189627274458235,3.0,3.0,,3.0,3.0,3.0,3.0
2020,초6,2.0,1.5189627274458235,3.3333333333333335,3.0,,3.0,4.0,3.0,3.0
2020,초6,2.0,1.5189627274458235,3.0,3.0,,3.0,3.0,3.0,3.0
2020,초6,2.0,1.5189627274458235,3.0,3.0,,3.0,3.0,3.0,3.0
2020,초6,2.0,1.5189627274458235,4.0,4.0,,4.0,4.0,4.0,4.0
2020,초6,2.0,1.5189627274458235,3.6666666666666665,3.0,,4.0,4.0,3.0,3.0
2020,초6,2.0,1.5189627274458235,2.6666666666666665,3.0,,3.0,3.0,2.0,3.0
2020,초4,1.0,0.9461793675149969,2.6666666666666665,1.0,,3.0,3.0,2.0,1.0
2020,초4,1.0,0.9461793675149969,3.6666666666666665,3.0,,4.0,4.0,3.0,3.0
2020,초4,1.0,0.9461793675149969,3.3333333333333335,3.0,,3.0,4.0,3.0,3.0
2020,초4,1.0,0.9461793675149969,3.0,1.0,,4.0,4.0,1.0,1.0
2020,초4,1.0,0.9461793675149969,3.3333333333333335,3.0,,3.0,4.0,3.0,3.0
2020,초4,1.0,0.9461793675149969,3.0,3.0,,3.0,4.0,2.0,3.0
2020,초4,1.0,0.9461793675149969,2.6666666666666665,2.0,,3.0,3.0,2.0,2.0
2020,초4,1.0,0.9461793675149969,2.6666666666666665,2.0,,3.0,3.0,2.0,2.0
2020,초4,1.0,0.9461793675149969,4.0,4.0,,4.0,4.0,4.0,4.0
2020,초4,1.0,0.9461793675149969,3.0,3.0,,3.0,3.0,3.0,3.0
2020,초4,1.0,0.9461793675149969,3.0,3.0,,3.0,3.0,3.0,3.0
2020,초4,1.0,0.9461793675149969,3.3333333333333335,3.0,,3.0,4.0,3.0,3.0
2020,초4,1.0,0.9461793675149969,3.0,3.0,,3.0,3.0,3.0,3.0
2020,초4,2.0,0.794025752261727,3.3333333333333335,4.0,,4.0,4.0,2.0,4.0
2020,초4,2.0,0.794025752261727,3.3333333333333335,4.0,,3.0,4.0,3.0,4.0
2020,초4,2.0,0.794025752261727,3.3333333333333335,3.0,,3.0,4.0,3.0,3.0
2020,초4,2.0,0.794025752261727,3.6666666666666665,3.0,,3.0,4.0,4.0,3.0
2020,초4,2.0,0.794025752261727,3.3333333333333335,3.0,,4.0,4.0,2.0,3.0
2020,초4,2.0,0.794025752261727,3.6666666666666665,4.0,,4.0,4.0,3.0,4.0
2020,초4,2.0,0.794025752261727,3.6666666666666665,4.0,,3.0,4.0,4.0,4.0
2020,초4,2.0,0.794025752261727,3.3333333333333335,3.0,,3.0,4.0,3.0,3.0
2020,초4,2.0,0.794025752261727,3.6666666666666665,3.0,,4.0,4.0,3.0,3.0
2020,초4,2.0,0.794025752261727,3.6666666666666665,4.0,,4.0,4.0,3.0,4.0
2020,초4,2.0,0.794025752261727,3.6666666666666665,3.0,,4.0,4.0,3.0,3.0
2020,초4,2.0,0.794025752261727,3.3333333333333335,3.0,,3.0,4.0,3.0,3.0
2020,초6,1.0,1.3758350662999068,2.3333333333333335,1.0,,3.0,3.0,1.0,1.0
2020,초6,1.0,1.3758350662999068,2.6666666666666665,2.0,,3.0,3.0,2.0,2.0
2020,초6,1.0,1.3758350662999068,3.6666666666666665,4.0,,4.0,4.0,3.0,4.0
2020,초6,1.0,1.3758350662999068,2.6666666666666665,1.0,,3.0,3.0,2.0,1.0
2020,초6,1.0,1.3758350662999068,3.0,2.0,,3.0,3.0,3.0,2.0
2020,초6,1.0,1.3758350662999068,3.3333333333333335,3.0,,3.0,4.0,3.0,3.0
2020,초6,1.0,1.3758350662999068,3.0,3.0,,3.0,3.0,3.0,3.0
2020,초6,1.0,1.3758350662999068,2.6666666666666665,3.0,,3.0,3.0,2.0,3.0
2020,초6,1.0,1.3758350662999068,2.6666666666666665,2.0,,3.0,3.0,2.0,2.0
2020,초6,1.0,1.3758350662999068,4.0,4.0,,4.0,4.0,4.0,4.0
2020,초6,1.0,1.3758350662999068,3.6666666666666665,3.0,,4.0,4.0,3.0,3.0
2020,초6,1.0,1.3758350662999068,4.0,4.0,,4.0,4.0,4.0,4.0
2020,초6,1.0,1.3758350662999068,2.6666666666666665,4.0,,3.0,3.0,2.0,4.0
2020,초6,1.0,1.3758350662999068,3.3333333333333335,3.0,,3.0,4.0,3.0,3.0
2020,초6,2.0,1.4499189671073769,3.0,4.0,,3.0,3.0,3.0,4.0
2020,초6,2.0,1.4499189671073769,4.0,3.0,,4.0,4.0,4.0,3.0
2020,초6,2.0,1.4499189671073769,3.0,3.0,,3.0,3.0,3.0,3.0
2020,초6,2.0,1.4499189671073769,2.6666666666666665,3.0,,3.0,3.0,2.0,3.0
2020,초6,2.0,1.4499189671073769,2.6666666666666665,2.0,,3.0,3.0,2.0,2.0
2020,초6,2.0,1.4499189671073769,3.3333333333333335,3.0,,3.0,4.0,3.0,3.0
2020,초6,2.0,1.4499189671073769,3.6666666666666665,4.0,,4.0,4.0,3.0,4.0
2020,초6,2.0,1.4499189671073769,4.0,4.0,,4.0,4.0,4.0,4.0
2020,초4,1.0,0.912387247246604,4.0,4.0,,4.0,4.0,4.0,4.0
2020,초4,1.0,0.912387247246604,3.6666666666666665,4.0,,3.0,4.0,4.0,4.0
2020,초4,1.0,0.912387247246604,4.0,4.0,,4.0,4.0,4.0,4.0
2020,초4,1.0,0.912387247246604,3.3333333333333335,3.0,,3.0,4.0,3.0,3.0
2020,초4,1.0,0.912387247246604,4.0,4.0,,4.0,4.0,4.0,4.0
2020,초4,1.0,0.912387247246604,3.6666666666666665,4.0,,4.0,4.0,3.0,4.0
2020,초4,1.0,0.912387247246604,3.3333333333333335,3.0,,3.0,4.0,3.0,3.0
2020,초4,1.0,0.912387247246604,4.0,4.0,,4.0,4.0,4.0,4.0
2020,초4,1.0,0.912387247246604,3.3333333333333335,2.0,,3.0,4.0,3.0,2.0
2020,초4,1.0,0.912387247246604,3.3333333333333335,3.0,,3.0,4.0,3.0,3.0
2020,초4,1.0,0.912387247246604,3.3333333333333335,3.0,,3.0,4.0,3.0,3.0
2020,초4,1.0,0.912387247246604,3.0,3.0,,3.0,3.0,3.0,3.0
2020,초4,1.0,0.912387247246604,3.3333333333333335,3.0,,3.0,4.0,3.0,3.0
2020,초4,2.0,0.765667689680951,3.0,3.0,,3.0,3.0,3.0,3.0
2020,초4,2.0,0.765667689680951,3.3333333333333335,3.0,,3.0,4.0,3.0,3.0
2020,초4,2.0,0.765667689680951,3.6666666666666665,3.0,,4.0,4.0,3.0,3.0
2020,초4,2.0,0.765667689680951,3.0,3.0,,3.0,3.0,3.0,3.0
2020,초4,2.0,0.765667689680951,4.0,4.0,,4.0,4.0,4.0,4.0
2020,초4,2.0,0.765667689680951,4.0,4.0,,4.0,4.0,4.0,4.0
2020,초4,2.0,0.765667689680951,2.0,2.0,,1.0,3.0,2.0,2.0
2020,초4,2.0,0.765667689680951,4.0,3.0,,4.0,4.0,4.0,3.0
2020,초4,2.0,0.765667689680951,3.6666666666666665,3.0,,4.0,4.0,3.0,3.0
2020,초4,2.0,0.765667689680951,2.6666666666666665,3.0,,3.0,3.0,2.0,3.0
2020,초4,2.0,0.765667689680951,3.6666666666666665,3.0,,4.0,4.0,3.0,3.0
2020,초4,2.0,0.765667689680951,4.0,4.0,,4.0,4.0,4.0,4.0
2020,초4,2.0,0.765667689680951,4.0,4.0,,4.0,4.0,4.0,4.0
2020,초4,1.0,0.880925618031204,2.3333333333333335,1.0,,3.0,3.0,1.0,1.0
2020,초4,1.0,0.880925618031204,2.6666666666666665,2.0,,3.0,4.0,1.0,2.0
2020,초4,1.0,0.880925618031204,3.3333333333333335,3.0,,3.0,4.0,3.0,3.0
2020,초4,1.0,0.880925618031204,2.3333333333333335,3.0,,3.0,1.0,3.0,3.0
2020,초4,1.0,0.880925618031204,4.0,4.0,,4.0,4.0,4.0,4.0
2020,초4,1.0,0.880925618031204,2.0,1.0,,2.0,3.0,1.0,1.0
2020,초4,1.0,0.880925618031204,3.3333333333333335,3.0,,3.0,4.0,3.0,3.0
2020,초4,1.0,0.880925618031204,2.6666666666666665,2.0,,3.0,3.0,2.0,2.0
2020,초4,1.0,0.880925618031204,3.0,1.0,,1.0,4.0,4.0,1.0
2020,초4,1.0,0.880925618031204,3.0,1.0,,4.0,4.0,1.0,1.0
2020,초4,1.0,0.880925618031204,3.0,2.0,,3.0,4.0,2.0,2.0
2020,초4,1.0,0.880925618031204,3.6666666666666665,4.0,,3.0,4.0,4.0,4.0
2020,초4,1.0,0.880925618031204,3.3333333333333335,3.0,,3.0,4.0,3.0,3.0
2020,초4,1.0,0.880925618031204,3.6666666666666665,3.0,,4.0,4.0,3.0,3.0
2020,초4,1.0,0.880925618031204,3.3333333333333335,4.0,,3.0,3.0,4.0,4.0
2020,초4,1.0,0.880925618031204,3.0,3.0,,3.0,4.0,2.0,3.0
2020,초4,2.0,0.7392653555540216,3.3333333333333335,4.0,,3.0,4.0,3.0,4.0
2020,초4,2.0,0.7392653555540216,3.0,2.0,,3.0,4.0,2.0,2.0
2020,초4,2.0,0.7392653555540216,4.0,4.0,,4.0,4.0,4.0,4.0
2020,초4,2.0,0.7392653555540216,4.0,4.0,,4.0,4.0,4.0,4.0
2020,초4,2.0,0.7392653555540216,3.3333333333333335,3.0,,4.0,4.0,2.0,3.0
2020,초4,2.0,0.7392653555540216,3.3333333333333335,3.0,,3.0,4.0,3.0,3.0
2020,초4,2.0,0.7392653555540216,3.3333333333333335,4.0,,3.0,4.0,3.0,4.0
2020,초4,2.0,0.7392653555540216,2.6666666666666665,3.0,,3.0,3.0,2.0,3.0
2020,초4,2.0,0.7392653555540216,2.6666666666666665,2.0,,2.0,4.0,2.0,2.0
2020,초4,2.0,0.7392653555540216,3.6666666666666665,3.0,,4.0,4.0,3.0,3.0
2020,초4,2.0,0.7392653555540216,3.3333333333333335,3.0,,3.0,4.0,3.0,3.0
2020,초4,2.0,0.7392653555540216,3.0,4.0,,3.0,3.0,3.0,4.0
2020,초4,2.0,0.7392653555540216,3.6666666666666665,4.0,,3.0,4.0,4.0,4.0
2020,초4,1.0,0.9461793675149969,4.0,4.0,,4.0,4.0,4.0,4.0
2020,초4,1.0,0.9461793675149969,2.6666666666666665,3.0,,3.0,3.0,2.0,3.0
2020,초4,1.0,0.9461793675149969,3.3333333333333335,3.0,,3.0,4.0,3.0,3.0
2020,초4,1.0,0.9461793675149969,4.0,3.0,,4.0,4.0,4.0,3.0
2020,초4,1.0,0.9461793675149969,3.6666666666666665,4.0,,3.0,4.0,4.0,4.0
2020,초4,1.0,0.9461793675149969,2.6666666666666665,2.0,,3.0,3.0,2.0,2.0
2020,초4,1.0,0.9461793675149969,3.6666666666666665,3.0,,4.0,4.0,3.0,3.0
2020,초4,1.0,0.9461793675149969,3.3333333333333335,3.0,,3.0,4.0,3.0,3.0
2020,초4,1.0,0.9461793675149969,3.6666666666666665,3.0,,4.0,4.0,3.0,3.0
2020,초4,1.0,0.9461793675149969,3.0,3.0,,3.0,3.0,3.0,3.0
2020,초4,2.0,0.794025752261727,4.0,4.0,,4.0,4.0,4.0,4.0
2020,초4,2.0,0.794025752261727,4.0,4.0,,4.0,4.0,4.0,4.0
2020,초4,2.0,0.794025752261727,3.3333333333333335,3.0,,3.0,3.0,4.0,3.0
2020,초4,2.0,0.794025752261727,4.0,4.0,,4.0,4.0,4.0,4.0
2020,초4,2.0,0.794025752261727,2.6666666666666665,2.0,,2.0,3.0,3.0,2.0
2020,초4,2.0,0.794025752261727,3.3333333333333335,3.0,,3.0,4.0,3.0,3.0
2020,초4,2.0,0.794025752261727,3.3333333333333335,3.0,,3.0,4.0,3.0,3.0
2020,초4,2.0,0.794025752261727,3.0,3.0,,3.0,3.0,3.0,3.0
2020,초4,2.0,0.794025752261727,3.6666666666666665,3.0,,4.0,4.0,3.0,3.0
2020,초4,2.0,0.794025752261727,3.6666666666666665,4.0,,4.0,4.0,3.0,4.0
2020,초4,2.0,0.794025752261727,4.0,4.0,,4.0,4.0,4.0,4.0
2020,초4,2.0,0.794025752261727,4.0,4.0,,4.0,4.0,4.0,4.0
2020,초4,2.0,0.794025752261727,3.0,3.0,,3.0,3.0,3.0,3.0
2020,초4,2.0,0.794025752261727,4.0,4.0,,4.0,4.0,4.0,4.0
2020,초4,2.0,0.794025752261727,3.0,3.0,,3.0,3.0,3.0,3.0
2020,초6,2.0,1.1392220455843673,4.0,4.0,,4.0,4.0,4.0,4.0
2020,초6,2.0,1.1392220455843673,3.6666666666666665,4.0,,4.0,4.0,3.0,4.0
2020,초6,2.0,1.1392220455843673,3.0,3.0,,3.0,3.0,3.0,3.0
2020,초6,2.0,1.1392220455843673,3.6666666666666665,3.0,,4.0,4.0,3.0,3.0
2020,초6,2.0,1.1392220455843673,4.0,4.0,,4.0,4.0,4.0,4.0
2020,초6,2.0,1.1392220455843673,4.0,4.0,,4.0,4.0,4.0,4.0
2020,초6,2.0,1.1392220455843673,4.0,4.0,,4.0,4.0,4.0,4.0
2020,초6,2.0,1.1392220455843673,4.0,3.0,,4.0,4.0,4.0,3.0
2020,초6,2.0,1.1392220455843673,3.3333333333333335,2.0,,3.0,4.0,3.0,2.0
2020,초6,2.0,1.1392220455843673,4.0,4.0,,4.0,4.0,4.0,4.0
2020,초6,2.0,1.1392220455843673,3.0,3.0,,3.0,3.0,3.0,3.0
2020,초6,2.0,1.1392220455843673,3.3333333333333335,3.0,,3.0,4.0,3.0,3.0
2020,초6,2.0,1.1392220455843673,3.3333333333333335,3.0,,3.0,4.0,3.0,3.0
2020,초6,2.0,1.1392220455843673,3.0,3.0,,3.0,3.0,3.0,3.0
2020,초6,1.0,1.0810132663784981,3.6666666666666665,3.0,,4.0,4.0,3.0,3.0
2020,초6,1.0,1.0810132663784981,3.0,3.0,,3.0,3.0,3.0,3.0
2020,초6,1.0,1.0810132663784981,3.0,2.0,,3.0,3.0,3.0,2.0
2020,초6,1.0,1.0810132663784981,3.3333333333333335,3.0,,3.0,3.0,4.0,3.0
2020,초6,1.0,1.0810132663784981,3.0,3.0,,3.0,3.0,3.0,3.0
2020,초6,1.0,1.0810132663784981,3.6666666666666665,3.0,,4.0,4.0,3.0,3.0
2020,초6,1.0,1.0810132663784981,3.3333333333333335,3.0,,3.0,4.0,3.0,3.0
2020,초6,1.0,1.0810132663784981,3.0,3.0,,4.0,3.0,2.0,3.0
2020,초6,1.0,1.0810132663784981,3.3333333333333335,3.0,,3.0,4.0,3.0,3.0
2020,초6,1.0,1.0810132663784981,3.3333333333333335,3.0,,3.0,4.0,3.0,3.0
2020,초6,1.0,1.0810132663784981,2.3333333333333335,1.0,,3.0,3.0,1.0,1.0
2020,초6,1.0,1.0810132663784981,3.3333333333333335,2.0,,3.0,4.0,3.0,2.0
2020,초6,1.0,1.0810132663784981,3.0,2.0,,2.0,3.0,4.0,2.0
2020,초5,1.0,1.1302988458710275,3.0,3.0,,3.0,4.0,2.0,3.0
2020,초5,1.0,1.1302988458710275,2.6666666666666665,1.0,,2.0,4.0,2.0,1.0
2020,초5,1.0,1.1302988458710275,3.3333333333333335,4.0,,3.0,3.0,4.0,4.0
2020,초5,1.0,1.1302988458710275,2.0,3.0,,3.0,2.0,1.0,3.0
2020,초5,1.0,1.1302988458710275,4.0,4.0,,4.0,4.0,4.0,4.0
2020,초5,1.0,1.1302988458710275,3.3333333333333335,3.0,,3.0,4.0,3.0,3.0
2020,초5,1.0,1.1302988458710275,3.0,3.0,,3.0,3.0,3.0,3.0
2020,초5,1.0,1.1302988458710275,2.3333333333333335,4.0,,3.0,3.0,1.0,4.0
2020,초5,1.0,1.1302988458710275,3.6666666666666665,3.0,,4.0,4.0,3.0,3.0
2020,초5,1.0,1.1302988458710275,2.6666666666666665,3.0,,3.0,3.0,2.0,3.0
2020,초5,1.0,1.1302988458710275,3.0,3.0,,3.0,3.0,3.0,3.0
2020,초5,1.0,1.1302988458710275,3.6666666666666665,3.0,,3.0,4.0,4.0,3.0
2020,초5,1.0,1.1302988458710275,3.3333333333333335,3.0,,3.0,4.0,3.0,3.0
2020,초5,2.0,1.32210000084619,3.3333333333333335,3.0,,3.0,4.0,3.0,3.0
2020,초5,2.0,1.32210000084619,4.0,4.0,,4.0,4.0,4.0,4.0
2020,초5,2.0,1.32210000084619,3.0,3.0,,3.0,3.0,3.0,3.0
2020,초5,2.0,1.32210000084619,3.0,3.0,,3.0,3.0,3.0,3.0
2020,초5,2.0,1.32210000084619,3.6666666666666665,3.0,,3.0,4.0,4.0,3.0
2020,초5,2.0,1.32210000084619,4.0,4.0,,4.0,4.0,4.0,4.0
2020,초5,2.0,1.32210000084619,3.3333333333333335,3.0,,3.0,4.0,3.0,3.0
2020,초5,2.0,1.32210000084619,3.6666666666666665,3.0,,4.0,4.0,3.0,3.0
2020,초5,2.0,1.32210000084619,2.3333333333333335,1.0,,3.0,2.0,2.0,1.0
2020,초6,1.0,1.0810132663784981,3.3333333333333335,3.0,,3.0,4.0,3.0,3.0
2020,초6,1.0,1.0810132663784981,3.0,2.0,,3.0,4.0,2.0,2.0
2020,초6,1.0,1.0810132663784981,3.6666666666666665,3.0,,4.0,4.0,3.0,3.0
2020,초6,1.0,1.0810132663784981,2.3333333333333335,1.0,,3.0,3.0,1.0,1.0
2020,초6,1.0,1.0810132663784981,3.0,2.0,,3.0,3.0,3.0,2.0
2020,초6,1.0,1.0810132663784981,3.6666666666666665,3.0,,4.0,4.0,3.0,3.0
2020,초6,1.0,1.0810132663784981,3.0,2.0,,3.0,4.0,2.0,2.0
2020,초6,1.0,1.0810132663784981,3.0,3.0,,3.0,3.0,3.0,3.0
2020,초6,1.0,1.0810132663784981,3.3333333333333335,2.0,,4.0,3.0,3.0,2.0
2020,초6,1.0,1.0810132663784981,4.0,4.0,,4.0,4.0,4.0,4.0
2020,초6,1.0,1.0810132663784981,3.6666666666666665,4.0,,4.0,3.0,4.0,4.0
2020,초6,1.0,1.0810132663784981,3.6666666666666665,3.0,,3.0,4.0,4.0,3.0
2020,초6,1.0,1.0810132663784981,3.0,1.0,,3.0,4.0,2.0,1.0
2020,초6,1.0,1.0810132663784981,4.0,4.0,,4.0,4.0,4.0,4.0
2020,초6,1.0,1.0810132663784981,3.0,2.0,,3.0,3.0,3.0,2.0
2020,초6,2.0,1.1392220455843673,2.6666666666666665,3.0,,3.0,3.0,2.0,3.0
2020,초6,2.0,1.1392220455843673,3.6666666666666665,3.0,,4.0,4.0,3.0,3.0
2020,초6,2.0,1.1392220455843673,4.0,4.0,,4.0,4.0,4.0,4.0
2020,초6,2.0,1.1392220455843673,3.0,2.0,,3.0,4.0,2.0,2.0
2020,초6,2.0,1.1392220455843673,2.3333333333333335,2.0,,3.0,3.0,1.0,2.0
2020,초6,2.0,1.1392220455843673,2.6666666666666665,2.0,,3.0,3.0,2.0,2.0
2020,초6,2.0,1.1392220455843673,4.0,3.0,,4.0,4.0,4.0,3.0
2020,초6,2.0,1.1392220455843673,3.0,3.0,,3.0,3.0,3.0,3.0
2020,초6,2.0,1.1392220455843673,3.0,2.0,,3.0,3.0,3.0,2.0
2020,초6,2.0,1.1392220455843673,3.0,3.0,,3.0,3.0,3.0,3.0
2020,초6,2.0,1.1392220455843673,3.6666666666666665,3.0,,4.0,4.0,3.0,3.0
2020,초6,2.0,1.1392220455843673,2.6666666666666665,2.0,,3.0,3.0,2.0,2.0
2020,초6,2.0,1.181415454680085,2.6666666666666665,2.0,,3.0,3.0,2.0,2.0
2020,초6,2.0,1.181415454680085,2.6666666666666665,3.0,,3.0,3.0,2.0,3.0
2020,초6,2.0,1.181415454680085,3.3333333333333335,3.0,,3.0,4.0,3.0,3.0
2020,초6,2.0,1.181415454680085,3.0,3.0,,3.0,3.0,3.0,3.0
2020,초6,2.0,1.181415454680085,2.6666666666666665,2.0,,3.0,3.0,2.0,2.0
2020,초6,2.0,1.181415454680085,3.0,3.0,,3.0,3.0,3.0,3.0
2020,초6,2.0,1.181415454680085,2.6666666666666665,2.0,,3.0,3.0,2.0,2.0
2020,초6,2.0,1.181415454680085,3.0,3.0,,3.0,3.0,3.0,3.0
2020,초6,2.0,1.181415454680085,2.6666666666666665,2.0,,3.0,3.0,2.0,2.0
2020,초6,2.0,1.181415454680085,3.6666666666666665,3.0,,4.0,4.0,3.0,3.0
2020,초6,2.0,1.181415454680085,2.0,1.0,,2.0,3.0,1.0,1.0
2020,초6,2.0,1.181415454680085,4.0,4.0,,4.0,4.0,4.0,4.0
2020,초6,2.0,1.181415454680085,4.0,4.0,,4.0,4.0,4.0,4.0
2020,초6,1.0,1.1210507947628872,3.0,3.0,,3.0,3.0,3.0,3.0
2020,초6,1.0,1.1210507947628872,3.3333333333333335,3.0,,3.0,4.0,3.0,3.0
2020,초6,1.0,1.1210507947628872,3.0,3.0,,3.0,3.0,3.0,3.0
2020,초6,1.0,1.1210507947628872,2.6666666666666665,2.0,,3.0,3.0,2.0,2.0
2020,초6,1.0,1.1210507947628872,3.0,2.0,,3.0,3.0,3.0,2.0
2020,초6,1.0,1.1210507947628872,2.3333333333333335,3.0,,3.0,1.0,3.0,3.0
2020,초6,1.0,1.1210507947628872,3.3333333333333335,2.0,,4.0,4.0,2.0,2.0
2020,초6,1.0,1.1210507947628872,1.6666666666666667,2.0,,2.0,2.0,1.0,2.0
2020,초6,1.0,1.1210507947628872,3.0,3.0,,3.0,3.0,3.0,3.0
2020,초6,1.0,1.1210507947628872,3.0,1.0,,3.0,4.0,2.0,1.0
2020,초6,1.0,1.1210507947628872,3.0,2.0,,3.0,3.0,3.0,2.0
2020,초6,1.0,1.1210507947628872,3.0,3.0,,3.0,3.0,3.0,3.0
2020,초6,1.0,1.1210507947628872,3.3333333333333335,3.0,,3.0,4.0,3.0,3.0
2020,초6,1.0,1.1210507947628872,4.0,4.0,,4.0,4.0,4.0,4.0
2020,초5,1.0,1.1302988458710275,3.6666666666666665,2.0,,4.0,4.0,3.0,2.0
2020,초5,1.0,1.1302988458710275,3.3333333333333335,3.0,,3.0,4.0,3.0,3.0
2020,초5,1.0,1.1302988458710275,2.6666666666666665,3.0,,2.0,3.0,3.0,3.0
2020,초5,1.0,1.1302988458710275,4.0,3.0,,4.0,4.0,4.0,3.0
2020,초5,1.0,1.1302988458710275,3.6666666666666665,1.0,,4.0,4.0,3.0,1.0
2020,초5,1.0,1.1302988458710275,4.0,4.0,,4.0,4.0,4.0,4.0
2020,초5,1.0,1.1302988458710275,3.3333333333333335,4.0,,4.0,3.0,3.0,4.0
2020,초5,1.0,1.1302988458710275,3.0,3.0,,3.0,3.0,3.0,3.0
2020,초5,1.0,1.1302988458710275,3.3333333333333335,3.0,,3.0,4.0,3.0,3.0
2020,초5,1.0,1.1302988458710275,3.6666666666666665,4.0,,3.0,4.0,4.0,4.0
2020,초5,2.0,1.32210000084619,3.3333333333333335,3.0,,3.0,4.0,3.0,3.0
2020,초5,2.0,1.32210000084619,3.3333333333333335,3.0,,3.0,4.0,3.0,3.0
2020,초5,2.0,1.32210000084619,2.6666666666666665,2.0,,3.0,3.0,2.0,2.0
2020,초5,2.0,1.32210000084619,3.0,3.0,,3.0,3.0,3.0,3.0
2020,초5,2.0,1.32210000084619,2.6666666666666665,1.0,,3.0,3.0,2.0,1.0
2020,초5,2.0,1.32210000084619,2.6666666666666665,3.0,,3.0,2.0,3.0,3.0
2020,초5,2.0,1.32210000084619,3.0,2.0,,3.0,3.0,3.0,2.0
2020,초5,2.0,1.32210000084619,3.3333333333333335,2.0,,3.0,4.0,3.0,2.0
2020,초5,2.0,1.32210000084619,3.0,3.0,,4.0,3.0,2.0,3.0
2020,초5,2.0,1.32210000084619,3.6666666666666665,3.0,,4.0,4.0,3.0,3.0
2020,초5,2.0,1.32210000084619,3.6666666666666665,3.0,,4.0,4.0,3.0,3.0
2020,초5,2.0,1.32210000084619,4.0,3.0,,4.0,4.0,4.0,3.0
2020,초5,1.0,0.9564067157370231,2.6666666666666665,2.0,,4.0,3.0,1.0,2.0
2020,초5,1.0,0.9564067157370231,3.6666666666666665,3.0,,3.0,4.0,4.0,3.0
2020,초5,1.0,0.9564067157370231,3.6666666666666665,3.0,,4.0,4.0,3.0,3.0
2020,초5,1.0,0.9564067157370231,2.6666666666666665,1.0,,3.0,3.0,2.0,1.0
2020,초5,1.0,0.9564067157370231,2.3333333333333335,2.0,,2.0,3.0,2.0,2.0
2020,초5,1.0,0.9564067157370231,3.0,3.0,,3.0,3.0,3.0,3.0
2020,초5,1.0,0.9564067157370231,3.3333333333333335,2.0,,3.0,4.0,3.0,2.0
2020,초5,1.0,0.9564067157370231,3.6666666666666665,3.0,,4.0,4.0,3.0,3.0
2020,초5,1.0,0.9564067157370231,2.6666666666666665,2.0,,2.0,4.0,2.0,2.0
2020,초5,1.0,0.9564067157370231,3.6666666666666665,3.0,,3.0,4.0,4.0,3.0
2020,초5,1.0,0.9564067157370231,3.0,3.0,,3.0,3.0,3.0,3.0
2020,초5,1.0,0.9564067157370231,3.3333333333333335,3.0,,3.0,4.0,3.0,3.0
2020,초5,1.0,0.9564067157370231,2.3333333333333335,1.0,,3.0,3.0,1.0,1.0
2020,초5,1.0,0.9564067157370231,3.3333333333333335,3.0,,3.0,4.0,3.0,3.0
2020,초5,2.0,1.118700000716007,3.3333333333333335,3.0,,3.0,4.0,3.0,3.0
2020,초5,2.0,1.118700000716007,3.0,3.0,,3.0,3.0,3.0,3.0
2020,초5,2.0,1.118700000716007,3.3333333333333335,3.0,,3.0,4.0,3.0,3.0
2020,초5,2.0,1.118700000716007,3.0,2.0,,3.0,3.0,3.0,2.0
2020,초5,2.0,1.118700000716007,3.0,3.0,,3.0,3.0,3.0,3.0
2020,초5,2.0,1.118700000716007,3.3333333333333335,2.0,,3.0,4.0,3.0,2.0
2020,초5,2.0,1.118700000716007,3.6666666666666665,3.0,,4.0,4.0,3.0,3.0
2020,초5,2.0,1.118700000716007,3.6666666666666665,3.0,,4.0,4.0,3.0,3.0
2020,초5,2.0,1.118700000716007,3.3333333333333335,2.0,,3.0,4.0,3.0,2.0
2020,초5,2.0,1.118700000716007,2.0,3.0,,2.0,3.0,1.0,3.0
2020,초5,2.0,1.118700000716007,3.0,2.0,,3.0,4.0,2.0,2.0
2020,초5,2.0,1.118700000716007,3.6666666666666665,3.0,,3.0,4.0,4.0,3.0
2020,초5,1.0,0.9564067157370231,4.0,4.0,,4.0,4.0,4.0,4.0
2020,초5,1.0,0.9564067157370231,2.6666666666666665,2.0,,3.0,3.0,2.0,2.0
2020,초5,1.0,0.9564067157370231,4.0,4.0,,4.0,4.0,4.0,4.0
2020,초5,1.0,0.9564067157370231,3.6666666666666665,3.0,,4.0,4.0,3.0,3.0
2020,초5,1.0,0.9564067157370231,2.6666666666666665,2.0,,3.0,3.0,2.0,2.0
2020,초5,1.0,0.9564067157370231,4.0,3.0,,4.0,4.0,4.0,3.0
2020,초5,1.0,0.9564067157370231,4.0,4.0,,4.0,4.0,4.0,4.0
2020,초5,1.0,0.9564067157370231,2.6666666666666665,2.0,,2.0,4.0,2.0,2.0
2020,초5,1.0,0.9564067157370231,3.6666666666666665,3.0,,4.0,4.0,3.0,3.0
2020,초5,1.0,0.9564067157370231,3.6666666666666665,3.0,,4.0,4.0,3.0,3.0
2020,초5,1.0,0.9564067157370231,3.6666666666666665,3.0,,3.0,4.0,4.0,3.0
2020,초5,1.0,0.9564067157370231,3.0,3.0,,3.0,3.0,3.0,3.0
2020,초5,1.0,0.9564067157370231,3.6666666666666665,4.0,,3.0,4.0,4.0,4.0
2020,초5,1.0,0.9564067157370231,3.0,2.0,,3.0,3.0,3.0,2.0
2020,초5,1.0,0.9564067157370231,3.3333333333333335,3.0,,3.0,4.0,3.0,3.0
2020,초5,1.0,0.9564067157370231,3.3333333333333335,2.0,,3.0,4.0,3.0,2.0
2020,초5,2.0,1.118700000716007,3.3333333333333335,3.0,,3.0,3.0,4.0,3.0
2020,초5,2.0,1.118700000716007,4.0,4.0,,4.0,4.0,4.0,4.0
2020,초5,2.0,1.118700000716007,4.0,4.0,,4.0,4.0,4.0,4.0
2020,초5,2.0,1.118700000716007,3.6666666666666665,3.0,,4.0,4.0,3.0,3.0
2020,초5,2.0,1.118700000716007,3.0,3.0,,3.0,4.0,2.0,3.0
2020,초5,2.0,1.118700000716007,3.0,2.0,,3.0,4.0,2.0,2.0
2020,초5,2.0,1.118700000716007,3.0,3.0,,3.0,3.0,3.0,3.0
2020,초5,2.0,1.118700000716007,3.3333333333333335,3.0,,3.0,4.0,3.0,3.0
2020,초5,2.0,1.118700000716007,3.6666666666666665,3.0,,4.0,4.0,3.0,3.0
2020,초4,1.0,0.8515614307634972,2.0,1.0,,3.0,2.0,1.0,1.0
2020,초4,1.0,0.8515614307634972,4.0,3.0,,4.0,4.0,4.0,3.0
2020,초4,1.0,0.8515614307634972,2.3333333333333335,3.0,,2.0,3.0,2.0,3.0
2020,초4,1.0,0.8515614307634972,4.0,4.0,,4.0,4.0,4.0,4.0
2020,초4,1.0,0.8515614307634972,4.0,4.0,,4.0,4.0,4.0,4.0
2020,초4,1.0,0.8515614307634972,4.0,4.0,,4.0,4.0,4.0,4.0
2020,초4,1.0,0.8515614307634972,3.3333333333333335,2.0,,3.0,4.0,3.0,2.0
2020,초4,1.0,0.8515614307634972,3.6666666666666665,3.0,,4.0,4.0,3.0,3.0
2020,초4,1.0,0.8515614307634972,4.0,4.0,,4.0,4.0,4.0,4.0
2020,초4,1.0,0.8515614307634972,2.3333333333333335,3.0,,2.0,3.0,2.0,3.0
2020,초4,1.0,0.8515614307634972,3.3333333333333335,3.0,,3.0,4.0,3.0,3.0
2020,초4,2.0,0.7146231770355543,3.6666666666666665,3.0,,3.0,4.0,4.0,3.0
2020,초4,2.0,0.7146231770355543,4.0,4.0,,4.0,4.0,4.0,4.0
2020,초4,2.0,0.7146231770355543,4.0,4.0,,4.0,4.0,4.0,4.0
2020,초4,2.0,0.7146231770355543,3.0,4.0,,2.0,3.0,4.0,4.0
2020,초4,2.0,0.7146231770355543,3.3333333333333335,3.0,,3.0,4.0,3.0,3.0
2020,초4,2.0,0.7146231770355543,3.6666666666666665,4.0,,3.0,4.0,4.0,4.0
2020,초4,2.0,0.7146231770355543,3.3333333333333335,3.0,,3.0,4.0,3.0,3.0
2020,초4,2.0,0.7146231770355543,3.0,3.0,,3.0,3.0,3.0,3.0
2020,초4,2.0,0.7146231770355543,3.6666666666666665,3.0,,4.0,4.0,3.0,3.0
2020,초4,2.0,0.7146231770355543,4.0,4.0,,4.0,4.0,4.0,4.0
2020,초4,2.0,0.7146231770355543,4.0,4.0,,4.0,4.0,4.0,4.0
2020,초4,2.0,0.7146231770355543,3.6666666666666665,3.0,,4.0,4.0,3.0,3.0
2020,초4,2.0,0.7146231770355543,4.0,4.0,,4.0,4.0,4.0,4.0
2020,초4,2.0,0.7146231770355543,3.0,3.0,,3.0,3.0,3.0,3.0
2020,초4,2.0,0.7146231770355543,3.6666666666666665,3.0,,4.0,4.0,3.0,3.0
2020,초4,2.0,0.7146231770355543,3.3333333333333335,3.0,,3.0,4.0,3.0,3.0
2020,초4,2.0,0.7146231770355543,3.6666666666666665,3.0,,4.0,4.0,3.0,3.0
2020,초4,2.0,0.7146231770355543,3.6666666666666665,3.0,,4.0,4.0,3.0,3.0
2020,초4,1.0,0.8240917071904811,3.6666666666666665,1.0,,3.0,4.0,4.0,1.0
2020,초4,1.0,0.8240917071904811,3.3333333333333335,2.0,,3.0,4.0,3.0,2.0
2020,초4,1.0,0.8240917071904811,2.3333333333333335,2.0,,3.0,3.0,1.0,2.0
2020,초4,1.0,0.8240917071904811,2.0,3.0,,2.0,2.0,2.0,3.0
2020,초4,1.0,0.8240917071904811,4.0,4.0,,4.0,4.0,4.0,4.0
2020,초4,1.0,0.8240917071904811,3.3333333333333335,3.0,,3.0,3.0,4.0,3.0
2020,초4,1.0,0.8240917071904811,2.0,2.0,,1.0,2.0,3.0,2.0
2020,초4,1.0,0.8240917071904811,3.0,3.0,,2.0,4.0,3.0,3.0
2020,초4,1.0,0.8240917071904811,2.3333333333333335,1.0,,3.0,3.0,1.0,1.0
2020,초4,1.0,0.8240917071904811,2.6666666666666665,4.0,,3.0,3.0,2.0,4.0
2020,초4,1.0,0.8240917071904811,3.3333333333333335,3.0,,3.0,4.0,3.0,3.0
2020,초4,1.0,0.8240917071904811,2.6666666666666665,2.0,,3.0,3.0,2.0,2.0
2020,초4,1.0,0.8240917071904811,2.6666666666666665,3.0,,3.0,3.0,2.0,3.0
2020,초4,1.0,0.8240917071904811,2.3333333333333335,1.0,,2.0,4.0,1.0,1.0
2020,초4,1.0,0.8240917071904811,3.3333333333333335,2.0,,3.0,4.0,3.0,2.0
2020,초4,1.0,0.8240917071904811,2.3333333333333335,1.0,,3.0,3.0,1.0,1.0
2020,초4,1.0,0.8240917071904811,2.3333333333333335,2.0,,2.0,3.0,2.0,2.0
2020,초4,1.0,0.8240917071904811,4.0,4.0,,4.0,4.0,4.0,4.0
2020,초4,1.0,0.8240917071904811,3.0,4.0,,3.0,3.0,3.0,4.0
2020,초4,2.0,0.6915708164860204,3.0,3.0,,3.0,3.0,3.0,3.0
2020,초4,2.0,0.6915708164860204,2.0,1.0,,2.0,3.0,1.0,1.0
2020,초4,2.0,0.6915708164860204,3.0,3.0,,3.0,3.0,3.0,3.0
2020,초4,2.0,0.6915708164860204,3.0,3.0,,3.0,3.0,3.0,3.0
2020,초4,2.0,0.6915708164860204,3.3333333333333335,3.0,,3.0,4.0,3.0,3.0
2020,초4,2.0,0.6915708164860204,2.3333333333333335,1.0,,2.0,3.0,2.0,1.0
2020,초4,2.0,0.6915708164860204,4.0,4.0,,4.0,4.0,4.0,4.0
2020,초4,2.0,0.6915708164860204,3.3333333333333335,3.0,,3.0,4.0,3.0,3.0
2020,초4,2.0,0.6915708164860204,3.0,2.0,,3.0,3.0,3.0,2.0
2020,초4,2.0,0.6915708164860204,4.0,4.0,,4.0,4.0,4.0,4.0
2020,초4,2.0,0.6915708164860204,3.6666666666666665,3.0,,4.0,4.0,3.0,3.0
2020,초4,2.0,0.6915708164860204,4.0,4.0,,4.0,4.0,4.0,4.0
2020,초5,1.0,0.9564067157370231,3.0,3.0,,3.0,3.0,3.0,3.0
2020,초5,1.0,0.9564067157370231,2.6666666666666665,2.0,,2.0,3.0,3.0,2.0
2020,초5,1.0,0.9564067157370231,3.0,3.0,,3.0,3.0,3.0,3.0
2020,초5,1.0,0.9564067157370231,4.0,3.0,,4.0,4.0,4.0,3.0
2020,초5,1.0,0.9564067157370231,4.0,4.0,,4.0,4.0,4.0,4.0
2020,초5,1.0,0.9564067157370231,4.0,4.0,,4.0,4.0,4.0,4.0
2020,초5,1.0,0.9564067157370231,4.0,3.0,,4.0,4.0,4.0,3.0
2020,초5,1.0,0.9564067157370231,3.3333333333333335,3.0,,3.0,4.0,3.0,3.0
2020,초5,1.0,0.9564067157370231,3.6666666666666665,4.0,,4.0,4.0,3.0,4.0
2020,초5,1.0,0.9564067157370231,2.0,1.0,,2.0,3.0,1.0,1.0
2020,초5,1.0,0.9564067157370231,2.6666666666666665,1.0,,3.0,3.0,2.0,1.0
2020,초5,1.0,0.9564067157370231,3.0,2.0,,2.0,4.0,3.0,2.0
2020,초5,1.0,0.9564067157370231,3.6666666666666665,4.0,,3.0,4.0,4.0,4.0
2020,초5,1.0,0.9564067157370231,3.6666666666666665,3.0,,4.0,4.0,3.0,3.0
2020,초5,1.0,0.9564067157370231,4.0,4.0,,4.0,4.0,4.0,4.0
2020,초5,2.0,1.118700000716007,3.3333333333333335,3.0,,3.0,4.0,3.0,3.0
2020,초5,2.0,1.118700000716007,3.3333333333333335,3.0,,3.0,4.0,3.0,3.0
2020,초5,2.0,1.118700000716007,3.3333333333333335,3.0,,3.0,4.0,3.0,3.0
2020,초5,2.0,1.118700000716007,3.3333333333333335,3.0,,3.0,4.0,3.0,3.0
2020,초5,2.0,1.118700000716007,3.6666666666666665,3.0,,4.0,4.0,3.0,3.0
2020,초5,2.0,1.118700000716007,3.3333333333333335,3.0,,3.0,4.0,3.0,3.0
2020,초5,2.0,1.118700000716007,3.0,2.0,,4.0,4.0,1.0,2.0
2020,초5,2.0,1.118700000716007,4.0,4.0,,4.0,4.0,4.0,4.0
2020,초5,2.0,1.118700000716007,3.0,3.0,,3.0,3.0,3.0,3.0
2020,초5,2.0,1.118700000716007,3.3333333333333335,4.0,,3.0,4.0,3.0,4.0
2020,초4,1.0,1.2165163296621389,3.3333333333333335,3.0,,3.0,4.0,3.0,3.0
2020,초4,1.0,1.2165163296621389,2.6666666666666665,3.0,,3.0,3.0,2.0,3.0
2020,초4,1.0,1.2165163296621389,3.6666666666666665,3.0,,4.0,4.0,3.0,3.0
2020,초4,1.0,1.2165163296621389,3.6666666666666665,2.0,,4.0,4.0,3.0,2.0
2020,초4,1.0,1.2165163296621389,3.0,2.0,,3.0,4.0,2.0,2.0
2020,초4,1.0,1.2165163296621389,3.6666666666666665,3.0,,4.0,4.0,3.0,3.0
2020,초4,1.0,1.2165163296621389,3.3333333333333335,4.0,,2.0,4.0,4.0,4.0
2020,초4,1.0,1.2165163296621389,3.3333333333333335,3.0,,3.0,4.0,3.0,3.0
2020,초4,1.0,1.2165163296621389,3.6666666666666665,4.0,,4.0,4.0,3.0,4.0
2020,초4,1.0,1.2165163296621389,2.0,1.0,,3.0,2.0,1.0,1.0
2020,초4,1.0,1.2165163296621389,2.6666666666666665,2.0,,3.0,3.0,2.0,2.0
2020,초4,2.0,1.0208902529079347,4.0,4.0,,4.0,4.0,4.0,4.0
2020,초4,2.0,1.0208902529079347,4.0,4.0,,4.0,4.0,4.0,4.0
2020,초4,2.0,1.0208902529079347,3.6666666666666665,2.0,,4.0,4.0,3.0,2.0
2020,초4,2.0,1.0208902529079347,3.6666666666666665,4.0,,3.0,4.0,4.0,4.0
2020,초4,2.0,1.0208902529079347,2.6666666666666665,3.0,,2.0,3.0,3.0,3.0
2020,초4,2.0,1.0208902529079347,3.6666666666666665,3.0,,4.0,4.0,3.0,3.0
2020,초4,2.0,1.0208902529079347,2.6666666666666665,1.0,,3.0,4.0,1.0,1.0
2020,초4,2.0,1.0208902529079347,4.0,4.0,,4.0,4.0,4.0,4.0
2020,초4,2.0,1.0208902529079347,4.0,4.0,,4.0,4.0,4.0,4.0
2020,초4,2.0,0.7146231770355543,3.3333333333333335,2.0,,3.0,4.0,3.0,2.0
2020,초4,2.0,0.7146231770355543,3.0,2.0,,3.0,4.0,2.0,2.0
2020,초4,2.0,0.7146231770355543,3.6666666666666665,4.0,,3.0,4.0,4.0,4.0
2020,초4,2.0,0.7146231770355543,3.0,2.0,,4.0,3.0,2.0,2.0
2020,초4,2.0,0.7146231770355543,4.0,4.0,,4.0,4.0,4.0,4.0
2020,초4,2.0,0.7146231770355543,4.0,3.0,,4.0,4.0,4.0,3.0
2020,초4,2.0,0.7146231770355543,3.3333333333333335,3.0,,3.0,4.0,3.0,3.0
2020,초4,2.0,0.7146231770355543,4.0,4.0,,4.0,4.0,4.0,4.0
2020,초4,2.0,0.7146231770355543,3.3333333333333335,2.0,,3.0,4.0,3.0,2.0
2020,초4,2.0,0.7146231770355543,3.3333333333333335,4.0,,3.0,4.0,3.0,4.0
2020,초4,2.0,0.7146231770355543,2.6666666666666665,2.0,,3.0,3.0,2.0,2.0
2020,초4,2.0,0.7146231770355543,2.0,3.0,,1.0,4.0,1.0,3.0
2020,초4,2.0,0.7146231770355543,3.0,3.0,,3.0,4.0,2.0,3.0
2020,초4,2.0,0.7146231770355543,3.3333333333333335,4.0,,3.0,4.0,3.0,4.0
2020,초4,2.0,0.7146231770355543,3.3333333333333335,4.0,,3.0,4.0,3.0,4.0
2020,초4,1.0,0.8515614307634972,2.0,4.0,,1.0,3.0,2.0,4.0
2020,초4,1.0,0.8515614307634972,3.3333333333333335,2.0,,4.0,4.0,2.0,2.0
2020,초4,1.0,0.8515614307634972,3.6666666666666665,3.0,,3.0,4.0,4.0,3.0
2020,초4,1.0,0.8515614307634972,2.6666666666666665,1.0,,3.0,3.0,2.0,1.0
2020,초4,1.0,0.8515614307634972,3.6666666666666665,4.0,,3.0,4.0,4.0,4.0
2020,초4,1.0,0.8515614307634972,2.6666666666666665,2.0,,3.0,3.0,2.0,2.0
2020,초4,1.0,0.8515614307634972,3.0,2.0,,2.0,4.0,3.0,2.0
2020,초4,1.0,0.8515614307634972,2.3333333333333335,2.0,,2.0,4.0,1.0,2.0
2020,초4,1.0,0.8515614307634972,3.6666666666666665,3.0,,4.0,4.0,3.0,3.0
2020,초4,1.0,0.8515614307634972,3.0,2.0,,2.0,4.0,3.0,2.0
2020,초4,1.0,0.8515614307634972,3.0,4.0,,1.0,4.0,4.0,4.0
2020,초4,1.0,0.8515614307634972,2.6666666666666665,1.0,,3.0,4.0,1.0,1.0
2020,초4,1.0,0.8515614307634972,3.0,2.0,,2.0,3.0,4.0,2.0
2020,초4,1.0,0.8515614307634972,3.3333333333333335,3.0,,3.0,4.0,3.0,3.0
2020,초4,1.0,0.8515614307634972,3.3333333333333335,3.0,,3.0,4.0,3.0,3.0
2020,초5,1.0,0.8880919503272358,3.6666666666666665,4.0,,3.0,4.0,4.0,4.0
2020,초5,1.0,0.8880919503272358,2.6666666666666665,2.0,,3.0,4.0,1.0,2.0
2020,초5,1.0,0.8880919503272358,3.0,3.0,,3.0,3.0,3.0,3.0
2020,초5,1.0,0.8880919503272358,4.0,4.0,,4.0,4.0,4.0,4.0
2020,초5,1.0,0.8880919503272358,3.6666666666666665,3.0,,4.0,4.0,3.0,3.0
2020,초5,1.0,0.8880919503272358,3.3333333333333335,3.0,,3.0,4.0,3.0,3.0
2020,초5,1.0,0.8880919503272358,3.0,2.0,,3.0,4.0,2.0,2.0
2020,초5,1.0,0.8880919503272358,3.6666666666666665,4.0,,3.0,4.0,4.0,4.0
2020,초5,1.0,0.8880919503272358,3.3333333333333335,3.0,,3.0,4.0,3.0,3.0
2020,초5,1.0,0.8880919503272358,3.3333333333333335,4.0,,3.0,4.0,3.0,4.0
2020,초5,1.0,0.8880919503272358,3.6666666666666665,3.0,,4.0,4.0,3.0,3.0
2020,초5,1.0,0.8880919503272358,3.3333333333333335,3.0,,3.0,4.0,3.0,3.0
2020,초5,1.0,0.8880919503272358,3.0,1.0,,3.0,4.0,2.0,1.0
2020,초5,1.0,0.8880919503272358,3.0,3.0,,3.0,3.0,3.0,3.0
2020,초5,1.0,0.8880919503272358,2.6666666666666665,2.0,,3.0,3.0,2.0,2.0
2020,초5,2.0,1.0387928578077206,3.3333333333333335,3.0,,3.0,4.0,3.0,3.0
2020,초5,2.0,1.0387928578077206,3.6666666666666665,4.0,,3.0,4.0,4.0,4.0
2020,초5,2.0,1.0387928578077206,3.3333333333333335,3.0,,3.0,4.0,3.0,3.0
2020,초5,2.0,1.0387928578077206,3.6666666666666665,4.0,,3.0,4.0,4.0,4.0
2020,초5,2.0,1.0387928578077206,3.0,3.0,,3.0,4.0,2.0,3.0
2020,초5,2.0,1.0387928578077206,2.6666666666666665,2.0,,3.0,3.0,2.0,2.0
2020,초5,2.0,1.0387928578077206,3.3333333333333335,3.0,,3.0,4.0,3.0,3.0
2020,초5,2.0,1.0387928578077206,3.3333333333333335,3.0,,3.0,4.0,3.0,3.0
2020,초5,2.0,1.0387928578077206,3.6666666666666665,3.0,,4.0,4.0,3.0,3.0
2020,초5,2.0,1.0387928578077206,3.3333333333333335,3.0,,3.0,4.0,3.0,3.0
2020,초5,2.0,1.0387928578077206,3.0,4.0,,3.0,3.0,3.0,4.0
2020,초5,2.0,1.0387928578077206,3.6666666666666665,4.0,,3.0,4.0,4.0,4.0
2020,초6,1.0,1.1210507947628872,3.0,3.0,,2.0,4.0,3.0,3.0
2020,초6,1.0,1.1210507947628872,2.3333333333333335,1.0,,2.0,3.0,2.0,1.0
2020,초6,1.0,1.1210507947628872,2.6666666666666665,1.0,,3.0,3.0,2.0,1.0
2020,초6,1.0,1.1210507947628872,3.6666666666666665,3.0,,4.0,4.0,3.0,3.0
2020,초6,1.0,1.1210507947628872,3.3333333333333335,3.0,,3.0,4.0,3.0,3.0
2020,초6,1.0,1.1210507947628872,3.6666666666666665,4.0,,3.0,4.0,4.0,4.0
2020,초6,1.0,1.1210507947628872,3.0,4.0,,3.0,3.0,3.0,4.0
2020,초6,1.0,1.1210507947628872,3.3333333333333335,3.0,,3.0,4.0,3.0,3.0
2020,초6,1.0,1.1210507947628872,3.6666666666666665,3.0,,4.0,4.0,3.0,3.0
2020,초6,1.0,1.1210507947628872,3.3333333333333335,4.0,,3.0,4.0,3.0,4.0
2020,초6,1.0,1.1210507947628872,3.3333333333333335,3.0,,3.0,4.0,3.0,3.0
2020,초6,1.0,1.1210507947628872,3.3333333333333335,2.0,,3.0,4.0,3.0,2.0
2020,초6,1.0,1.1210507947628872,3.6666666666666665,3.0,,4.0,4.0,3.0,3.0
2020,초6,1.0,1.1210507947628872,3.3333333333333335,3.0,,3.0,4.0,3.0,3.0
2020,초6,2.0,1.181415454680085,3.0,2.0,,3.0,3.0,3.0,2.0
2020,초6,2.0,1.181415454680085,3.3333333333333335,3.0,,3.0,4.0,3.0,3.0
2020,초6,2.0,1.181415454680085,3.3333333333333335,3.0,,3.0,4.0,3.0,3.0
2020,초6,2.0,1.181415454680085,3.3333333333333335,3.0,,3.0,4.0,3.0,3.0
2020,초6,2.0,1.181415454680085,3.6666666666666665,2.0,,4.0,4.0,3.0,2.0
2020,초6,2.0,1.181415454680085,3.0,2.0,,3.0,4.0,2.0,2.0
2020,초6,2.0,1.181415454680085,3.0,3.0,,4.0,2.0,3.0,3.0
2020,초6,2.0,1.181415454680085,2.6666666666666665,2.0,,3.0,3.0,2.0,2.0
2020,초6,2.0,1.181415454680085,3.6666666666666665,4.0,,4.0,4.0,3.0,4.0
2020,초6,2.0,1.181415454680085,2.6666666666666665,2.0,,3.0,3.0,2.0,2.0
2020,초6,2.0,1.181415454680085,3.3333333333333335,3.0,,3.0,4.0,3.0,3.0
2020,초6,2.0,1.181415454680085,2.6666666666666665,2.0,,3.0,3.0,2.0,2.0
2020,초6,2.0,1.181415454680085,3.3333333333333335,,,3.0,4.0,3.0,
2020,초6,1.0,1.210734858343918,3.3333333333333335,3.0,,3.0,4.0,3.0,3.0
2020,초6,1.0,1.210734858343918,3.3333333333333335,3.0,,4.0,4.0,2.0,3.0
2020,초6,1.0,1.210734858343918,3.3333333333333335,3.0,,4.0,4.0,2.0,3.0
2020,초6,1.0,1.210734858343918,2.6666666666666665,2.0,,3.0,3.0,2.0,2.0
2020,초6,1.0,1.210734858343918,2.6666666666666665,3.0,,3.0,3.0,2.0,3.0
2020,초6,1.0,1.210734858343918,3.6666666666666665,3.0,,3.0,4.0,4.0,3.0
2020,초6,1.0,1.210734858343918,3.3333333333333335,3.0,,4.0,4.0,2.0,3.0
2020,초6,1.0,1.210734858343918,2.6666666666666665,3.0,,3.0,3.0,2.0,3.0
2020,초6,1.0,1.210734858343918,2.6666666666666665,3.0,,3.0,3.0,2.0,3.0
2020,초6,1.0,1.210734858343918,2.6666666666666665,3.0,,3.0,3.0,2.0,3.0
2020,초6,1.0,1.210734858343918,3.0,3.0,,3.0,3.0,3.0,3.0
2020,초6,1.0,1.210734858343918,3.0,3.0,,3.0,3.0,3.0,3.0
2020,초6,2.0,1.2759286910544916,3.0,3.0,,2.0,4.0,3.0,3.0
2020,초6,2.0,1.2759286910544916,3.6666666666666665,3.0,,4.0,4.0,3.0,3.0
2020,초6,2.0,1.2759286910544916,3.0,3.0,,3.0,3.0,3.0,3.0
2020,초6,2.0,1.2759286910544916,4.0,4.0,,4.0,4.0,4.0,4.0
2020,초6,2.0,1.2759286910544916,2.6666666666666665,2.0,,3.0,3.0,2.0,2.0
2020,초6,2.0,1.2759286910544916,4.0,4.0,,4.0,4.0,4.0,4.0
2020,초6,2.0,1.2759286910544916,3.6666666666666665,3.0,,4.0,4.0,3.0,3.0
2020,초6,2.0,1.2759286910544916,3.0,3.0,,3.0,3.0,3.0,3.0
2020,초6,2.0,1.2759286910544916,3.6666666666666665,3.0,,4.0,4.0,3.0,3.0
2020,초6,2.0,1.2759286910544916,3.0,3.0,,3.0,3.0,3.0,3.0
2020,초6,2.0,1.2759286910544916,3.6666666666666665,3.0,,4.0,4.0,3.0,3.0
2020,초6,2.0,1.2759286910544916,2.3333333333333335,2.0,,2.0,3.0,2.0,2.0
2020,초6,2.0,1.2759286910544916,3.0,2.0,,3.0,3.0,3.0,2.0
2020,초4,1.0,1.0049396785593985,2.6666666666666665,2.0,,3.0,3.0,2.0,2.0
2020,초4,1.0,1.0049396785593985,2.3333333333333335,2.0,,2.0,3.0,2.0,2.0
2020,초4,1.0,1.0049396785593985,2.0,1.0,,2.0,3.0,1.0,1.0
2020,초4,1.0,1.0049396785593985,3.3333333333333335,4.0,,3.0,3.0,4.0,4.0
2020,초4,1.0,1.0049396785593985,3.0,3.0,,3.0,3.0,3.0,3.0
2020,초4,1.0,1.0049396785593985,2.6666666666666665,2.0,,3.0,3.0,2.0,2.0
2020,초4,1.0,1.0049396785593985,3.6666666666666665,3.0,,4.0,4.0,3.0,3.0
2020,초4,1.0,1.0049396785593985,3.0,3.0,,3.0,3.0,3.0,3.0
2020,초4,1.0,1.0049396785593985,2.3333333333333335,2.0,,2.0,3.0,2.0,2.0
2020,초4,1.0,1.0049396785593985,3.0,3.0,,3.0,3.0,3.0,3.0
2020,초4,1.0,1.0049396785593985,2.6666666666666665,2.0,,2.0,3.0,3.0,2.0
2020,초4,1.0,1.0049396785593985,1.6666666666666667,1.0,,2.0,2.0,1.0,1.0
2020,초4,1.0,1.0049396785593985,3.6666666666666665,4.0,,3.0,4.0,4.0,4.0
2020,초4,2.0,1.0432343666028348,3.6666666666666665,3.0,,4.0,4.0,3.0,3.0
2020,초4,2.0,1.0432343666028348,4.0,4.0,,4.0,4.0,4.0,4.0
2020,초4,2.0,1.0432343666028348,2.6666666666666665,3.0,,3.0,2.0,3.0,3.0
2020,초4,2.0,1.0432343666028348,3.0,3.0,,3.0,3.0,3.0,3.0
2020,초4,2.0,1.0432343666028348,3.3333333333333335,3.0,,3.0,4.0,3.0,3.0
2020,초4,2.0,1.0432343666028348,3.3333333333333335,3.0,,3.0,4.0,3.0,3.0
2020,초4,2.0,1.0432343666028348,3.0,4.0,,3.0,3.0,3.0,4.0
2020,초4,2.0,1.0432343666028348,2.6666666666666665,3.0,,3.0,3.0,2.0,3.0
2020,초4,2.0,1.0432343666028348,3.3333333333333335,3.0,,3.0,4.0,3.0,3.0
2020,초4,2.0,1.0432343666028348,3.0,3.0,,3.0,3.0,3.0,3.0
2020,초4,2.0,1.0432343666028348,2.6666666666666665,1.0,,3.0,3.0,2.0,1.0
2020,초4,2.0,1.0432343666028348,3.0,4.0,,2.0,4.0,3.0,4.0
2020,초5,2.0,0.9842074922083515,3.0,3.0,,3.0,3.0,3.0,3.0
2020,초5,2.0,0.9842074922083515,4.0,4.0,,4.0,4.0,4.0,4.0
2020,초5,2.0,0.9842074922083515,3.6666666666666665,3.0,,4.0,4.0,3.0,3.0
2020,초5,2.0,0.9842074922083515,3.3333333333333335,2.0,,3.0,4.0,3.0,2.0
2020,초5,2.0,0.9842074922083515,3.6666666666666665,3.0,,4.0,4.0,3.0,3.0
2020,초5,2.0,0.9842074922083515,3.6666666666666665,4.0,,4.0,4.0,3.0,4.0
2020,초5,2.0,0.9842074922083515,3.6666666666666665,4.0,,4.0,3.0,4.0,4.0
2020,초5,2.0,0.9842074922083515,3.6666666666666665,3.0,,4.0,4.0,3.0,3.0
2020,초5,2.0,0.9842074922083515,3.3333333333333335,3.0,,3.0,3.0,4.0,3.0
2020,초5,2.0,0.9842074922083515,3.3333333333333335,3.0,,3.0,4.0,3.0,3.0
2020,초5,2.0,0.9842074922083515,4.0,4.0,,4.0,4.0,4.0,4.0
2020,초5,2.0,0.9842074922083515,3.6666666666666665,3.0,,4.0,4.0,3.0,3.0
2020,초5,2.0,0.9842074922083515,4.0,4.0,,4.0,4.0,4.0,4.0
2020,초5,1.0,1.0366093175523357,3.3333333333333335,3.0,,3.0,4.0,3.0,3.0
2020,초5,1.0,1.0366093175523357,2.6666666666666665,2.0,,2.0,4.0,2.0,2.0
2020,초5,1.0,1.0366093175523357,2.3333333333333335,2.0,,3.0,3.0,1.0,2.0
2020,초5,1.0,1.0366093175523357,3.6666666666666665,3.0,,4.0,4.0,3.0,3.0
2020,초5,1.0,1.0366093175523357,3.0,2.0,,3.0,3.0,3.0,2.0
2020,초5,1.0,1.0366093175523357,3.6666666666666665,1.0,,3.0,4.0,4.0,1.0
2020,초5,1.0,1.0366093175523357,3.3333333333333335,4.0,,3.0,4.0,3.0,4.0
2020,초5,1.0,1.0366093175523357,4.0,4.0,,4.0,4.0,4.0,4.0
2020,초5,1.0,1.0366093175523357,2.6666666666666665,4.0,,1.0,3.0,4.0,4.0
2020,초5,1.0,1.0366093175523357,3.3333333333333335,3.0,,3.0,4.0,3.0,3.0
2020,초5,1.0,1.0366093175523357,2.6666666666666665,2.0,,3.0,3.0,2.0,2.0
2020,초5,1.0,1.0366093175523357,3.0,3.0,,3.0,3.0,3.0,3.0
2020,초5,1.0,1.0366093175523357,3.3333333333333335,4.0,,3.0,4.0,3.0,4.0
2020,초6,1.0,1.6446990353290998,3.0,2.0,,3.0,3.0,3.0,2.0
2020,초6,1.0,1.6446990353290998,3.6666666666666665,4.0,,3.0,4.0,4.0,4.0
2020,초6,1.0,1.6446990353290998,2.6666666666666665,1.0,,3.0,3.0,2.0,1.0
2020,초6,1.0,1.6446990353290998,3.0,2.0,,3.0,3.0,3.0,2.0
2020,초6,1.0,1.6446990353290998,3.6666666666666665,3.0,,4.0,4.0,3.0,3.0
2020,초6,1.0,1.6446990353290998,3.6666666666666665,4.0,,3.0,4.0,4.0,4.0
2020,초6,1.0,1.6446990353290998,3.0,4.0,,3.0,3.0,3.0,4.0
2020,초6,1.0,1.6446990353290998,2.3333333333333335,1.0,,3.0,3.0,1.0,1.0
2020,초6,1.0,1.6446990353290998,3.0,3.0,,3.0,3.0,3.0,3.0
2020,초6,1.0,1.6446990353290998,3.3333333333333335,2.0,,3.0,4.0,3.0,2.0
2020,초6,2.0,1.0926258660508896,2.6666666666666665,2.0,,3.0,3.0,2.0,2.0
2020,초6,2.0,1.0926258660508896,2.6666666666666665,2.0,,3.0,3.0,2.0,2.0
2020,초6,2.0,1.0926258660508896,3.0,3.0,,3.0,3.0,3.0,3.0
2020,초6,2.0,1.0926258660508896,3.3333333333333335,3.0,,3.0,4.0,3.0,3.0
2020,초6,2.0,1.0926258660508896,3.6666666666666665,4.0,,4.0,4.0,3.0,4.0
2020,초6,2.0,1.0926258660508896,3.3333333333333335,3.0,,3.0,4.0,3.0,3.0
2020,초6,2.0,1.0926258660508896,3.3333333333333335,3.0,,3.0,4.0,3.0,3.0
2020,초6,2.0,1.0926258660508896,2.6666666666666665,3.0,,2.0,3.0,3.0,3.0
2020,초6,2.0,1.0926258660508896,3.0,3.0,,3.0,3.0,3.0,3.0
2020,초6,2.0,1.0926258660508896,4.0,4.0,,4.0,4.0,4.0,4.0
2020,초6,2.0,1.0926258660508896,3.0,2.0,,3.0,4.0,2.0,2.0
2020,초6,2.0,1.0926258660508896,3.6666666666666665,4.0,,4.0,4.0,3.0,4.0
2020,초6,2.0,1.0926258660508896,3.0,3.0,,3.0,3.0,3.0,3.0
2020,초6,2.0,1.0926258660508896,2.6666666666666665,2.0,,3.0,3.0,2.0,2.0
2020,초4,1.0,1.1551255954331225,3.0,3.0,,3.0,3.0,3.0,3.0
2020,초4,1.0,1.1551255954331225,3.6666666666666665,3.0,,4.0,4.0,3.0,3.0
2020,초4,1.0,1.1551255954331225,3.6666666666666665,4.0,,3.0,4.0,4.0,4.0
2020,초4,1.0,1.1551255954331225,4.0,3.0,,4.0,4.0,4.0,3.0
2020,초4,1.0,1.1551255954331225,3.0,2.0,,3.0,3.0,3.0,2.0
2020,초4,1.0,1.1551255954331225,3.0,3.0,,3.0,3.0,3.0,3.0
2020,초4,1.0,1.1551255954331225,3.6666666666666665,2.0,,4.0,4.0,3.0,2.0
2020,초4,1.0,1.1551255954331225,4.0,4.0,,4.0,4.0,4.0,4.0
2020,초4,1.0,1.1551255954331225,3.0,3.0,,3.0,4.0,2.0,3.0
2020,초4,1.0,1.1551255954331225,2.3333333333333335,1.0,,3.0,3.0,1.0,1.0
2020,초4,1.0,1.1551255954331225,3.0,3.0,,3.0,3.0,3.0,3.0
2020,초4,1.0,1.1551255954331225,3.6666666666666665,3.0,,4.0,3.0,4.0,3.0
2020,초4,1.0,1.1551255954331225,2.3333333333333335,2.0,,2.0,3.0,2.0,2.0
2020,초4,2.0,1.2777526933706307,3.3333333333333335,2.0,,4.0,3.0,3.0,2.0
2020,초4,2.0,1.2777526933706307,3.3333333333333335,4.0,,3.0,4.0,3.0,4.0
2020,초4,2.0,1.2777526933706307,2.0,2.0,,2.0,1.0,3.0,2.0
2020,초4,2.0,1.2777526933706307,4.0,4.0,,4.0,4.0,4.0,4.0
2020,초4,2.0,1.2777526933706307,3.3333333333333335,3.0,,3.0,4.0,3.0,3.0
2020,초4,2.0,1.2777526933706307,2.6666666666666665,1.0,,2.0,4.0,2.0,1.0
2020,초4,2.0,1.2777526933706307,3.3333333333333335,3.0,,3.0,4.0,3.0,3.0
2020,초4,2.0,1.2777526933706307,2.6666666666666665,3.0,,3.0,3.0,2.0,3.0
2020,초4,2.0,1.2777526933706307,3.3333333333333335,1.0,,3.0,4.0,3.0,1.0
2020,초5,1.0,1.7295867274751182,2.3333333333333335,1.0,,3.0,3.0,1.0,1.0
2020,초5,1.0,1.7295867274751182,3.3333333333333335,3.0,,3.0,4.0,3.0,3.0
2020,초5,1.0,1.7295867274751182,3.3333333333333335,4.0,,3.0,4.0,3.0,4.0
2020,초5,1.0,1.7295867274751182,2.6666666666666665,1.0,,3.0,4.0,1.0,1.0
2020,초5,1.0,1.7295867274751182,3.0,3.0,,3.0,3.0,3.0,3.0
2020,초5,1.0,1.7295867274751182,3.6666666666666665,3.0,,4.0,4.0,3.0,3.0
2020,초5,1.0,1.7295867274751182,3.3333333333333335,3.0,,3.0,4.0,3.0,3.0
2020,초5,1.0,1.7295867274751182,2.6666666666666665,2.0,,3.0,3.0,2.0,2.0
2020,초5,1.0,1.7295867274751182,2.6666666666666665,2.0,,3.0,3.0,2.0,2.0
2020,초5,2.0,1.3126724030943338,3.6666666666666665,2.0,,4.0,4.0,3.0,2.0
2020,초5,2.0,1.3126724030943338,3.3333333333333335,3.0,,3.0,4.0,3.0,3.0
2020,초5,2.0,1.3126724030943338,3.6666666666666665,4.0,,4.0,4.0,3.0,4.0
2020,초5,2.0,1.3126724030943338,2.6666666666666665,3.0,,3.0,3.0,2.0,3.0
2020,초5,2.0,1.3126724030943338,3.0,3.0,,3.0,3.0,3.0,3.0
2020,초5,2.0,1.3126724030943338,3.3333333333333335,3.0,,4.0,3.0,3.0,3.0
2020,초5,2.0,1.3126724030943338,3.3333333333333335,3.0,,4.0,3.0,3.0,3.0
2020,초5,2.0,1.3126724030943338,3.0,2.0,,3.0,3.0,3.0,2.0
2020,초5,2.0,1.3126724030943338,3.3333333333333335,3.0,,3.0,4.0,3.0,3.0
2020,초5,2.0,1.3126724030943338,3.3333333333333335,3.0,,3.0,3.0,4.0,3.0
2020,초5,2.0,1.3126724030943338,4.0,4.0,,4.0,4.0,4.0,4.0
2020,초5,2.0,0.8105170617389638,3.3333333333333335,4.0,,3.0,4.0,3.0,4.0
2020,초5,2.0,0.8105170617389638,4.0,4.0,,4.0,4.0,4.0,4.0
2020,초5,2.0,0.8105170617389638,4.0,4.0,,4.0,4.0,4.0,4.0
2020,초5,2.0,0.8105170617389638,3.0,4.0,,2.0,4.0,3.0,4.0
2020,초5,2.0,0.8105170617389638,3.6666666666666665,3.0,,4.0,4.0,3.0,3.0
2020,초5,2.0,0.8105170617389638,3.0,2.0,,3.0,4.0,2.0,2.0
2020,초5,2.0,0.8105170617389638,4.0,4.0,,4.0,4.0,4.0,4.0
2020,초5,2.0,0.8105170617389638,4.0,4.0,,4.0,4.0,4.0,4.0
2020,초5,2.0,0.8105170617389638,3.6666666666666665,3.0,,4.0,4.0,3.0,3.0
2020,초5,2.0,0.8105170617389638,3.6666666666666665,3.0,,4.0,4.0,3.0,3.0
2020,초5,1.0,0.7113722526593341,2.6666666666666665,3.0,,3.0,3.0,2.0,3.0
2020,초5,1.0,0.7113722526593341,3.3333333333333335,4.0,,3.0,4.0,3.0,4.0
2020,초5,1.0,0.7113722526593341,3.0,2.0,,3.0,3.0,3.0,2.0
2020,초5,1.0,0.7113722526593341,3.0,3.0,,3.0,3.0,3.0,3.0
2020,초5,1.0,0.7113722526593341,2.6666666666666665,2.0,,3.0,3.0,2.0,2.0
2020,초5,1.0,0.7113722526593341,2.6666666666666665,1.0,,3.0,4.0,1.0,1.0
2020,초5,1.0,0.7113722526593341,3.3333333333333335,2.0,,3.0,3.0,4.0,2.0
2020,초5,1.0,0.7113722526593341,3.6666666666666665,3.0,,4.0,4.0,3.0,3.0
2020,초5,1.0,0.7113722526593341,2.6666666666666665,3.0,,2.0,3.0,3.0,3.0
2020,초5,1.0,0.7113722526593341,3.6666666666666665,3.0,,4.0,4.0,3.0,3.0
2020,초5,1.0,0.7113722526593341,3.6666666666666665,4.0,,3.0,4.0,4.0,4.0
2020,초5,1.0,0.7113722526593341,3.3333333333333335,3.0,,3.0,4.0,3.0,3.0
2020,초5,1.0,0.7113722526593341,2.6666666666666665,2.0,,2.0,4.0,2.0,2.0
2020,초5,1.0,0.7113722526593341,3.6666666666666665,3.0,,4.0,3.0,4.0,3.0
2020,초5,1.0,0.7113722526593341,2.6666666666666665,2.0,,3.0,3.0,2.0,2.0
2020,초5,1.0,0.7113722526593341,3.3333333333333335,3.0,,3.0,4.0,3.0,3.0
2020,초4,2.0,0.9532793856382907,3.0,3.0,,3.0,3.0,3.0,3.0
2020,초4,2.0,0.9532793856382907,3.6666666666666665,4.0,,3.0,4.0,4.0,4.0
2020,초4,2.0,0.9532793856382907,4.0,3.0,,4.0,4.0,4.0,3.0
2020,초4,2.0,0.9532793856382907,3.3333333333333335,3.0,,3.0,4.0,3.0,3.0
2020,초4,2.0,0.9532793856382907,3.3333333333333335,3.0,,3.0,4.0,3.0,3.0
2020,초4,2.0,0.9532793856382907,3.3333333333333335,3.0,,3.0,4.0,3.0,3.0
2020,초4,2.0,0.9532793856382907,3.0,3.0,,3.0,4.0,2.0,3.0
2020,초4,2.0,0.9532793856382907,3.0,3.0,,3.0,3.0,3.0,3.0
2020,초4,2.0,0.9532793856382907,3.0,1.0,,3.0,4.0,2.0,1.0
2020,초4,1.0,0.6044718817809096,3.0,2.0,,3.0,4.0,2.0,2.0
2020,초4,1.0,0.6044718817809096,3.6666666666666665,3.0,,4.0,4.0,3.0,3.0
2020,초4,1.0,0.6044718817809096,2.6666666666666665,2.0,,2.0,4.0,2.0,2.0
2020,초4,1.0,0.6044718817809096,3.0,3.0,,3.0,3.0,3.0,3.0
2020,초4,1.0,0.6044718817809096,3.6666666666666665,4.0,,3.0,4.0,4.0,4.0
2020,초4,1.0,0.6044718817809096,3.3333333333333335,2.0,,3.0,4.0,3.0,2.0
2020,초4,1.0,0.6044718817809096,2.6666666666666665,3.0,,3.0,3.0,2.0,3.0
2020,초4,1.0,0.6044718817809096,3.6666666666666665,3.0,,4.0,4.0,3.0,3.0
2020,초4,1.0,0.6044718817809096,3.3333333333333335,4.0,,3.0,4.0,3.0,4.0
2020,초4,1.0,0.6044718817809096,1.0,1.0,,1.0,1.0,1.0,1.0
2020,초4,1.0,0.6044718817809096,2.6666666666666665,1.0,,3.0,3.0,2.0,1.0
2020,초4,1.0,0.6044718817809096,3.0,3.0,,2.0,3.0,4.0,3.0
2020,초4,1.0,0.6044718817809096,3.6666666666666665,3.0,,4.0,4.0,3.0,3.0
2020,초4,1.0,0.6044718817809096,2.6666666666666665,2.0,,3.0,3.0,2.0,2.0
2020,초4,1.0,0.6044718817809096,3.3333333333333335,3.0,,3.0,4.0,3.0,3.0
2020,초4,1.0,0.6044718817809096,4.0,4.0,,4.0,4.0,4.0,4.0
2020,초4,1.0,0.6044718817809096,2.0,2.0,,1.0,3.0,2.0,2.0
2020,초4,1.0,0.6044718817809096,4.0,4.0,,4.0,4.0,4.0,4.0
2020,초6,1.0,0.8259875616136649,2.6666666666666665,2.0,,2.0,3.0,3.0,2.0
2020,초6,1.0,0.8259875616136649,3.3333333333333335,3.0,,3.0,4.0,3.0,3.0
2020,초6,1.0,0.8259875616136649,3.6666666666666665,3.0,,4.0,4.0,3.0,3.0
2020,초6,1.0,0.8259875616136649,3.0,1.0,,3.0,4.0,2.0,1.0
2020,초6,1.0,0.8259875616136649,3.0,3.0,,3.0,3.0,3.0,3.0
2020,초6,1.0,0.8259875616136649,3.6666666666666665,3.0,,4.0,3.0,4.0,3.0
2020,초6,1.0,0.8259875616136649,3.0,3.0,,3.0,3.0,3.0,3.0
2020,초6,1.0,0.8259875616136649,3.0,3.0,,3.0,3.0,3.0,3.0
2020,초6,1.0,0.8259875616136649,3.3333333333333335,1.0,,4.0,4.0,2.0,1.0
2020,초6,1.0,0.8259875616136649,3.6666666666666665,3.0,,4.0,4.0,3.0,3.0
2020,초6,1.0,0.8259875616136649,3.0,3.0,,3.0,3.0,3.0,3.0
2020,초6,1.0,0.8259875616136649,3.0,2.0,,3.0,3.0,3.0,2.0
2020,초6,1.0,0.8259875616136649,3.6666666666666665,3.0,,4.0,4.0,3.0,3.0
2020,초6,1.0,0.8259875616136649,3.3333333333333335,3.0,,3.0,4.0,3.0,3.0
2020,초6,1.0,0.8259875616136649,4.0,4.0,,4.0,4.0,4.0,4.0
2020,초6,2.0,0.8175337735908815,3.0,3.0,,3.0,3.0,3.0,3.0
2020,초6,2.0,0.8175337735908815,3.0,3.0,,3.0,3.0,3.0,3.0
2020,초6,2.0,0.8175337735908815,4.0,3.0,,4.0,4.0,4.0,3.0
2020,초6,2.0,0.8175337735908815,3.0,2.0,,3.0,3.0,3.0,2.0
2020,초6,2.0,0.8175337735908815,4.0,4.0,,4.0,4.0,4.0,4.0
2020,초6,2.0,0.8175337735908815,3.0,2.0,,3.0,4.0,2.0,2.0
2020,초6,2.0,0.8175337735908815,3.3333333333333335,3.0,,3.0,4.0,3.0,3.0
2020,초6,2.0,0.8175337735908815,4.0,4.0,,4.0,4.0,4.0,4.0
2020,초6,2.0,0.8175337735908815,2.6666666666666665,2.0,,4.0,2.0,2.0,2.0
2020,초6,2.0,0.8175337735908815,2.6666666666666665,2.0,,3.0,3.0,2.0,2.0
2020,초6,2.0,0.8175337735908815,3.3333333333333335,3.0,,3.0,4.0,3.0,3.0
2020,초6,2.0,0.8175337735908815,3.3333333333333335,3.0,,4.0,3.0,3.0,3.0
2020,초5,1.0,0.7377193731281985,3.3333333333333335,1.0,,4.0,4.0,2.0,1.0
2020,초5,1.0,0.7377193731281985,2.0,1.0,,1.0,4.0,1.0,1.0
2020,초5,1.0,0.7377193731281985,4.0,3.0,,4.0,4.0,4.0,3.0
2020,초5,1.0,0.7377193731281985,3.6666666666666665,3.0,,3.0,4.0,4.0,3.0
2020,초5,1.0,0.7377193731281985,3.3333333333333335,3.0,,3.0,3.0,4.0,3.0
2020,초5,1.0,0.7377193731281985,2.0,1.0,,2.0,3.0,1.0,1.0
2020,초5,1.0,0.7377193731281985,3.6666666666666665,4.0,,3.0,4.0,4.0,4.0
2020,초5,1.0,0.7377193731281985,3.6666666666666665,3.0,,3.0,4.0,4.0,3.0
2020,초5,1.0,0.7377193731281985,3.0,2.0,,3.0,3.0,3.0,2.0
2020,초5,1.0,0.7377193731281985,3.6666666666666665,4.0,,3.0,4.0,4.0,4.0
2020,초5,1.0,0.7377193731281985,3.3333333333333335,3.0,,3.0,4.0,3.0,3.0
2020,초5,1.0,0.7377193731281985,2.3333333333333335,2.0,,2.0,3.0,2.0,2.0
2020,초5,1.0,0.7377193731281985,2.6666666666666665,2.0,,3.0,3.0,2.0,2.0
2020,초5,1.0,0.7377193731281985,3.3333333333333335,2.0,,3.0,4.0,3.0,2.0
2020,초5,2.0,0.8405362121737402,2.3333333333333335,3.0,,2.0,3.0,2.0,3.0
2020,초5,2.0,0.8405362121737402,3.6666666666666665,3.0,,4.0,4.0,3.0,3.0
2020,초5,2.0,0.8405362121737402,3.3333333333333335,3.0,,3.0,4.0,3.0,3.0
2020,초5,2.0,0.8405362121737402,3.0,3.0,,3.0,4.0,2.0,3.0
2020,초5,2.0,0.8405362121737402,3.0,3.0,,3.0,3.0,3.0,3.0
2020,초5,2.0,0.8405362121737402,3.0,3.0,,3.0,3.0,3.0,3.0
2020,초5,2.0,0.8405362121737402,4.0,4.0,,4.0,4.0,4.0,4.0
2020,초5,2.0,0.8405362121737402,4.0,4.0,,4.0,4.0,4.0,4.0
2020,초5,2.0,0.8405362121737402,2.6666666666666665,3.0,,2.0,3.0,3.0,3.0
2020,초5,2.0,0.8405362121737402,3.0,3.0,,4.0,3.0,2.0,3.0
2020,초5,2.0,0.8405362121737402,3.6666666666666665,4.0,,3.0,4.0,4.0,4.0
2020,초5,2.0,0.8405362121737402,3.0,3.0,,3.0,3.0,3.0,3.0
2020,초5,2.0,0.8405362121737402,3.0,2.0,,3.0,3.0,3.0,2.0
2020,초4,2.0,1.0266085691489282,3.0,3.0,,3.0,3.0,3.0,3.0
2020,초4,2.0,1.0266085691489282,2.3333333333333335,2.0,,2.0,3.0,2.0,2.0
2020,초4,2.0,1.0266085691489282,3.3333333333333335,4.0,,3.0,4.0,3.0,4.0
2020,초4,2.0,1.0266085691489282,2.6666666666666665,2.0,,3.0,3.0,2.0,2.0
2020,초4,2.0,1.0266085691489282,3.6666666666666665,4.0,,3.0,4.0,4.0,4.0
2020,초4,2.0,1.0266085691489282,3.6666666666666665,3.0,,4.0,4.0,3.0,3.0
2020,초4,2.0,1.0266085691489282,3.3333333333333335,4.0,,3.0,4.0,3.0,4.0
2020,초4,2.0,1.0266085691489282,2.6666666666666665,3.0,,3.0,3.0,2.0,3.0
2020,초4,2.0,1.0266085691489282,3.6666666666666665,4.0,,4.0,4.0,3.0,4.0
2020,초4,2.0,1.0266085691489282,2.6666666666666665,2.0,,2.0,4.0,2.0,2.0
2020,초4,2.0,1.0266085691489282,3.3333333333333335,3.0,,3.0,4.0,3.0,3.0
2020,초4,1.0,0.6509697188409794,3.3333333333333335,3.0,,3.0,4.0,3.0,3.0
2020,초4,1.0,0.6509697188409794,2.6666666666666665,2.0,,3.0,3.0,2.0,2.0
2020,초4,1.0,0.6509697188409794,2.0,2.0,,2.0,2.0,2.0,2.0
2020,초4,1.0,0.6509697188409794,3.6666666666666665,4.0,,3.0,4.0,4.0,4.0
2020,초4,1.0,0.6509697188409794,2.6666666666666665,3.0,,2.0,3.0,3.0,3.0
2020,초4,1.0,0.6509697188409794,3.0,3.0,,3.0,3.0,3.0,3.0
2020,초4,1.0,0.6509697188409794,3.0,3.0,,3.0,3.0,3.0,3.0
2020,초4,1.0,0.6509697188409794,3.0,4.0,,3.0,3.0,3.0,4.0
2020,초4,1.0,0.6509697188409794,3.0,3.0,,3.0,3.0,3.0,3.0
2020,초4,1.0,0.6509697188409794,3.0,3.0,,3.0,3.0,3.0,3.0
2020,초4,1.0,0.6509697188409794,2.6666666666666665,2.0,,3.0,3.0,2.0,2.0
2020,초4,1.0,0.6509697188409794,3.3333333333333335,3.0,,3.0,4.0,3.0,3.0
2020,초4,1.0,0.6509697188409794,3.0,3.0,,3.0,3.0,3.0,3.0
2020,초4,1.0,0.6509697188409794,3.0,4.0,,3.0,3.0,3.0,4.0
2020,초4,1.0,0.6509697188409794,3.0,3.0,,3.0,3.0,3.0,3.0
2020,초4,1.0,0.5790782644245643,3.0,2.0,,3.0,3.0,3.0,2.0
2020,초4,1.0,0.5790782644245643,2.6666666666666665,2.0,,3.0,3.0,2.0,2.0
2020,초4,1.0,0.5790782644245643,2.3333333333333335,2.0,,2.0,3.0,2.0,2.0
2020,초4,2.0,0.5514617967473425,3.3333333333333335,,,3.0,4.0,3.0,
2020,초4,2.0,0.5514617967473425,3.6666666666666665,3.0,,4.0,4.0,3.0,3.0
2020,초4,2.0,0.5514617967473425,3.3333333333333335,2.0,,4.0,4.0,2.0,2.0
2020,초4,2.0,0.5514617967473425,3.6666666666666665,3.0,,4.0,4.0,3.0,3.0
2020,초4,2.0,0.5514617967473425,3.6666666666666665,4.0,,4.0,3.0,4.0,4.0
2020,초4,2.0,0.5514617967473425,3.0,3.0,,3.0,3.0,3.0,3.0
2020,초4,2.0,0.5514617967473425,3.0,3.0,,3.0,3.0,3.0,3.0
2020,초4,2.0,0.5514617967473425,3.0,3.0,,3.0,3.0,3.0,3.0
2020,초4,2.0,0.5514617967473425,2.6666666666666665,2.0,,3.0,3.0,2.0,2.0
2020,초4,2.0,0.5514617967473425,4.0,4.0,,4.0,4.0,4.0,4.0
2020,초4,2.0,0.5514617967473425,3.6666666666666665,4.0,,3.0,4.0,4.0,4.0
2020,초4,2.0,0.5514617967473425,4.0,4.0,,4.0,4.0,4.0,4.0
2020,초4,2.0,0.5514617967473425,3.3333333333333335,3.0,,3.0,4.0,3.0,3.0
2020,초4,2.0,0.5514617967473425,3.6666666666666665,3.0,,4.0,4.0,3.0,3.0
2020,초4,1.0,0.5790782644245643,2.6666666666666665,2.0,,3.0,3.0,2.0,2.0
2020,초4,1.0,0.5790782644245643,3.0,3.0,,4.0,3.0,2.0,3.0
2020,초4,1.0,0.5790782644245643,4.0,4.0,,4.0,4.0,4.0,4.0
2020,초4,1.0,0.5790782644245643,3.6666666666666665,3.0,,3.0,4.0,4.0,3.0
2020,초4,1.0,0.5790782644245643,4.0,4.0,,4.0,4.0,4.0,4.0
2020,초4,1.0,0.5790782644245643,3.6666666666666665,4.0,,4.0,4.0,3.0,4.0
2020,초4,1.0,0.5790782644245643,3.3333333333333335,3.0,,4.0,3.0,3.0,3.0
2020,초4,1.0,0.5790782644245643,3.0,3.0,,3.0,3.0,3.0,3.0
2020,초4,1.0,0.5790782644245643,2.6666666666666665,2.0,,3.0,3.0,2.0,2.0
2020,초4,1.0,0.5790782644245643,3.3333333333333335,3.0,,3.0,3.0,4.0,3.0
2020,초4,1.0,0.5790782644245643,2.6666666666666665,2.0,,3.0,3.0,2.0,2.0
2020,초5,1.0,0.6844886407081803,4.0,2.0,,4.0,4.0,4.0,2.0
2020,초5,1.0,0.6844886407081803,3.3333333333333335,3.0,,3.0,4.0,3.0,3.0
2020,초5,1.0,0.6844886407081803,2.6666666666666665,3.0,,3.0,2.0,3.0,3.0
2020,초5,1.0,0.6844886407081803,3.0,3.0,,3.0,4.0,2.0,3.0
2020,초5,1.0,0.6844886407081803,3.6666666666666665,3.0,,4.0,4.0,3.0,3.0
2020,초5,1.0,0.6844886407081803,2.6666666666666665,3.0,,3.0,3.0,2.0,3.0
2020,초5,1.0,0.6844886407081803,3.3333333333333335,2.0,,3.0,4.0,3.0,2.0
2020,초5,1.0,0.6844886407081803,3.0,3.0,,3.0,3.0,3.0,3.0
2020,초5,1.0,0.6844886407081803,3.6666666666666665,2.0,,4.0,4.0,3.0,2.0
2020,초5,1.0,0.6844886407081803,3.0,3.0,,3.0,3.0,3.0,3.0
2020,초5,1.0,0.6844886407081803,2.3333333333333335,3.0,,2.0,3.0,2.0,3.0
2020,초5,1.0,0.6844886407081803,3.0,3.0,,3.0,4.0,2.0,3.0
2020,초5,1.0,0.6844886407081803,3.0,2.0,,3.0,4.0,2.0,2.0
2020,초5,2.0,0.6339641393251176,3.3333333333333335,3.0,,3.0,4.0,3.0,3.0
2020,초5,2.0,0.6339641393251176,3.0,2.0,,3.0,4.0,2.0,2.0
2020,초5,2.0,0.6339641393251176,4.0,4.0,,4.0,4.0,4.0,4.0
2020,초5,2.0,0.6339641393251176,2.6666666666666665,2.0,,3.0,3.0,2.0,2.0
2020,초5,2.0,0.6339641393251176,3.0,2.0,,3.0,3.0,3.0,2.0
2020,초5,2.0,0.6339641393251176,3.0,3.0,,3.0,3.0,3.0,3.0
2020,초5,2.0,0.6339641393251176,3.0,3.0,,3.0,3.0,3.0,3.0
2020,초5,2.0,0.6339641393251176,3.3333333333333335,3.0,,3.0,4.0,3.0,3.0
2020,초5,2.0,0.6339641393251176,3.0,3.0,,3.0,3.0,3.0,3.0
2020,초5,2.0,0.6339641393251176,3.0,3.0,,3.0,4.0,2.0,3.0
2020,초5,2.0,0.6339641393251176,4.0,4.0,,4.0,4.0,4.0,4.0
2020,초5,2.0,0.6339641393251176,3.6666666666666665,4.0,,3.0,4.0,4.0,4.0
2020,초5,2.0,0.6339641393251176,3.6666666666666665,3.0,,4.0,4.0,3.0,3.0
2020,초5,1.0,0.6844886407081803,3.3333333333333335,4.0,,3.0,3.0,4.0,4.0
2020,초5,1.0,0.6844886407081803,3.0,3.0,,3.0,3.0,3.0,3.0
2020,초5,1.0,0.6844886407081803,3.6666666666666665,4.0,,4.0,3.0,4.0,4.0
2020,초5,1.0,0.6844886407081803,1.0,1.0,,1.0,1.0,1.0,1.0
2020,초5,1.0,0.6844886407081803,2.6666666666666665,4.0,,3.0,3.0,2.0,4.0
2020,초5,1.0,0.6844886407081803,4.0,4.0,,4.0,4.0,4.0,4.0
2020,초5,1.0,0.6844886407081803,4.0,4.0,,4.0,4.0,4.0,4.0
2020,초5,1.0,0.6844886407081803,1.6666666666666667,4.0,,3.0,1.0,1.0,4.0
2020,초5,1.0,0.6844886407081803,2.6666666666666665,1.0,,4.0,3.0,1.0,1.0
2020,초5,1.0,0.6844886407081803,2.6666666666666665,2.0,,3.0,3.0,2.0,2.0
2020,초5,1.0,0.6844886407081803,2.6666666666666665,4.0,,3.0,3.0,2.0,4.0
2020,초5,1.0,0.6844886407081803,3.3333333333333335,3.0,,3.0,4.0,3.0,3.0
2020,초5,1.0,0.6844886407081803,2.6666666666666665,1.0,,3.0,4.0,1.0,1.0
2020,초5,2.0,0.6339641393251176,3.3333333333333335,2.0,,4.0,4.0,2.0,2.0
2020,초5,2.0,0.6339641393251176,2.0,2.0,,2.0,3.0,1.0,2.0
2020,초5,2.0,0.6339641393251176,3.0,2.0,,3.0,4.0,2.0,2.0
2020,초5,2.0,0.6339641393251176,4.0,4.0,,4.0,4.0,4.0,4.0
2020,초5,2.0,0.6339641393251176,3.6666666666666665,3.0,,4.0,4.0,3.0,3.0
2020,초5,2.0,0.6339641393251176,3.0,3.0,,4.0,4.0,1.0,3.0
2020,초5,2.0,0.6339641393251176,2.6666666666666665,2.0,,3.0,3.0,2.0,2.0
2020,초5,2.0,0.6339641393251176,3.0,3.0,,3.0,3.0,3.0,3.0
2020,초5,2.0,0.6339641393251176,3.6666666666666665,4.0,,4.0,3.0,4.0,4.0
2020,초5,2.0,0.6339641393251176,2.3333333333333335,1.0,,3.0,3.0,1.0,1.0
2020,초5,2.0,0.6339641393251176,3.0,3.0,,3.0,3.0,3.0,3.0
2020,초5,2.0,0.6339641393251176,3.6666666666666665,3.0,,4.0,4.0,3.0,3.0
2020,초5,2.0,0.6339641393251176,2.6666666666666665,2.0,,3.0,3.0,2.0,2.0
2020,초4,1.0,0.6717307867324948,2.6666666666666665,3.0,,2.0,3.0,3.0,3.0
2020,초4,1.0,0.6717307867324948,4.0,4.0,,4.0,4.0,4.0,4.0
2020,초4,1.0,0.6717307867324948,4.0,4.0,,4.0,4.0,4.0,4.0
2020,초4,1.0,0.6717307867324948,3.3333333333333335,3.0,,3.0,4.0,3.0,3.0
2020,초4,1.0,0.6717307867324948,2.6666666666666665,1.0,,3.0,4.0,1.0,1.0
2020,초4,1.0,0.6717307867324948,3.0,3.0,,3.0,3.0,3.0,3.0
2020,초4,1.0,0.6717307867324948,3.6666666666666665,3.0,,4.0,4.0,3.0,3.0
2020,초4,1.0,0.6717307867324948,3.6666666666666665,4.0,,4.0,4.0,3.0,4.0
2020,초4,1.0,0.6717307867324948,3.3333333333333335,3.0,,3.0,4.0,3.0,3.0
2020,초4,1.0,0.6717307867324948,2.6666666666666665,3.0,,3.0,3.0,2.0,3.0
2020,초4,1.0,0.6717307867324948,3.6666666666666665,3.0,,3.0,4.0,4.0,3.0
2020,초4,1.0,0.6717307867324948,3.0,3.0,,3.0,3.0,3.0,3.0
2020,초4,1.0,0.6717307867324948,3.6666666666666665,4.0,,4.0,4.0,3.0,4.0
2020,초4,2.0,0.6396956842269174,1.0,1.0,,1.0,1.0,1.0,1.0
2020,초4,2.0,0.6396956842269174,4.0,4.0,,4.0,4.0,4.0,4.0
2020,초4,2.0,0.6396956842269174,3.3333333333333335,3.0,,3.0,4.0,3.0,3.0
2020,초4,2.0,0.6396956842269174,3.0,3.0,,3.0,3.0,3.0,3.0
2020,초4,2.0,0.6396956842269174,3.3333333333333335,3.0,,3.0,4.0,3.0,3.0
2020,초4,2.0,0.6396956842269174,3.0,2.0,,4.0,3.0,2.0,2.0
2020,초4,2.0,0.6396956842269174,3.6666666666666665,3.0,,4.0,4.0,3.0,3.0
2020,초4,2.0,0.6396956842269174,3.3333333333333335,3.0,,4.0,3.0,3.0,3.0
2020,초4,2.0,0.6396956842269174,3.0,3.0,,3.0,3.0,3.0,3.0
2020,초4,2.0,0.6396956842269174,3.0,2.0,,3.0,3.0,3.0,2.0
2020,초4,2.0,0.6396956842269174,4.0,4.0,,4.0,4.0,4.0,4.0
2020,초4,2.0,0.6396956842269174,3.3333333333333335,4.0,,3.0,4.0,3.0,4.0
2020,초6,1.0,0.8022789968353445,3.6666666666666665,3.0,,3.0,4.0,4.0,3.0
2020,초6,1.0,0.8022789968353445,2.3333333333333335,4.0,,2.0,4.0,1.0,4.0
2020,초6,1.0,0.8022789968353445,3.6666666666666665,3.0,,4.0,4.0,3.0,3.0
2020,초6,1.0,0.8022789968353445,3.3333333333333335,2.0,,3.0,4.0,3.0,2.0
2020,초6,1.0,0.8022789968353445,3.0,3.0,,3.0,3.0,3.0,3.0
2020,초6,1.0,0.8022789968353445,3.6666666666666665,3.0,,4.0,4.0,3.0,3.0
2020,초6,1.0,0.8022789968353445,4.0,4.0,,4.0,4.0,4.0,4.0
2020,초6,1.0,0.8022789968353445,3.0,2.0,,3.0,4.0,2.0,2.0
2020,초6,1.0,0.8022789968353445,3.3333333333333335,3.0,,3.0,4.0,3.0,3.0
2020,초6,1.0,0.8022789968353445,3.6666666666666665,4.0,,4.0,4.0,3.0,4.0
2020,초6,2.0,0.6722144225223351,3.3333333333333335,3.0,,3.0,4.0,3.0,3.0
2020,초6,2.0,0.6722144225223351,3.6666666666666665,3.0,,4.0,4.0,3.0,3.0
2020,초6,2.0,0.6722144225223351,3.0,3.0,,3.0,4.0,2.0,3.0
2020,초6,2.0,0.6722144225223351,3.3333333333333335,4.0,,3.0,4.0,3.0,4.0
2020,초6,2.0,0.6722144225223351,2.6666666666666665,2.0,,3.0,3.0,2.0,2.0
2020,초6,2.0,0.6722144225223351,3.3333333333333335,3.0,,3.0,3.0,4.0,3.0
2020,초6,2.0,0.6722144225223351,3.3333333333333335,3.0,,3.0,4.0,3.0,3.0
2020,초6,2.0,0.6722144225223351,3.0,4.0,,3.0,3.0,3.0,4.0
2020,초6,2.0,0.6722144225223351,4.0,4.0,,4.0,4.0,4.0,4.0
2020,초6,2.0,0.6722144225223351,3.3333333333333335,4.0,,3.0,4.0,3.0,4.0
2020,초6,2.0,0.6722144225223351,3.3333333333333335,3.0,,3.0,4.0,3.0,3.0
2020,초6,2.0,0.6722144225223351,4.0,4.0,,4.0,4.0,4.0,4.0
2020,초5,1.0,1.3128208081505333,3.6666666666666665,3.0,,3.0,4.0,4.0,3.0
2020,초5,1.0,1.3128208081505333,4.0,4.0,,4.0,4.0,4.0,4.0
2020,초5,1.0,1.3128208081505333,3.0,3.0,,2.0,4.0,3.0,3.0
2020,초5,1.0,1.3128208081505333,3.0,1.0,,3.0,4.0,2.0,1.0
2020,초5,1.0,1.3128208081505333,3.6666666666666665,4.0,,3.0,4.0,4.0,4.0
2020,초5,1.0,1.3128208081505333,2.6666666666666665,2.0,,3.0,3.0,2.0,2.0
2020,초5,1.0,1.3128208081505333,3.0,3.0,,3.0,4.0,2.0,3.0
2020,초5,1.0,1.3128208081505333,3.0,3.0,,3.0,3.0,3.0,3.0
2020,초5,1.0,1.3128208081505333,3.6666666666666665,4.0,,4.0,4.0,3.0,4.0
2020,초5,1.0,1.3128208081505333,3.0,3.0,,3.0,3.0,3.0,3.0
2020,초5,1.0,1.3128208081505333,3.6666666666666665,3.0,,4.0,4.0,3.0,3.0
2020,초5,1.0,1.3128208081505333,3.0,4.0,,3.0,3.0,3.0,4.0
2020,초5,1.0,1.3128208081505333,3.3333333333333335,4.0,,3.0,3.0,4.0,4.0
2020,초5,2.0,1.4365312629982965,2.6666666666666665,2.0,,3.0,3.0,2.0,2.0
2020,초5,2.0,1.4365312629982965,3.6666666666666665,4.0,,4.0,4.0,3.0,4.0
2020,초5,2.0,1.4365312629982965,3.0,2.0,,3.0,3.0,3.0,2.0
2020,초5,2.0,1.4365312629982965,3.0,3.0,,3.0,3.0,3.0,3.0
2020,초5,2.0,1.4365312629982965,3.6666666666666665,2.0,,4.0,4.0,3.0,2.0
2020,초5,2.0,1.4365312629982965,3.0,3.0,,3.0,3.0,3.0,3.0
2020,초5,2.0,1.4365312629982965,3.0,3.0,,3.0,3.0,3.0,3.0
2020,초5,2.0,1.4365312629982965,3.6666666666666665,3.0,,3.0,4.0,4.0,3.0
2020,초5,2.0,1.4365312629982965,2.6666666666666665,2.0,,3.0,3.0,2.0,2.0
2020,초5,2.0,1.4365312629982965,3.3333333333333335,3.0,,3.0,4.0,3.0,3.0
2020,초5,2.0,1.4365312629982965,3.3333333333333335,3.0,,3.0,4.0,3.0,3.0
2020,초4,2.0,1.2000181249334205,4.0,4.0,,4.0,4.0,4.0,4.0
2020,초4,2.0,1.2000181249334205,4.0,4.0,,4.0,4.0,4.0,4.0
2020,초4,2.0,1.2000181249334205,3.3333333333333335,4.0,,4.0,3.0,3.0,4.0
2020,초4,2.0,1.2000181249334205,3.6666666666666665,3.0,,4.0,4.0,3.0,3.0
2020,초4,2.0,1.2000181249334205,3.0,3.0,,3.0,3.0,3.0,3.0
2020,초4,2.0,1.2000181249334205,3.3333333333333335,3.0,,3.0,4.0,3.0,3.0
2020,초4,2.0,1.2000181249334205,3.3333333333333335,4.0,,3.0,4.0,3.0,4.0
2020,초4,2.0,1.2000181249334205,3.6666666666666665,3.0,,3.0,4.0,4.0,3.0
2020,초4,2.0,1.2000181249334205,4.0,4.0,,4.0,4.0,4.0,4.0
2020,초4,2.0,1.2000181249334205,3.3333333333333335,4.0,,3.0,4.0,3.0,4.0
2020,초4,2.0,1.2000181249334205,3.3333333333333335,2.0,,3.0,4.0,3.0,2.0
2020,초4,2.0,1.2000181249334205,3.6666666666666665,4.0,,3.0,4.0,4.0,4.0
2020,초4,2.0,1.2000181249334205,4.0,3.0,,4.0,4.0,4.0,3.0
2020,초4,1.0,1.2431149532537065,3.6666666666666665,3.0,,4.0,4.0,3.0,3.0
2020,초4,1.0,1.2431149532537065,2.3333333333333335,2.0,,2.0,3.0,2.0,2.0
2020,초4,1.0,1.2431149532537065,3.6666666666666665,4.0,,4.0,4.0,3.0,4.0
2020,초4,1.0,1.2431149532537065,3.3333333333333335,3.0,,3.0,4.0,3.0,3.0
2020,초4,1.0,1.2431149532537065,2.6666666666666665,2.0,,2.0,3.0,3.0,2.0
2020,초4,1.0,1.2431149532537065,3.3333333333333335,4.0,,3.0,3.0,4.0,4.0
2020,초4,1.0,1.2431149532537065,2.3333333333333335,1.0,,3.0,3.0,1.0,1.0
2020,초4,1.0,1.2431149532537065,2.0,3.0,,2.0,3.0,1.0,3.0
2020,초4,1.0,1.2431149532537065,3.3333333333333335,2.0,,4.0,4.0,2.0,2.0
2020,초4,1.0,1.2431149532537065,3.6666666666666665,4.0,,4.0,4.0,3.0,4.0
2020,초4,1.0,1.2431149532537065,2.3333333333333335,1.0,,2.0,3.0,2.0,1.0
2020,초4,1.0,1.2431149532537065,2.6666666666666665,2.0,,3.0,3.0,2.0,2.0
2020,초4,1.0,1.2431149532537065,3.0,2.0,,3.0,4.0,2.0,2.0
2020,초6,1.0,1.4968529715081182,3.0,1.0,,3.0,4.0,2.0,1.0
2020,초6,1.0,1.4968529715081182,2.3333333333333335,2.0,,2.0,3.0,2.0,2.0
2020,초6,1.0,1.4968529715081182,3.3333333333333335,4.0,,3.0,3.0,4.0,4.0
2020,초6,1.0,1.4968529715081182,3.3333333333333335,3.0,,3.0,4.0,3.0,3.0
2020,초6,1.0,1.4968529715081182,3.0,3.0,,3.0,3.0,3.0,3.0
2020,초6,1.0,1.4968529715081182,3.0,3.0,,3.0,3.0,3.0,3.0
2020,초6,1.0,1.4968529715081182,3.0,3.0,,3.0,3.0,3.0,3.0
2020,초6,1.0,1.4968529715081182,3.0,2.0,,3.0,4.0,2.0,2.0
2020,초6,1.0,1.4968529715081182,3.3333333333333335,2.0,,2.0,4.0,4.0,2.0
2020,초6,1.0,1.4968529715081182,2.6666666666666665,1.0,,3.0,3.0,2.0,1.0
2020,초6,1.0,1.4968529715081182,3.0,3.0,,3.0,3.0,3.0,3.0
2020,초6,1.0,1.4968529715081182,3.3333333333333335,3.0,,3.0,4.0,3.0,3.0
2020,초6,2.0,1.8856857613658506,2.6666666666666665,2.0,,3.0,3.0,2.0,2.0
2020,초6,2.0,1.8856857613658506,3.0,3.0,,3.0,3.0,3.0,3.0
2020,초6,2.0,1.8856857613658506,3.0,3.0,,3.0,3.0,3.0,3.0
2020,초6,2.0,1.8856857613658506,3.3333333333333335,3.0,,3.0,4.0,3.0,3.0
2020,초6,2.0,1.8856857613658506,2.6666666666666665,3.0,,3.0,3.0,2.0,3.0
2020,초6,2.0,1.8856857613658506,3.6666666666666665,3.0,,4.0,4.0,3.0,3.0
2020,초6,2.0,1.8856857613658506,3.3333333333333335,3.0,,3.0,4.0,3.0,3.0
2020,초6,2.0,1.8856857613658506,3.3333333333333335,2.0,,3.0,4.0,3.0,2.0
2020,초6,2.0,1.8856857613658506,3.3333333333333335,2.0,,4.0,4.0,2.0,2.0
2020,초5,1.0,0.8461483884983442,3.0,3.0,,3.0,3.0,3.0,3.0
2020,초5,1.0,0.8461483884983442,3.0,1.0,,4.0,3.0,2.0,1.0
2020,초5,1.0,0.8461483884983442,3.0,2.0,,3.0,4.0,2.0,2.0
2020,초5,1.0,0.8461483884983442,2.6666666666666665,3.0,,3.0,3.0,2.0,3.0
2020,초5,1.0,0.8461483884983442,3.6666666666666665,3.0,,3.0,4.0,4.0,3.0
2020,초5,1.0,0.8461483884983442,3.0,3.0,,3.0,3.0,3.0,3.0
2020,초5,1.0,0.8461483884983442,4.0,4.0,,4.0,4.0,4.0,4.0
2020,초5,1.0,0.8461483884983442,3.0,3.0,,4.0,3.0,2.0,3.0
2020,초5,1.0,0.8461483884983442,2.6666666666666665,3.0,,3.0,3.0,2.0,3.0
2020,초5,1.0,0.8461483884983442,3.3333333333333335,3.0,,3.0,4.0,3.0,3.0
2020,초5,1.0,0.8461483884983442,4.0,4.0,,4.0,4.0,4.0,4.0
2020,초5,1.0,0.8461483884983442,4.0,4.0,,4.0,4.0,4.0,4.0
2020,초5,1.0,0.8461483884983442,3.3333333333333335,3.0,,3.0,4.0,3.0,3.0
2020,초5,1.0,0.8461483884983442,3.3333333333333335,3.0,,3.0,4.0,3.0,3.0
2020,초5,1.0,0.8461483884983442,3.0,3.0,,3.0,3.0,3.0,3.0
2020,초5,2.0,0.9043191953930484,3.0,1.0,,3.0,4.0,2.0,1.0
2020,초5,2.0,0.9043191953930484,3.0,3.0,,3.0,3.0,3.0,3.0
2020,초5,2.0,0.9043191953930484,3.3333333333333335,4.0,,4.0,4.0,2.0,4.0
2020,초5,2.0,0.9043191953930484,2.6666666666666665,2.0,,3.0,3.0,2.0,2.0
2020,초5,2.0,0.9043191953930484,3.6666666666666665,3.0,,4.0,4.0,3.0,3.0
2020,초5,2.0,0.9043191953930484,4.0,3.0,,4.0,4.0,4.0,3.0
2020,초5,2.0,0.9043191953930484,3.3333333333333335,3.0,,3.0,3.0,4.0,3.0
2020,초5,2.0,0.9043191953930484,3.3333333333333335,3.0,,3.0,4.0,3.0,3.0
2020,초5,2.0,0.9043191953930484,3.3333333333333335,4.0,,4.0,3.0,3.0,4.0
2020,초5,2.0,0.9043191953930484,3.3333333333333335,2.0,,3.0,4.0,3.0,2.0
2020,초6,1.0,1.029263267270469,3.6666666666666665,3.0,,4.0,4.0,3.0,3.0
2020,초6,1.0,1.029263267270469,3.0,3.0,,3.0,3.0,3.0,3.0
2020,초6,1.0,1.029263267270469,3.0,3.0,,3.0,3.0,3.0,3.0
2020,초6,1.0,1.029263267270469,3.0,3.0,,3.0,3.0,3.0,3.0
2020,초6,1.0,1.029263267270469,3.0,2.0,,3.0,3.0,3.0,2.0
2020,초6,1.0,1.029263267270469,2.6666666666666665,1.0,,3.0,3.0,2.0,1.0
2020,초6,1.0,1.029263267270469,2.3333333333333335,2.0,,3.0,2.0,2.0,2.0
2020,초6,1.0,1.029263267270469,3.0,3.0,,3.0,3.0,3.0,3.0
2020,초6,1.0,1.029263267270469,4.0,1.0,,4.0,4.0,4.0,1.0
2020,초6,1.0,1.029263267270469,4.0,3.0,,4.0,4.0,4.0,3.0
2020,초6,1.0,1.029263267270469,4.0,4.0,,4.0,4.0,4.0,4.0
2020,초6,2.0,0.8221221399177305,4.0,4.0,,4.0,4.0,4.0,4.0
2020,초6,2.0,0.8221221399177305,3.0,3.0,,3.0,3.0,3.0,3.0
2020,초6,2.0,0.8221221399177305,3.0,1.0,,3.0,3.0,3.0,1.0
2020,초6,2.0,0.8221221399177305,3.0,3.0,,3.0,3.0,3.0,3.0
2020,초6,2.0,0.8221221399177305,3.3333333333333335,4.0,,3.0,4.0,3.0,4.0
2020,초6,2.0,0.8221221399177305,2.6666666666666665,3.0,,2.0,3.0,3.0,3.0
2020,초6,2.0,0.8221221399177305,3.0,3.0,,3.0,3.0,3.0,3.0
2020,초6,2.0,0.8221221399177305,3.3333333333333335,4.0,,2.0,4.0,4.0,4.0
2020,초6,2.0,0.8221221399177305,3.3333333333333335,3.0,,3.0,4.0,3.0,3.0
2020,초6,2.0,0.8221221399177305,3.0,2.0,,3.0,4.0,2.0,2.0
2020,초6,2.0,0.8221221399177305,3.3333333333333335,3.0,,3.0,3.0,4.0,3.0
2020,초6,2.0,0.8221221399177305,3.6666666666666665,3.0,,4.0,4.0,3.0,3.0
2020,초6,2.0,0.8221221399177305,2.6666666666666665,3.0,,3.0,3.0,2.0,3.0
2020,초6,2.0,0.8221221399177305,3.0,3.0,,3.0,3.0,3.0,3.0
2020,초6,2.0,0.8221221399177305,3.0,3.0,,3.0,3.0,3.0,3.0
2020,초4,1.0,0.7428421733060092,2.6666666666666665,1.0,,3.0,4.0,1.0,1.0
2020,초4,1.0,0.7428421733060092,3.6666666666666665,3.0,,3.0,4.0,4.0,3.0
2020,초4,1.0,0.7428421733060092,3.0,3.0,,3.0,3.0,3.0,3.0
2020,초4,1.0,0.7428421733060092,2.6666666666666665,3.0,,2.0,3.0,3.0,3.0
2020,초4,1.0,0.7428421733060092,3.3333333333333335,3.0,,3.0,4.0,3.0,3.0
2020,초4,1.0,0.7428421733060092,3.3333333333333335,3.0,,3.0,4.0,3.0,3.0
2020,초4,1.0,0.7428421733060092,3.3333333333333335,3.0,,3.0,4.0,3.0,3.0
2020,초4,1.0,0.7428421733060092,3.6666666666666665,3.0,,3.0,4.0,4.0,3.0
2020,초4,1.0,0.7428421733060092,3.3333333333333335,3.0,,3.0,4.0,3.0,3.0
2020,초4,1.0,0.7428421733060092,3.3333333333333335,3.0,,3.0,4.0,3.0,3.0
2020,초4,1.0,0.7428421733060092,2.0,1.0,,2.0,3.0,1.0,1.0
2020,초4,1.0,0.7428421733060092,3.0,2.0,,3.0,3.0,3.0,2.0
2020,초4,1.0,0.7428421733060092,1.6666666666666667,1.0,,1.0,3.0,1.0,1.0
2020,초4,1.0,0.7428421733060092,3.6666666666666665,3.0,,4.0,4.0,3.0,3.0
2020,초4,2.0,0.7663220208540531,3.6666666666666665,4.0,,3.0,4.0,4.0,4.0
2020,초4,2.0,0.7663220208540531,3.6666666666666665,3.0,,3.0,4.0,4.0,3.0
2020,초4,2.0,0.7663220208540531,3.3333333333333335,3.0,,3.0,4.0,3.0,3.0
2020,초4,2.0,0.7663220208540531,3.3333333333333335,4.0,,3.0,3.0,4.0,4.0
2020,초4,2.0,0.7663220208540531,3.3333333333333335,3.0,,3.0,4.0,3.0,3.0
2020,초4,2.0,0.7663220208540531,3.6666666666666665,4.0,,4.0,4.0,3.0,4.0
2020,초4,2.0,0.7663220208540531,3.3333333333333335,3.0,,3.0,4.0,3.0,3.0
2020,초4,2.0,0.7663220208540531,4.0,4.0,,4.0,4.0,4.0,4.0
2020,초4,2.0,0.7663220208540531,3.3333333333333335,3.0,,3.0,4.0,3.0,3.0
2020,초4,2.0,0.7663220208540531,3.3333333333333335,3.0,,3.0,4.0,3.0,3.0
2020,초4,2.0,0.7663220208540531,2.6666666666666665,2.0,,3.0,3.0,2.0,2.0
2020,초4,2.0,0.7663220208540531,3.3333333333333335,3.0,,3.0,4.0,3.0,3.0
2020,초4,2.0,0.7663220208540531,3.6666666666666665,3.0,,4.0,4.0,3.0,3.0
2020,초4,1.0,0.7428421733060092,3.6666666666666665,4.0,,3.0,4.0,4.0,4.0
2020,초4,2.0,0.7663220208540531,4.0,4.0,,4.0,4.0,4.0,4.0
2020,초5,1.0,0.8461483884983442,3.3333333333333335,3.0,,3.0,4.0,3.0,3.0
2020,초5,1.0,0.8461483884983442,3.3333333333333335,3.0,,3.0,4.0,3.0,3.0
2020,초5,1.0,0.8461483884983442,3.0,2.0,,3.0,3.0,3.0,2.0
2020,초5,1.0,0.8461483884983442,2.6666666666666665,1.0,,3.0,3.0,2.0,1.0
2020,초5,1.0,0.8461483884983442,3.3333333333333335,3.0,,3.0,4.0,3.0,3.0
2020,초5,1.0,0.8461483884983442,2.6666666666666665,3.0,,3.0,3.0,2.0,3.0
2020,초5,1.0,0.8461483884983442,2.6666666666666665,2.0,,3.0,3.0,2.0,2.0
2020,초5,1.0,0.8461483884983442,3.3333333333333335,3.0,,3.0,4.0,3.0,3.0
2020,초5,1.0,0.8461483884983442,3.3333333333333335,3.0,,3.0,4.0,3.0,3.0
2020,초5,1.0,0.8461483884983442,2.6666666666666665,3.0,,3.0,4.0,1.0,3.0
2020,초5,1.0,0.8461483884983442,4.0,4.0,,4.0,4.0,4.0,4.0
2020,초5,1.0,0.8461483884983442,2.6666666666666665,2.0,,3.0,3.0,2.0,2.0
2020,초5,1.0,0.8461483884983442,2.6666666666666665,2.0,,3.0,3.0,2.0,2.0
2020,초5,2.0,0.9043191953930484,4.0,4.0,,4.0,4.0,4.0,4.0
2020,초5,2.0,0.9043191953930484,3.0,2.0,,3.0,3.0,3.0,2.0
2020,초5,2.0,0.9043191953930484,2.6666666666666665,2.0,,3.0,3.0,2.0,2.0
2020,초5,2.0,0.9043191953930484,3.0,2.0,,3.0,3.0,3.0,2.0
2020,초5,2.0,0.9043191953930484,3.0,3.0,,3.0,3.0,3.0,3.0
2020,초5,2.0,0.9043191953930484,3.3333333333333335,3.0,,4.0,3.0,3.0,3.0
2020,초5,2.0,0.9043191953930484,2.6666666666666665,2.0,,3.0,3.0,2.0,2.0
2020,초5,2.0,0.9043191953930484,3.3333333333333335,3.0,,3.0,4.0,3.0,3.0
2020,초5,2.0,0.9043191953930484,2.3333333333333335,2.0,,3.0,2.0,2.0,2.0
2020,초5,2.0,0.9043191953930484,3.0,2.0,,3.0,3.0,3.0,2.0
2020,초5,2.0,0.9043191953930484,2.6666666666666665,2.0,,3.0,3.0,2.0,2.0
2020,초5,2.0,0.9043191953930484,2.3333333333333335,2.0,,3.0,2.0,2.0,2.0
2020,초5,2.0,0.9043191953930484,3.6666666666666665,3.0,,4.0,4.0,3.0,3.0
2020,초6,1.0,1.115035206209675,3.6666666666666665,3.0,,4.0,4.0,3.0,3.0
2020,초6,1.0,1.115035206209675,3.3333333333333335,3.0,,3.0,4.0,3.0,3.0
2020,초6,1.0,1.115035206209675,3.6666666666666665,3.0,,3.0,4.0,4.0,3.0
2020,초6,1.0,1.115035206209675,3.6666666666666665,3.0,,4.0,4.0,3.0,3.0
2020,초6,1.0,1.115035206209675,3.3333333333333335,4.0,,3.0,3.0,4.0,4.0
2020,초6,1.0,1.115035206209675,3.0,3.0,,3.0,3.0,3.0,3.0
2020,초6,1.0,1.115035206209675,3.6666666666666665,3.0,,4.0,4.0,3.0,3.0
2020,초6,1.0,1.115035206209675,3.0,2.0,,3.0,4.0,2.0,2.0
2020,초6,1.0,1.115035206209675,3.3333333333333335,2.0,,3.0,4.0,3.0,2.0
2020,초6,1.0,1.115035206209675,3.0,3.0,,3.0,4.0,2.0,3.0
2020,초6,2.0,0.8906323182442081,3.0,3.0,,3.0,3.0,3.0,3.0
2020,초6,2.0,0.8906323182442081,3.3333333333333335,3.0,,4.0,3.0,3.0,3.0
2020,초6,2.0,0.8906323182442081,3.0,3.0,,3.0,3.0,3.0,3.0
2020,초6,2.0,0.8906323182442081,3.0,3.0,,3.0,3.0,3.0,3.0
2020,초6,2.0,0.8906323182442081,3.3333333333333335,3.0,,3.0,4.0,3.0,3.0
2020,초6,2.0,0.8906323182442081,2.3333333333333335,1.0,,3.0,3.0,1.0,1.0
2020,초6,2.0,0.8906323182442081,3.0,2.0,,3.0,3.0,3.0,2.0
2020,초6,2.0,0.8906323182442081,3.3333333333333335,3.0,,3.0,4.0,3.0,3.0
2020,초6,2.0,0.8906323182442081,3.0,3.0,,3.0,3.0,3.0,3.0
2020,초6,2.0,0.8906323182442081,3.3333333333333335,3.0,,3.0,4.0,3.0,3.0
2020,초6,2.0,0.8906323182442081,3.0,3.0,,3.0,3.0,3.0,3.0
2020,초6,2.0,0.8906323182442081,4.0,4.0,,4.0,4.0,4.0,4.0
2020,초4,1.0,0.8976009594114278,3.0,3.0,,3.0,3.0,3.0,3.0
2020,초4,1.0,0.8976009594114278,3.0,3.0,,3.0,3.0,3.0,3.0
2020,초4,1.0,0.8976009594114278,3.3333333333333335,4.0,,3.0,3.0,4.0,4.0
2020,초4,1.0,0.8976009594114278,3.0,2.0,,3.0,3.0,3.0,2.0
2020,초4,1.0,0.8976009594114278,3.0,3.0,,3.0,3.0,3.0,3.0
2020,초4,1.0,0.8976009594114278,3.0,3.0,,3.0,3.0,3.0,3.0
2020,초4,1.0,0.8976009594114278,3.3333333333333335,3.0,,3.0,3.0,4.0,3.0
2020,초4,2.0,0.9259724418653142,3.3333333333333335,4.0,,3.0,4.0,3.0,4.0
2020,초4,2.0,0.9259724418653142,4.0,4.0,,4.0,4.0,4.0,4.0
2020,초4,2.0,0.9259724418653142,3.3333333333333335,3.0,,3.0,4.0,3.0,3.0
2020,초4,2.0,0.9259724418653142,3.0,3.0,,3.0,3.0,3.0,3.0
2020,초4,2.0,0.9259724418653142,3.6666666666666665,3.0,,4.0,4.0,3.0,3.0
2020,초4,2.0,0.9259724418653142,3.3333333333333335,3.0,,3.0,4.0,3.0,3.0
2020,초4,2.0,0.9259724418653142,3.3333333333333335,3.0,,3.0,4.0,3.0,3.0
2020,초4,2.0,0.9259724418653142,3.3333333333333335,3.0,,3.0,4.0,3.0,3.0
2020,초4,1.0,0.8976009594114278,3.6666666666666665,4.0,,4.0,4.0,3.0,4.0
2020,초4,1.0,0.8976009594114278,2.6666666666666665,2.0,,2.0,3.0,3.0,2.0
2020,초4,1.0,0.8976009594114278,3.3333333333333335,3.0,,3.0,4.0,3.0,3.0
2020,초4,1.0,0.8976009594114278,2.6666666666666665,1.0,,3.0,4.0,1.0,1.0
2020,초4,1.0,0.8976009594114278,3.3333333333333335,2.0,,3.0,4.0,3.0,2.0
2020,초4,2.0,0.9259724418653142,4.0,4.0,,4.0,4.0,4.0,4.0
2020,초4,2.0,0.9259724418653142,2.6666666666666665,1.0,,3.0,3.0,2.0,1.0
2020,초4,2.0,0.9259724418653142,3.0,3.0,,3.0,4.0,2.0,3.0
2020,초5,2.0,0.6051845474170812,4.0,4.0,,4.0,4.0,4.0,4.0
2020,초5,2.0,0.6051845474170812,4.0,4.0,,4.0,4.0,4.0,4.0
2020,초5,2.0,0.6051845474170812,4.0,4.0,,4.0,4.0,4.0,4.0
2020,초5,2.0,0.6051845474170812,4.0,4.0,,4.0,4.0,4.0,4.0
2020,초5,2.0,0.6051845474170812,4.0,4.0,,4.0,4.0,4.0,4.0
2020,초5,2.0,0.6051845474170812,4.0,4.0,,4.0,4.0,4.0,4.0
2020,초5,2.0,0.6051845474170812,3.6666666666666665,3.0,,4.0,4.0,3.0,3.0
2020,초5,2.0,0.6051845474170812,4.0,4.0,,4.0,4.0,4.0,4.0
2020,초5,2.0,0.6051845474170812,3.3333333333333335,3.0,,3.0,4.0,3.0,3.0
2020,초5,2.0,0.6051845474170812,3.3333333333333335,3.0,,3.0,4.0,3.0,3.0
2020,초5,2.0,0.6051845474170812,4.0,4.0,,4.0,4.0,4.0,4.0
2020,초5,2.0,0.6051845474170812,2.6666666666666665,2.0,,3.0,3.0,2.0,2.0
2020,초5,2.0,0.6051845474170812,3.0,3.0,,3.0,3.0,3.0,3.0
2020,초5,2.0,0.6051845474170812,4.0,4.0,,4.0,4.0,4.0,4.0
2020,초5,2.0,0.6051845474170812,3.0,3.0,,3.0,3.0,3.0,3.0
2020,초5,2.0,0.6051845474170812,3.0,3.0,,3.0,4.0,2.0,3.0
2020,초5,2.0,0.6051845474170812,3.3333333333333335,3.0,,3.0,4.0,3.0,3.0
2020,초5,2.0,0.6051845474170812,2.6666666666666665,2.0,,3.0,3.0,2.0,2.0
2020,초5,2.0,0.6051845474170812,3.3333333333333335,3.0,,3.0,4.0,3.0,3.0
2020,초5,1.0,0.781367437650295,4.0,4.0,,4.0,4.0,4.0,4.0
2020,초5,1.0,0.781367437650295,3.6666666666666665,3.0,,3.0,4.0,4.0,3.0
2020,초5,1.0,0.781367437650295,2.6666666666666665,2.0,,3.0,3.0,2.0,2.0
2020,초5,1.0,0.781367437650295,2.6666666666666665,3.0,,3.0,3.0,2.0,3.0
2020,초5,1.0,0.781367437650295,3.6666666666666665,3.0,,4.0,4.0,3.0,3.0
2020,초5,1.0,0.781367437650295,3.6666666666666665,4.0,,4.0,4.0,3.0,4.0
2020,초5,1.0,0.781367437650295,3.3333333333333335,3.0,,3.0,4.0,3.0,3.0
2020,초5,1.0,0.781367437650295,3.6666666666666665,3.0,,4.0,4.0,3.0,3.0
2020,초5,1.0,0.781367437650295,2.6666666666666665,3.0,,2.0,4.0,2.0,3.0
2020,초5,1.0,0.781367437650295,4.0,4.0,,4.0,4.0,4.0,4.0
2020,초5,1.0,0.781367437650295,3.3333333333333335,2.0,,3.0,4.0,3.0,2.0
2020,초5,1.0,0.781367437650295,3.0,3.0,,4.0,4.0,1.0,3.0
2020,초5,1.0,0.781367437650295,3.3333333333333335,3.0,,3.0,4.0,3.0,3.0
2020,초5,1.0,0.781367437650295,3.3333333333333335,3.0,,3.0,4.0,3.0,3.0
2020,초5,1.0,0.991735593940759,2.0,1.0,,3.0,2.0,1.0,1.0
2020,초5,1.0,0.991735593940759,3.6666666666666665,3.0,,3.0,4.0,4.0,3.0
2020,초5,1.0,0.991735593940759,3.3333333333333335,3.0,,3.0,4.0,3.0,3.0
2020,초5,1.0,0.991735593940759,4.0,4.0,,4.0,4.0,4.0,4.0
2020,초5,1.0,0.991735593940759,3.0,3.0,,3.0,3.0,3.0,3.0
2020,초5,1.0,0.991735593940759,3.3333333333333335,3.0,,3.0,4.0,3.0,3.0
2020,초5,1.0,0.991735593940759,3.3333333333333335,3.0,,3.0,3.0,4.0,3.0
2020,초5,1.0,0.991735593940759,3.3333333333333335,2.0,,3.0,4.0,3.0,2.0
2020,초5,1.0,0.991735593940759,4.0,3.0,,4.0,4.0,4.0,3.0
2020,초5,1.0,0.991735593940759,3.3333333333333335,4.0,,3.0,3.0,4.0,4.0
2020,초5,1.0,0.991735593940759,3.0,1.0,,4.0,4.0,1.0,1.0
2020,초5,1.0,0.991735593940759,3.6666666666666665,3.0,,4.0,4.0,3.0,3.0
2020,초5,2.0,0.7681188486447569,3.6666666666666665,3.0,,4.0,4.0,3.0,3.0
2020,초5,2.0,0.7681188486447569,3.3333333333333335,3.0,,3.0,4.0,3.0,3.0
2020,초5,2.0,0.7681188486447569,3.0,3.0,,3.0,3.0,3.0,3.0
2020,초5,2.0,0.7681188486447569,3.0,2.0,,3.0,4.0,2.0,2.0
2020,초5,2.0,0.7681188486447569,3.0,2.0,,3.0,4.0,2.0,2.0
2020,초5,2.0,0.7681188486447569,3.6666666666666665,2.0,,4.0,4.0,3.0,2.0
2020,초5,2.0,0.7681188486447569,3.3333333333333335,4.0,,3.0,3.0,4.0,4.0
2020,초5,2.0,0.7681188486447569,3.6666666666666665,3.0,,4.0,4.0,3.0,3.0
2020,초5,2.0,0.7681188486447569,2.6666666666666665,2.0,,3.0,3.0,2.0,2.0
2020,초5,2.0,0.7681188486447569,3.0,2.0,,3.0,4.0,2.0,2.0
2020,초5,2.0,0.7681188486447569,3.0,3.0,,3.0,3.0,3.0,3.0
2020,초4,1.0,0.7879930767180866,3.6666666666666665,3.0,,4.0,4.0,3.0,3.0
2020,초4,1.0,0.7879930767180866,4.0,3.0,,4.0,4.0,4.0,3.0
2020,초4,1.0,0.7879930767180866,3.6666666666666665,4.0,,4.0,4.0,3.0,4.0
2020,초4,1.0,0.7879930767180866,2.6666666666666665,4.0,,2.0,3.0,3.0,4.0
2020,초4,1.0,0.7879930767180866,4.0,4.0,,4.0,4.0,4.0,4.0
2020,초4,1.0,0.7879930767180866,3.6666666666666665,3.0,,4.0,4.0,3.0,3.0
2020,초4,1.0,0.7879930767180866,3.3333333333333335,3.0,,3.0,4.0,3.0,3.0
2020,초4,1.0,0.7879930767180866,3.6666666666666665,3.0,,4.0,4.0,3.0,3.0
2020,초4,1.0,0.7879930767180866,4.0,4.0,,4.0,4.0,4.0,4.0
2020,초4,1.0,0.7879930767180866,3.6666666666666665,4.0,,3.0,4.0,4.0,4.0
2020,초4,1.0,0.7879930767180866,3.6666666666666665,3.0,,3.0,4.0,4.0,3.0
2020,초4,1.0,0.7879930767180866,4.0,4.0,,4.0,4.0,4.0,4.0
2020,초4,1.0,0.7879930767180866,3.0,2.0,,3.0,4.0,2.0,2.0
2020,초4,1.0,0.7879930767180866,3.3333333333333335,4.0,,3.0,4.0,3.0,4.0
2020,초4,2.0,0.8114076767011053,3.0,2.0,,3.0,4.0,2.0,2.0
2020,초4,2.0,0.8114076767011053,3.6666666666666665,4.0,,3.0,4.0,4.0,4.0
2020,초4,2.0,0.8114076767011053,3.6666666666666665,3.0,,4.0,4.0,3.0,3.0
2020,초4,2.0,0.8114076767011053,4.0,4.0,,4.0,4.0,4.0,4.0
2020,초4,2.0,0.8114076767011053,4.0,4.0,,4.0,4.0,4.0,4.0
2020,초4,2.0,0.8114076767011053,3.3333333333333335,3.0,,3.0,4.0,3.0,3.0
2020,초4,2.0,0.8114076767011053,3.6666666666666665,3.0,,4.0,4.0,3.0,3.0
2020,초4,2.0,0.8114076767011053,4.0,4.0,,4.0,4.0,4.0,4.0
2020,초4,2.0,0.8114076767011053,3.6666666666666665,4.0,,4.0,4.0,3.0,4.0
2020,초4,2.0,0.8114076767011053,3.6666666666666665,3.0,,4.0,4.0,3.0,3.0
2020,초4,2.0,0.8114076767011053,3.3333333333333335,4.0,,3.0,3.0,4.0,4.0
2020,초4,2.0,0.8114076767011053,3.6666666666666665,4.0,,3.0,4.0,4.0,4.0
2020,초6,1.0,0.8270292167631872,3.6666666666666665,3.0,,3.0,4.0,4.0,3.0
2020,초6,1.0,0.8270292167631872,3.3333333333333335,3.0,,3.0,4.0,3.0,3.0
2020,초6,1.0,0.8270292167631872,2.3333333333333335,2.0,,2.0,3.0,2.0,2.0
2020,초6,1.0,0.8270292167631872,3.0,3.0,,3.0,3.0,3.0,3.0
2020,초6,1.0,0.8270292167631872,4.0,4.0,,4.0,4.0,4.0,4.0
2020,초6,1.0,0.8270292167631872,2.6666666666666665,3.0,,3.0,3.0,2.0,3.0
2020,초6,1.0,0.8270292167631872,2.6666666666666665,2.0,,3.0,2.0,3.0,2.0
2020,초6,1.0,0.8270292167631872,3.0,2.0,,3.0,3.0,3.0,2.0
2020,초6,1.0,0.8270292167631872,3.6666666666666665,3.0,,4.0,4.0,3.0,3.0
2020,초6,1.0,0.8270292167631872,3.0,3.0,,3.0,3.0,3.0,3.0
2020,초6,1.0,0.8270292167631872,3.3333333333333335,2.0,,4.0,4.0,2.0,2.0
2020,초6,1.0,0.8270292167631872,1.6666666666666667,1.0,,2.0,2.0,1.0,1.0
2020,초6,1.0,0.8270292167631872,2.6666666666666665,2.0,,3.0,3.0,2.0,2.0
2020,초6,1.0,0.8270292167631872,2.3333333333333335,3.0,,3.0,2.0,2.0,3.0
2020,초6,1.0,0.8270292167631872,3.3333333333333335,4.0,,3.0,3.0,4.0,4.0
2020,초6,2.0,1.0219993391611017,3.3333333333333335,4.0,,3.0,3.0,4.0,4.0
2020,초6,2.0,1.0219993391611017,3.0,3.0,,3.0,3.0,3.0,3.0
2020,초6,2.0,1.0219993391611017,2.0,1.0,,3.0,1.0,2.0,1.0
2020,초6,2.0,1.0219993391611017,3.0,3.0,,3.0,3.0,3.0,3.0
2020,초6,2.0,1.0219993391611017,2.3333333333333335,3.0,,3.0,2.0,2.0,3.0
2020,초6,2.0,1.0219993391611017,3.0,2.0,,4.0,3.0,2.0,2.0
2020,초6,2.0,1.0219993391611017,3.0,3.0,,3.0,3.0,3.0,3.0
2020,초6,2.0,1.0219993391611017,4.0,4.0,,4.0,4.0,4.0,4.0
2020,초6,2.0,1.0219993391611017,3.6666666666666665,3.0,,4.0,4.0,3.0,3.0
2020,초5,1.0,1.2278631163076064,3.0,4.0,,3.0,4.0,2.0,4.0
2020,초5,1.0,1.2278631163076064,2.6666666666666665,2.0,,3.0,3.0,2.0,2.0
2020,초5,1.0,1.2278631163076064,3.0,2.0,,3.0,4.0,2.0,2.0
2020,초5,1.0,1.2278631163076064,3.3333333333333335,3.0,,3.0,4.0,3.0,3.0
2020,초5,1.0,1.2278631163076064,3.3333333333333335,3.0,,3.0,4.0,3.0,3.0
2020,초5,1.0,1.2278631163076064,3.3333333333333335,4.0,,3.0,4.0,3.0,4.0
2020,초5,1.0,1.2278631163076064,1.0,1.0,,1.0,1.0,1.0,1.0
2020,초5,1.0,1.2278631163076064,3.3333333333333335,3.0,,3.0,4.0,3.0,3.0
2020,초5,1.0,1.2278631163076064,2.6666666666666665,1.0,,3.0,4.0,1.0,1.0
2020,초5,2.0,0.9510042887982704,3.6666666666666665,3.0,,3.0,4.0,4.0,3.0
2020,초5,2.0,0.9510042887982704,4.0,3.0,,4.0,4.0,4.0,3.0
2020,초5,2.0,0.9510042887982704,2.3333333333333335,2.0,,2.0,3.0,2.0,2.0
2020,초5,2.0,0.9510042887982704,3.0,3.0,,3.0,3.0,3.0,3.0
2020,초5,2.0,0.9510042887982704,3.3333333333333335,3.0,,3.0,4.0,3.0,3.0
2020,초5,2.0,0.9510042887982704,3.0,3.0,,3.0,3.0,3.0,3.0
2020,초5,2.0,0.9510042887982704,4.0,3.0,,4.0,4.0,4.0,3.0
2020,초5,2.0,0.9510042887982704,2.6666666666666665,3.0,,3.0,3.0,2.0,3.0
2020,초5,2.0,0.9510042887982704,3.3333333333333335,3.0,,3.0,4.0,3.0,3.0
2020,초5,2.0,0.9510042887982704,3.0,1.0,,3.0,4.0,2.0,1.0
2020,초5,2.0,0.9510042887982704,2.3333333333333335,2.0,,2.0,4.0,1.0,2.0
2020,초5,2.0,0.9510042887982704,3.3333333333333335,4.0,,3.0,3.0,4.0,4.0
2020,초6,1.0,0.8601103854337145,3.3333333333333335,3.0,,4.0,4.0,2.0,3.0
2020,초6,1.0,0.8601103854337145,2.6666666666666665,3.0,,3.0,3.0,2.0,3.0
2020,초6,1.0,0.8601103854337145,3.6666666666666665,3.0,,4.0,4.0,3.0,3.0
2020,초6,1.0,0.8601103854337145,3.0,2.0,,3.0,4.0,2.0,2.0
2020,초6,1.0,0.8601103854337145,3.3333333333333335,2.0,,3.0,4.0,3.0,2.0
2020,초6,1.0,0.8601103854337145,3.0,3.0,,3.0,3.0,3.0,3.0
2020,초6,1.0,0.8601103854337145,3.3333333333333335,2.0,,3.0,4.0,3.0,2.0
2020,초6,1.0,0.8601103854337145,3.0,3.0,,3.0,3.0,3.0,3.0
2020,초6,1.0,0.8601103854337145,3.6666666666666665,2.0,,4.0,4.0,3.0,2.0
2020,초6,1.0,0.8601103854337145,3.0,2.0,,3.0,3.0,3.0,2.0
2020,초6,1.0,0.8601103854337145,3.0,3.0,,3.0,3.0,3.0,3.0
2020,초6,1.0,0.8601103854337145,3.6666666666666665,3.0,,4.0,4.0,3.0,3.0
2020,초6,1.0,0.8601103854337145,3.0,3.0,,3.0,3.0,3.0,3.0
2020,초6,2.0,1.0628793127275458,3.0,3.0,,3.0,3.0,3.0,3.0
2020,초6,2.0,1.0628793127275458,3.0,3.0,,3.0,3.0,3.0,3.0
2020,초6,2.0,1.0628793127275458,3.3333333333333335,3.0,,3.0,3.0,4.0,3.0
2020,초6,2.0,1.0628793127275458,3.0,3.0,,3.0,3.0,3.0,3.0
2020,초6,2.0,1.0628793127275458,3.6666666666666665,4.0,,3.0,4.0,4.0,4.0
2020,초6,2.0,1.0628793127275458,3.3333333333333335,3.0,,3.0,4.0,3.0,3.0
2020,초6,2.0,1.0628793127275458,4.0,2.0,,4.0,4.0,4.0,2.0
2020,초6,2.0,1.0628793127275458,2.6666666666666665,2.0,,3.0,3.0,2.0,2.0
2020,초6,2.0,1.0628793127275458,3.3333333333333335,3.0,,3.0,4.0,3.0,3.0
2020,초6,2.0,1.0628793127275458,3.3333333333333335,3.0,,3.0,4.0,3.0,3.0
2020,초6,2.0,1.0628793127275458,2.3333333333333335,1.0,,3.0,3.0,1.0,1.0
2020,초6,2.0,1.0628793127275458,3.3333333333333335,3.0,,3.0,4.0,3.0,3.0
2020,초4,1.0,0.8183005027457054,3.6666666666666665,3.0,,4.0,4.0,3.0,3.0
2020,초4,1.0,0.8183005027457054,2.3333333333333335,2.0,,2.0,3.0,2.0,2.0
2020,초4,1.0,0.8183005027457054,3.6666666666666665,4.0,,3.0,4.0,4.0,4.0
2020,초4,1.0,0.8183005027457054,3.3333333333333335,3.0,,4.0,3.0,3.0,3.0
2020,초4,1.0,0.8183005027457054,3.3333333333333335,3.0,,3.0,4.0,3.0,3.0
2020,초4,1.0,0.8183005027457054,3.3333333333333335,4.0,,3.0,4.0,3.0,4.0
2020,초4,1.0,0.8183005027457054,3.0,3.0,,3.0,3.0,3.0,3.0
2020,초4,1.0,0.8183005027457054,2.3333333333333335,,,2.0,3.0,2.0,
2020,초4,1.0,0.8183005027457054,3.3333333333333335,3.0,,3.0,4.0,3.0,3.0
2020,초4,1.0,0.8183005027457054,3.3333333333333335,3.0,,3.0,3.0,4.0,3.0
2020,초4,1.0,0.8183005027457054,4.0,4.0,,4.0,4.0,4.0,4.0
2020,초4,1.0,0.8183005027457054,2.6666666666666665,3.0,,3.0,2.0,3.0,3.0
2020,초4,2.0,0.8426156642665326,4.0,4.0,,4.0,4.0,4.0,4.0
2020,초4,2.0,0.8426156642665326,4.0,4.0,,4.0,4.0,4.0,4.0
2020,초4,2.0,0.8426156642665326,3.6666666666666665,3.0,,4.0,4.0,3.0,3.0
2020,초4,2.0,0.8426156642665326,3.6666666666666665,4.0,,3.0,4.0,4.0,4.0
2020,초4,2.0,0.8426156642665326,3.6666666666666665,3.0,,3.0,4.0,4.0,3.0
2020,초4,2.0,0.8426156642665326,3.0,4.0,,3.0,2.0,4.0,4.0
2020,초4,2.0,0.8426156642665326,3.0,3.0,,3.0,3.0,3.0,3.0
2020,초4,2.0,0.8426156642665326,4.0,4.0,,4.0,4.0,4.0,4.0
2020,초4,2.0,0.8426156642665326,3.3333333333333335,4.0,,3.0,3.0,4.0,4.0
2020,초4,2.0,0.8426156642665326,3.6666666666666665,3.0,,3.0,4.0,4.0,3.0
2020,초4,2.0,0.8426156642665326,4.0,4.0,,4.0,4.0,4.0,4.0
2020,초4,2.0,0.8426156642665326,3.6666666666666665,4.0,,4.0,4.0,3.0,4.0
2020,초4,2.0,0.8426156642665326,3.3333333333333335,4.0,,3.0,4.0,3.0,4.0
2020,초4,1.0,0.9250353509299278,3.0,2.0,,3.0,3.0,3.0,2.0
2020,초4,1.0,0.9250353509299278,3.0,3.0,,3.0,3.0,3.0,3.0
2020,초4,1.0,0.9250353509299278,4.0,3.0,,4.0,4.0,4.0,3.0
2020,초4,1.0,0.9250353509299278,4.0,3.0,,4.0,4.0,4.0,3.0
2020,초4,1.0,0.9250353509299278,3.0,4.0,,3.0,3.0,3.0,4.0
2020,초4,1.0,0.9250353509299278,3.3333333333333335,3.0,,3.0,4.0,3.0,3.0
2020,초4,1.0,0.9250353509299278,3.0,3.0,,2.0,4.0,3.0,3.0
2020,초4,1.0,0.9250353509299278,4.0,4.0,,4.0,4.0,4.0,4.0
2020,초4,1.0,0.9250353509299278,3.6666666666666665,3.0,,4.0,4.0,3.0,3.0
2020,초4,1.0,0.9250353509299278,2.6666666666666665,3.0,,3.0,3.0,2.0,3.0
2020,초4,1.0,0.9250353509299278,4.0,4.0,,4.0,4.0,4.0,4.0
2020,초4,1.0,0.9250353509299278,3.3333333333333335,3.0,,3.0,4.0,3.0,3.0
2020,초4,2.0,0.9525220552578193,2.3333333333333335,2.0,,3.0,2.0,2.0,2.0
2020,초4,2.0,0.9525220552578193,3.6666666666666665,4.0,,4.0,4.0,3.0,4.0
2020,초4,2.0,0.9525220552578193,3.0,3.0,,3.0,3.0,3.0,3.0
2020,초4,2.0,0.9525220552578193,3.0,4.0,,3.0,3.0,3.0,4.0
2020,초4,2.0,0.9525220552578193,3.3333333333333335,3.0,,3.0,4.0,3.0,3.0
2020,초4,2.0,0.9525220552578193,4.0,4.0,,4.0,4.0,4.0,4.0
2020,초4,2.0,0.9525220552578193,3.6666666666666665,3.0,,4.0,4.0,3.0,3.0
2020,초4,2.0,0.9525220552578193,3.3333333333333335,3.0,,3.0,4.0,3.0,3.0
2020,초4,2.0,0.9525220552578193,2.6666666666666665,3.0,,3.0,2.0,3.0,3.0
2020,초4,2.0,0.9525220552578193,3.3333333333333335,3.0,,3.0,4.0,3.0,3.0
2020,초4,2.0,0.9525220552578193,3.0,3.0,,4.0,4.0,1.0,3.0
2020,초6,1.0,1.0239409350401363,2.6666666666666665,3.0,,2.0,3.0,3.0,3.0
2020,초6,1.0,1.0239409350401363,2.6666666666666665,2.0,,3.0,3.0,2.0,2.0
2020,초6,1.0,1.0239409350401363,3.3333333333333335,3.0,,3.0,4.0,3.0,3.0
2020,초6,1.0,1.0239409350401363,3.0,3.0,,3.0,3.0,3.0,3.0
2020,초6,1.0,1.0239409350401363,3.0,3.0,,3.0,3.0,3.0,3.0
2020,초6,1.0,1.0239409350401363,2.3333333333333335,2.0,,2.0,3.0,2.0,2.0
2020,초6,1.0,1.0239409350401363,4.0,2.0,,4.0,4.0,4.0,2.0
2020,초6,1.0,1.0239409350401363,3.6666666666666665,2.0,,4.0,4.0,3.0,2.0
2020,초6,1.0,1.0239409350401363,3.3333333333333335,4.0,,3.0,4.0,3.0,4.0
2020,초6,1.0,1.0239409350401363,3.3333333333333335,3.0,,3.0,4.0,3.0,3.0
2020,초6,1.0,1.0239409350401363,3.6666666666666665,4.0,,3.0,4.0,4.0,4.0
2020,초6,1.0,1.0239409350401363,2.6666666666666665,3.0,,3.0,3.0,2.0,3.0
2020,초6,2.0,1.2653325151518402,4.0,4.0,,4.0,4.0,4.0,4.0
2020,초6,2.0,1.2653325151518402,3.6666666666666665,3.0,,4.0,4.0,3.0,3.0
2020,초6,2.0,1.2653325151518402,3.0,3.0,,3.0,3.0,3.0,3.0
2020,초6,2.0,1.2653325151518402,3.3333333333333335,3.0,,3.0,4.0,3.0,3.0
2020,초6,2.0,1.2653325151518402,3.3333333333333335,3.0,,3.0,4.0,3.0,3.0
2020,초6,2.0,1.2653325151518402,3.3333333333333335,2.0,,3.0,4.0,3.0,2.0
2020,초6,2.0,1.2653325151518402,3.0,3.0,,3.0,4.0,2.0,3.0
2020,초6,2.0,1.2653325151518402,3.3333333333333335,3.0,,3.0,4.0,3.0,3.0
2020,초6,2.0,1.2653325151518402,3.0,3.0,,3.0,3.0,3.0,3.0
2020,초5,1.0,0.4772103093475315,3.3333333333333335,3.0,,3.0,4.0,3.0,3.0
2020,초5,1.0,0.4772103093475315,3.6666666666666665,3.0,,3.0,4.0,4.0,3.0
2020,초5,1.0,0.4772103093475315,3.3333333333333335,3.0,,4.0,4.0,2.0,3.0
2020,초5,1.0,0.4772103093475315,3.6666666666666665,3.0,,4.0,4.0,3.0,3.0
2020,초5,1.0,0.4772103093475315,3.0,3.0,,3.0,3.0,3.0,3.0
2020,초5,1.0,0.4772103093475315,3.6666666666666665,4.0,,4.0,4.0,3.0,4.0
2020,초5,1.0,0.4772103093475315,3.6666666666666665,2.0,,4.0,4.0,3.0,2.0
2020,초5,1.0,0.4772103093475315,3.0,3.0,,3.0,3.0,3.0,3.0
2020,초5,1.0,0.4772103093475315,3.0,3.0,,3.0,3.0,3.0,3.0
2020,초5,1.0,0.4772103093475315,3.6666666666666665,3.0,,4.0,4.0,3.0,3.0
2020,초5,1.0,0.4772103093475315,4.0,4.0,,4.0,4.0,4.0,4.0
2020,초5,1.0,0.4772103093475315,3.3333333333333335,3.0,,3.0,4.0,3.0,3.0
2020,초5,1.0,0.4772103093475315,3.0,3.0,,3.0,3.0,3.0,3.0
2020,초5,1.0,0.4772103093475315,3.6666666666666665,3.0,,4.0,4.0,3.0,3.0
2020,초5,1.0,0.4772103093475315,3.3333333333333335,2.0,,3.0,4.0,3.0,2.0
2020,초5,2.0,0.4838598452323029,3.0,2.0,,3.0,4.0,2.0,2.0
2020,초5,2.0,0.4838598452323029,3.0,4.0,,3.0,3.0,3.0,4.0
2020,초5,2.0,0.4838598452323029,3.6666666666666665,3.0,,4.0,4.0,3.0,3.0
2020,초5,2.0,0.4838598452323029,3.6666666666666665,4.0,,4.0,4.0,3.0,4.0
2020,초5,2.0,0.4838598452323029,3.3333333333333335,3.0,,3.0,4.0,3.0,3.0
2020,초5,2.0,0.4838598452323029,3.0,3.0,,3.0,3.0,3.0,3.0
2020,초5,2.0,0.4838598452323029,3.0,3.0,,2.0,4.0,3.0,3.0
2020,초5,2.0,0.4838598452323029,3.0,3.0,,3.0,4.0,2.0,3.0
2020,초5,2.0,0.4838598452323029,3.6666666666666665,4.0,,4.0,3.0,4.0,4.0
2020,초5,2.0,0.4838598452323029,4.0,4.0,,4.0,4.0,4.0,4.0
2020,초5,2.0,0.4838598452323029,3.3333333333333335,3.0,,3.0,4.0,3.0,3.0
2020,초5,2.0,0.4838598452323029,2.6666666666666665,2.0,,3.0,3.0,2.0,2.0
2020,초5,2.0,0.4838598452323029,4.0,4.0,,4.0,4.0,4.0,4.0
2020,초6,1.0,0.6974295616087619,4.0,4.0,,4.0,4.0,4.0,4.0
2020,초6,1.0,0.6974295616087619,2.6666666666666665,4.0,,3.0,3.0,2.0,4.0
2020,초6,1.0,0.6974295616087619,4.0,4.0,,4.0,4.0,4.0,4.0
2020,초6,1.0,0.6974295616087619,2.6666666666666665,4.0,,3.0,3.0,2.0,4.0
2020,초6,1.0,0.6974295616087619,3.6666666666666665,4.0,,3.0,4.0,4.0,4.0
2020,초6,1.0,0.6974295616087619,3.6666666666666665,4.0,,3.0,4.0,4.0,4.0
2020,초6,1.0,0.6974295616087619,3.6666666666666665,4.0,,3.0,4.0,4.0,4.0
2020,초6,1.0,0.6974295616087619,4.0,3.0,,4.0,4.0,4.0,3.0
2020,초6,1.0,0.6974295616087619,4.0,4.0,,4.0,4.0,4.0,4.0
2020,초6,1.0,0.6974295616087619,4.0,4.0,,4.0,4.0,4.0,4.0
2020,초6,1.0,0.6974295616087619,1.6666666666666667,1.0,,1.0,3.0,1.0,1.0
2020,초6,2.0,0.404631332562686,3.0,3.0,,3.0,3.0,3.0,3.0
2020,초6,2.0,0.404631332562686,3.6666666666666665,3.0,,4.0,4.0,3.0,3.0
2020,초6,2.0,0.404631332562686,4.0,4.0,,4.0,4.0,4.0,4.0
2020,초6,2.0,0.404631332562686,3.0,3.0,,3.0,3.0,3.0,3.0
2020,초6,2.0,0.404631332562686,3.0,2.0,,3.0,3.0,3.0,2.0
2020,초6,2.0,0.404631332562686,4.0,4.0,,4.0,4.0,4.0,4.0
2020,초6,2.0,0.404631332562686,3.0,3.0,,3.0,3.0,3.0,3.0
2020,초6,2.0,0.404631332562686,3.3333333333333335,3.0,,3.0,4.0,3.0,3.0
2020,초6,2.0,0.404631332562686,4.0,4.0,,4.0,4.0,4.0,4.0
2020,초6,2.0,0.404631332562686,4.0,4.0,,4.0,4.0,4.0,4.0
2020,초6,2.0,0.404631332562686,2.6666666666666665,3.0,,3.0,3.0,2.0,3.0
2020,초6,2.0,0.404631332562686,3.3333333333333335,3.0,,4.0,3.0,3.0,3.0
2020,초6,2.0,0.404631332562686,2.6666666666666665,3.0,,3.0,3.0,2.0,3.0
2020,초6,2.0,0.404631332562686,4.0,4.0,,4.0,4.0,4.0,4.0
2020,초6,2.0,0.404631332562686,3.0,3.0,,3.0,3.0,3.0,3.0
2020,초6,2.0,0.404631332562686,2.6666666666666665,2.0,,3.0,3.0,2.0,2.0
2020,초6,2.0,0.404631332562686,3.0,3.0,,3.0,3.0,3.0,3.0
2020,초6,2.0,0.404631332562686,3.6666666666666665,3.0,,4.0,4.0,3.0,3.0
2020,초4,1.0,0.5090229825470153,4.0,4.0,,4.0,4.0,4.0,4.0
2020,초4,1.0,0.5090229825470153,2.3333333333333335,3.0,,3.0,1.0,3.0,3.0
2020,초4,1.0,0.5090229825470153,4.0,4.0,,4.0,4.0,4.0,4.0
2020,초4,1.0,0.5090229825470153,3.6666666666666665,4.0,,4.0,4.0,3.0,4.0
2020,초4,1.0,0.5090229825470153,2.3333333333333335,3.0,,3.0,1.0,3.0,3.0
2020,초4,1.0,0.5090229825470153,3.3333333333333335,4.0,,3.0,3.0,4.0,4.0
2020,초4,1.0,0.5090229825470153,3.0,3.0,,3.0,3.0,3.0,3.0
2020,초4,1.0,0.5090229825470153,3.6666666666666665,4.0,,3.0,4.0,4.0,4.0
2020,초4,1.0,0.5090229825470153,3.6666666666666665,3.0,,3.0,4.0,4.0,3.0
2020,초4,1.0,0.5090229825470153,3.3333333333333335,3.0,,3.0,3.0,4.0,3.0
2020,초4,1.0,0.5090229825470153,3.3333333333333335,4.0,,3.0,3.0,4.0,4.0
2020,초4,1.0,0.5090229825470153,3.3333333333333335,3.0,,3.0,4.0,3.0,3.0
2020,초4,1.0,0.5090229825470153,3.6666666666666665,4.0,,4.0,4.0,3.0,4.0
2020,초4,1.0,0.5090229825470153,3.3333333333333335,4.0,,3.0,3.0,4.0,4.0
2020,초4,2.0,0.41581705449651024,3.6666666666666665,4.0,,3.0,4.0,4.0,4.0
2020,초4,2.0,0.41581705449651024,4.0,4.0,,4.0,4.0,4.0,4.0
2020,초4,2.0,0.41581705449651024,3.6666666666666665,4.0,,3.0,4.0,4.0,4.0
2020,초4,2.0,0.41581705449651024,3.0,,,3.0,3.0,3.0,
2020,초4,2.0,0.41581705449651024,2.0,1.0,,2.0,3.0,1.0,1.0
2020,초4,2.0,0.41581705449651024,4.0,4.0,,4.0,4.0,4.0,4.0
2020,초4,2.0,0.41581705449651024,3.3333333333333335,4.0,,3.0,3.0,4.0,4.0
2020,초4,2.0,0.41581705449651024,4.0,4.0,,4.0,4.0,4.0,4.0
2020,초4,2.0,0.41581705449651024,3.6666666666666665,3.0,,4.0,4.0,3.0,3.0
2020,초4,2.0,0.41581705449651024,3.3333333333333335,3.0,,3.0,4.0,3.0,3.0
2020,초4,2.0,0.41581705449651024,4.0,3.0,,4.0,4.0,4.0,3.0
2020,초4,2.0,0.41581705449651024,3.3333333333333335,3.0,,2.0,4.0,4.0,3.0
2020,초4,2.0,0.41581705449651024,4.0,4.0,,4.0,4.0,4.0,4.0
2020,초4,2.0,0.41581705449651024,3.6666666666666665,3.0,,4.0,4.0,3.0,3.0
2020,초4,2.0,0.41581705449651024,3.6666666666666665,4.0,,3.0,4.0,4.0,4.0
2020,초4,2.0,0.41581705449651024,3.0,3.0,,2.0,4.0,3.0,3.0
2021,초6,,0.8901887856185543,3.6666666666666665,3.0,,4.0,4.0,3.0,3.0
2021,초6,,0.8901887856185543,4.0,4.0,,4.0,4.0,4.0,4.0
2021,초6,,0.8901887856185543,3.6666666666666665,4.0,,4.0,4.0,3.0,4.0
2021,초6,,0.8901887856185543,3.3333333333333335,2.0,,3.0,4.0,3.0,2.0
2021,초6,,0.8901887856185543,3.0,3.0,,3.0,3.0,3.0,3.0
2021,초6,,0.8901887856185543,3.3333333333333335,3.0,,3.0,4.0,3.0,3.0
2021,초6,,0.8901887856185543,4.0,4.0,,4.0,4.0,4.0,4.0
2021,초6,,0.8901887856185543,4.0,4.0,,4.0,4.0,4.0,4.0
2021,초6,,0.8901887856185543,3.0,3.0,,3.0,3.0,3.0,3.0
2021,초6,,0.8901887856185543,4.0,4.0,,4.0,4.0,4.0,4.0
2021,초6,,0.8901887856185543,3.3333333333333335,3.0,,3.0,4.0,3.0,3.0
2021,초6,,0.8901887856185543,3.0,2.0,,3.0,4.0,2.0,2.0
2021,초6,,0.9420081290706029,3.3333333333333335,3.0,,3.0,4.0,3.0,3.0
2021,초6,,0.9420081290706029,4.0,4.0,,4.0,4.0,4.0,4.0
2021,초6,,0.9420081290706029,3.6666666666666665,4.0,,3.0,4.0,4.0,4.0
2021,초6,,0.9420081290706029,3.6666666666666665,3.0,,4.0,4.0,3.0,3.0
2021,초6,,0.9420081290706029,3.0,2.0,,3.0,4.0,2.0,2.0
2021,초6,,0.9420081290706029,3.3333333333333335,3.0,,3.0,4.0,3.0,3.0
2021,초6,,0.9420081290706029,3.3333333333333335,3.0,,3.0,4.0,3.0,3.0
2021,초6,,0.9420081290706029,3.0,3.0,,3.0,3.0,3.0,3.0
2021,초6,,0.9420081290706029,3.6666666666666665,4.0,,3.0,4.0,4.0,4.0
2021,초6,,0.9420081290706029,3.3333333333333335,4.0,,3.0,3.0,4.0,4.0
2021,초6,,0.9420081290706029,3.3333333333333335,3.0,,4.0,3.0,3.0,3.0
2021,초6,,0.9420081290706029,3.0,4.0,,3.0,3.0,3.0,4.0
2021,초5,,1.1311294187196992,3.6666666666666665,3.0,,3.0,4.0,4.0,3.0
2021,초5,,1.1311294187196992,2.3333333333333335,1.0,,3.0,3.0,1.0,1.0
2021,초5,,1.1311294187196992,2.0,2.0,,2.0,3.0,1.0,2.0
2021,초5,,1.1311294187196992,3.6666666666666665,1.0,,4.0,4.0,3.0,1.0
2021,초5,,1.1311294187196992,2.3333333333333335,3.0,,2.0,3.0,2.0,3.0
2021,초5,,1.1311294187196992,3.0,1.0,,3.0,4.0,2.0,1.0
2021,초5,,1.1311294187196992,3.0,2.0,,3.0,4.0,2.0,2.0
2021,초5,,1.1311294187196992,3.6666666666666665,3.0,,4.0,4.0,3.0,3.0
2021,초5,,1.1311294187196992,3.3333333333333335,1.0,,3.0,4.0,3.0,1.0
2021,초5,,1.1311294187196992,3.6666666666666665,3.0,,4.0,4.0,3.0,3.0
2021,초5,,1.1311294187196992,3.3333333333333335,1.0,,3.0,4.0,3.0,1.0
2021,초5,,1.1311294187196992,3.3333333333333335,3.0,,3.0,4.0,3.0,3.0
2021,초5,,1.1311294187196992,3.0,3.0,,3.0,3.0,3.0,3.0
2021,초5,,1.1727528300129377,3.0,2.0,,3.0,3.0,3.0,2.0
2021,초5,,1.1727528300129377,4.0,4.0,,4.0,4.0,4.0,4.0
2021,초5,,1.1727528300129377,3.6666666666666665,3.0,,4.0,4.0,3.0,3.0
2021,초5,,1.1727528300129377,3.0,2.0,,3.0,4.0,2.0,2.0
2021,초5,,1.1727528300129377,3.3333333333333335,3.0,,4.0,4.0,2.0,3.0
2021,초5,,1.1727528300129377,3.0,3.0,,3.0,4.0,2.0,3.0
2021,초5,,1.1727528300129377,3.0,2.0,,3.0,3.0,3.0,2.0
2021,초5,,1.1727528300129377,3.3333333333333335,3.0,,3.0,4.0,3.0,3.0
2021,초5,,1.1727528300129377,4.0,4.0,,4.0,4.0,4.0,4.0
2021,초5,,1.1727528300129377,2.6666666666666665,2.0,,3.0,3.0,2.0,2.0
2021,초5,,1.1727528300129377,3.0,1.0,,4.0,4.0,1.0,1.0
2021,초4,,1.1934975828688326,3.6666666666666665,4.0,,3.0,4.0,4.0,4.0
2021,초4,,1.1934975828688326,4.0,3.0,,4.0,4.0,4.0,3.0
2021,초4,,1.1934975828688326,4.0,4.0,,4.0,4.0,4.0,4.0
2021,초4,,1.1934975828688326,4.0,4.0,,4.0,4.0,4.0,4.0
2021,초4,,1.1934975828688326,3.3333333333333335,4.0,,4.0,2.0,4.0,4.0
2021,초4,,1.1934975828688326,4.0,4.0,,4.0,4.0,4.0,4.0
2021,초4,,1.1934975828688326,3.6666666666666665,4.0,,3.0,4.0,4.0,4.0
2021,초4,,1.1934975828688326,3.3333333333333335,4.0,,4.0,3.0,3.0,4.0
2021,초4,,1.1934975828688326,3.0,3.0,,3.0,3.0,3.0,3.0
2021,초4,,1.1934975828688326,3.3333333333333335,3.0,,3.0,4.0,3.0,3.0
2021,초4,,1.1934975828688326,3.3333333333333335,4.0,,3.0,4.0,3.0,4.0
2021,초4,,1.1025562025697346,4.0,4.0,,4.0,4.0,4.0,4.0
2021,초4,,1.1025562025697346,4.0,4.0,,4.0,4.0,4.0,4.0
2021,초4,,1.1025562025697346,2.6666666666666665,3.0,,3.0,2.0,3.0,3.0
2021,초4,,1.1025562025697346,2.6666666666666665,4.0,,3.0,3.0,2.0,4.0
2021,초4,,1.1025562025697346,4.0,4.0,,4.0,4.0,4.0,4.0
2021,초4,,1.1025562025697346,3.3333333333333335,4.0,,3.0,4.0,3.0,4.0
2021,초4,,1.1025562025697346,2.6666666666666665,1.0,,2.0,3.0,3.0,1.0
2021,초4,,1.1025562025697346,3.0,2.0,,4.0,3.0,2.0,2.0
2021,초4,,1.1025562025697346,3.3333333333333335,3.0,,3.0,4.0,3.0,3.0
2021,초4,,1.1025562025697346,3.0,3.0,,3.0,3.0,3.0,3.0
2021,초4,,1.1025562025697346,2.6666666666666665,3.0,,1.0,4.0,3.0,3.0
2021,초6,,0.9711150388566048,4.0,3.0,,4.0,4.0,4.0,3.0
2021,초6,,0.9711150388566048,2.6666666666666665,3.0,,3.0,4.0,1.0,3.0
2021,초6,,0.9711150388566048,3.0,3.0,,4.0,4.0,1.0,3.0
2021,초6,,0.9711150388566048,3.3333333333333335,4.0,,4.0,4.0,2.0,4.0
2021,초6,,0.9711150388566048,3.3333333333333335,3.0,,3.0,4.0,3.0,3.0
2021,초6,,0.9711150388566048,4.0,4.0,,4.0,4.0,4.0,4.0
2021,초6,,0.9711150388566048,3.0,3.0,,3.0,3.0,3.0,3.0
2021,초6,,0.9711150388566048,3.3333333333333335,2.0,,3.0,4.0,3.0,2.0
2021,초6,,0.9711150388566048,3.0,4.0,,3.0,3.0,3.0,4.0
2021,초6,,1.027645231713385,3.0,3.0,,3.0,3.0,3.0,3.0
2021,초6,,1.027645231713385,3.6666666666666665,2.0,,4.0,4.0,3.0,2.0
2021,초6,,1.027645231713385,3.0,3.0,,3.0,3.0,3.0,3.0
2021,초6,,1.027645231713385,4.0,3.0,,4.0,4.0,4.0,3.0
2021,초6,,1.027645231713385,3.6666666666666665,4.0,,3.0,4.0,4.0,4.0
2021,초6,,1.027645231713385,3.6666666666666665,4.0,,4.0,4.0,3.0,4.0
2021,초6,,1.027645231713385,3.6666666666666665,3.0,,4.0,4.0,3.0,3.0
2021,초6,,1.027645231713385,3.6666666666666665,2.0,,4.0,4.0,3.0,2.0
2021,초6,,1.027645231713385,3.6666666666666665,3.0,,4.0,4.0,3.0,3.0
2021,초6,,1.027645231713385,3.0,2.0,,3.0,4.0,2.0,2.0
2021,초6,,1.027645231713385,3.6666666666666665,3.0,,3.0,4.0,4.0,3.0
2021,초6,,1.027645231713385,3.6666666666666665,4.0,,3.0,4.0,4.0,4.0
2021,초6,,1.027645231713385,3.0,2.0,,3.0,3.0,3.0,2.0
2021,초6,,0.8695459652959412,4.0,4.0,,4.0,4.0,4.0,4.0
2021,초6,,0.8695459652959412,3.6666666666666665,3.0,,4.0,4.0,3.0,3.0
2021,초6,,0.8695459652959412,1.0,1.0,,1.0,1.0,1.0,1.0
2021,초6,,0.8695459652959412,3.0,3.0,,3.0,3.0,3.0,3.0
2021,초6,,0.8695459652959412,2.3333333333333335,1.0,,3.0,3.0,1.0,1.0
2021,초6,,0.8695459652959412,4.0,4.0,,4.0,4.0,4.0,4.0
2021,초6,,0.8695459652959412,4.0,4.0,,4.0,4.0,4.0,4.0
2021,초6,,0.8695459652959412,3.6666666666666665,3.0,,4.0,4.0,3.0,3.0
2021,초6,,0.8695459652959412,4.0,3.0,,4.0,4.0,4.0,3.0
2021,초6,,0.8695459652959412,2.6666666666666665,2.0,,2.0,4.0,2.0,2.0
2021,초6,,0.8695459652959412,4.0,4.0,,4.0,4.0,4.0,4.0
2021,초6,,0.8217127251863577,4.0,4.0,,4.0,4.0,4.0,4.0
2021,초6,,0.8217127251863577,4.0,4.0,,4.0,4.0,4.0,4.0
2021,초6,,0.8217127251863577,3.3333333333333335,3.0,,3.0,4.0,3.0,3.0
2021,초6,,0.8217127251863577,2.6666666666666665,1.0,,3.0,4.0,1.0,1.0
2021,초6,,0.8217127251863577,4.0,4.0,,4.0,4.0,4.0,4.0
2021,초6,,0.8217127251863577,4.0,4.0,,4.0,4.0,4.0,4.0
2021,초6,,0.8217127251863577,3.3333333333333335,3.0,,3.0,4.0,3.0,3.0
2021,초6,,0.8217127251863577,4.0,4.0,,4.0,4.0,4.0,4.0
2021,초6,,0.8217127251863577,4.0,4.0,,4.0,4.0,4.0,4.0
2021,초6,,0.8217127251863577,4.0,4.0,,4.0,4.0,4.0,4.0
2021,초6,,0.8217127251863577,3.6666666666666665,3.0,,4.0,4.0,3.0,3.0
2021,초6,,0.8217127251863577,3.6666666666666665,3.0,,4.0,4.0,3.0,3.0
2021,초6,,0.8217127251863577,3.3333333333333335,3.0,,3.0,4.0,3.0,3.0
2021,초6,,0.8217127251863577,3.0,3.0,,3.0,3.0,3.0,3.0
2021,초6,,0.8217127251863577,3.3333333333333335,4.0,,3.0,3.0,4.0,4.0
2021,초5,,1.127646951935517,2.3333333333333335,2.0,,2.0,3.0,2.0,2.0
2021,초5,,1.127646951935517,3.0,2.0,,3.0,4.0,2.0,2.0
2021,초5,,1.127646951935517,3.6666666666666665,4.0,,3.0,4.0,4.0,4.0
2021,초5,,1.127646951935517,4.0,4.0,,4.0,4.0,4.0,4.0
2021,초5,,1.127646951935517,4.0,4.0,,4.0,4.0,4.0,4.0
2021,초5,,1.127646951935517,3.6666666666666665,4.0,,4.0,4.0,3.0,4.0
2021,초5,,1.127646951935517,4.0,4.0,,4.0,4.0,4.0,4.0
2021,초5,,1.127646951935517,4.0,4.0,,4.0,4.0,4.0,4.0
2021,초5,,1.127646951935517,3.3333333333333335,2.0,,3.0,4.0,3.0,2.0
2021,초5,,1.127646951935517,2.6666666666666665,2.0,,3.0,3.0,2.0,2.0
2021,초5,,1.127646951935517,2.6666666666666665,2.0,,3.0,3.0,2.0,2.0
2021,초5,,1.127646951935517,4.0,3.0,,4.0,4.0,4.0,3.0
2021,초5,,1.0876244410766338,2.6666666666666665,2.0,,1.0,3.0,4.0,2.0
2021,초5,,1.0876244410766338,2.0,3.0,,3.0,2.0,1.0,3.0
2021,초5,,1.0876244410766338,3.3333333333333335,3.0,,3.0,4.0,3.0,3.0
2021,초5,,1.0876244410766338,3.0,1.0,,3.0,3.0,3.0,1.0
2021,초5,,1.0876244410766338,3.0,2.0,,3.0,3.0,3.0,2.0
2021,초5,,1.0876244410766338,3.0,3.0,,4.0,3.0,2.0,3.0
2021,초5,,1.0876244410766338,2.6666666666666665,2.0,,2.0,3.0,3.0,2.0
2021,초5,,1.0876244410766338,3.0,3.0,,3.0,3.0,3.0,3.0
2021,초5,,1.0876244410766338,2.6666666666666665,3.0,,3.0,4.0,1.0,3.0
2021,초5,,1.0876244410766338,2.3333333333333335,2.0,,3.0,3.0,1.0,2.0
2021,초5,,1.0876244410766338,3.3333333333333335,3.0,,3.0,4.0,3.0,3.0
2021,초5,,1.0876244410766338,3.3333333333333335,4.0,,3.0,4.0,3.0,4.0
2021,초6,,1.1304097548847234,3.0,3.0,,3.0,3.0,3.0,3.0
2021,초6,,1.1304097548847234,4.0,4.0,,4.0,4.0,4.0,4.0
2021,초6,,1.1304097548847234,3.3333333333333335,3.0,,3.0,4.0,3.0,3.0
2021,초6,,1.1304097548847234,3.0,3.0,,3.0,3.0,3.0,3.0
2021,초6,,1.1304097548847234,3.0,1.0,,3.0,4.0,2.0,1.0
2021,초6,,1.1304097548847234,2.6666666666666665,2.0,,3.0,3.0,2.0,2.0
2021,초6,,1.1304097548847234,2.6666666666666665,2.0,,3.0,3.0,2.0,2.0
2021,초6,,1.1304097548847234,3.3333333333333335,3.0,,4.0,3.0,3.0,3.0
2021,초6,,1.1304097548847234,3.6666666666666665,3.0,,3.0,4.0,4.0,3.0
2021,초6,,1.1304097548847234,3.6666666666666665,3.0,,4.0,4.0,3.0,3.0
2021,초6,,1.1304097548847234,2.0,1.0,,2.0,3.0,1.0,1.0
2021,초6,,1.068226542742265,4.0,4.0,,4.0,4.0,4.0,4.0
2021,초6,,1.068226542742265,3.0,3.0,,3.0,3.0,3.0,3.0
2021,초6,,1.068226542742265,3.6666666666666665,3.0,,4.0,4.0,3.0,3.0
2021,초6,,1.068226542742265,3.3333333333333335,2.0,,3.0,4.0,3.0,2.0
2021,초6,,1.068226542742265,4.0,4.0,,4.0,4.0,4.0,4.0
2021,초6,,1.068226542742265,3.3333333333333335,3.0,,3.0,4.0,3.0,3.0
2021,초6,,1.068226542742265,4.0,4.0,,4.0,4.0,4.0,4.0
2021,초6,,1.068226542742265,3.6666666666666665,3.0,,4.0,4.0,3.0,3.0
2021,초6,,1.068226542742265,3.0,3.0,,3.0,3.0,3.0,3.0
2021,초4,,0.8752315607704771,2.6666666666666665,3.0,,2.0,3.0,3.0,3.0
2021,초4,,0.8752315607704771,3.6666666666666665,2.0,,4.0,4.0,3.0,2.0
2021,초4,,0.8752315607704771,2.6666666666666665,3.0,,2.0,3.0,3.0,3.0
2021,초4,,0.8752315607704771,4.0,4.0,,4.0,4.0,4.0,4.0
2021,초4,,0.8752315607704771,4.0,4.0,,4.0,4.0,4.0,4.0
2021,초4,,0.8752315607704771,4.0,4.0,,4.0,4.0,4.0,4.0
2021,초4,,0.8752315607704771,3.6666666666666665,3.0,,4.0,4.0,3.0,3.0
2021,초4,,0.8752315607704771,4.0,4.0,,4.0,4.0,4.0,4.0
2021,초4,,0.8752315607704771,3.6666666666666665,4.0,,4.0,4.0,3.0,4.0
2021,초4,,0.8752315607704771,4.0,4.0,,4.0,4.0,4.0,4.0
2021,초4,,0.8752315607704771,4.0,4.0,,4.0,4.0,4.0,4.0
2021,초4,,0.8752315607704771,4.0,4.0,,4.0,4.0,4.0,4.0
2021,초4,,0.8752315607704771,4.0,4.0,,4.0,4.0,4.0,4.0
2021,초4,,0.8752315607704771,4.0,4.0,,4.0,4.0,4.0,4.0
2021,초4,,0.8752315607704771,3.3333333333333335,3.0,,3.0,4.0,3.0,3.0
2021,초4,,0.8085412152178054,4.0,4.0,,4.0,4.0,4.0,4.0
2021,초4,,0.8085412152178054,3.0,2.0,,3.0,4.0,2.0,2.0
2021,초4,,0.8085412152178054,4.0,4.0,,4.0,4.0,4.0,4.0
2021,초4,,0.8085412152178054,3.3333333333333335,3.0,,3.0,4.0,3.0,3.0
2021,초4,,0.8085412152178054,4.0,4.0,,4.0,4.0,4.0,4.0
2021,초4,,0.8085412152178054,4.0,4.0,,4.0,4.0,4.0,4.0
2021,초4,,0.8085412152178054,3.3333333333333335,3.0,,3.0,4.0,3.0,3.0
2021,초4,,0.8085412152178054,3.0,3.0,,3.0,3.0,3.0,3.0
2021,초4,,0.8085412152178054,3.3333333333333335,3.0,,3.0,4.0,3.0,3.0
2021,초4,,0.8085412152178054,4.0,4.0,,4.0,4.0,4.0,4.0
2021,초4,,0.8085412152178054,4.0,4.0,,4.0,4.0,4.0,4.0
2021,초4,,0.8085412152178054,4.0,3.0,,4.0,4.0,4.0,3.0
2021,초4,,0.8085412152178054,4.0,4.0,,4.0,4.0,4.0,4.0
2021,초4,,0.8085412152178054,4.0,4.0,,4.0,4.0,4.0,4.0
2021,초4,,0.8085412152178054,4.0,4.0,,4.0,4.0,4.0,4.0
2021,초6,,1.0173586121354905,4.0,4.0,,4.0,4.0,4.0,4.0
2021,초6,,1.0173586121354905,3.6666666666666665,3.0,,4.0,4.0,3.0,3.0
2021,초6,,1.0173586121354905,3.6666666666666665,4.0,,4.0,4.0,3.0,4.0
2021,초6,,1.0173586121354905,4.0,4.0,,4.0,4.0,4.0,4.0
2021,초6,,1.0173586121354905,3.6666666666666665,4.0,,4.0,4.0,3.0,4.0
2021,초6,,1.0173586121354905,3.3333333333333335,2.0,,3.0,4.0,3.0,2.0
2021,초6,,1.0173586121354905,2.6666666666666665,1.0,,3.0,4.0,1.0,1.0
2021,초6,,1.0173586121354905,4.0,3.0,,4.0,4.0,4.0,3.0
2021,초6,,1.0173586121354905,2.6666666666666665,2.0,,3.0,3.0,2.0,2.0
2021,초6,,1.0173586121354905,3.6666666666666665,4.0,,3.0,4.0,4.0,4.0
2021,초6,,1.0173586121354905,3.6666666666666665,3.0,,4.0,4.0,3.0,3.0
2021,초6,,1.076580718937832,3.6666666666666665,3.0,,3.0,4.0,4.0,3.0
2021,초6,,1.076580718937832,3.6666666666666665,4.0,,3.0,4.0,4.0,4.0
2021,초6,,1.076580718937832,3.3333333333333335,4.0,,3.0,4.0,3.0,4.0
2021,초6,,1.076580718937832,4.0,3.0,,4.0,4.0,4.0,3.0
2021,초6,,1.076580718937832,2.6666666666666665,2.0,,3.0,3.0,2.0,2.0
2021,초6,,1.076580718937832,3.3333333333333335,3.0,,3.0,4.0,3.0,3.0
2021,초6,,1.076580718937832,3.3333333333333335,2.0,,3.0,4.0,3.0,2.0
2021,초6,,1.076580718937832,3.0,2.0,,3.0,4.0,2.0,2.0
2021,초6,,1.076580718937832,3.3333333333333335,2.0,,3.0,4.0,3.0,2.0
2021,초6,,1.076580718937832,3.0,2.0,,3.0,3.0,3.0,2.0
2021,초4,,1.1934975828688326,3.3333333333333335,3.0,,3.0,4.0,3.0,3.0
2021,초4,,1.1934975828688326,3.3333333333333335,3.0,,4.0,3.0,3.0,3.0
2021,초4,,1.1934975828688326,3.0,3.0,,3.0,3.0,3.0,3.0
2021,초4,,1.1934975828688326,3.3333333333333335,2.0,,3.0,4.0,3.0,2.0
2021,초4,,1.1934975828688326,3.0,3.0,,3.0,3.0,3.0,3.0
2021,초4,,1.1934975828688326,2.6666666666666665,2.0,,3.0,3.0,2.0,2.0
2021,초4,,1.1934975828688326,3.6666666666666665,4.0,,4.0,3.0,4.0,4.0
2021,초4,,1.1934975828688326,4.0,4.0,,4.0,4.0,4.0,4.0
2021,초4,,1.1934975828688326,3.6666666666666665,3.0,,4.0,4.0,3.0,3.0
2021,초4,,1.1934975828688326,2.6666666666666665,3.0,,3.0,3.0,2.0,3.0
2021,초4,,1.1025562025697346,2.6666666666666665,4.0,,1.0,3.0,4.0,4.0
2021,초4,,1.1025562025697346,2.6666666666666665,2.0,,3.0,3.0,2.0,2.0
2021,초4,,1.1025562025697346,3.0,3.0,,3.0,3.0,3.0,3.0
2021,초4,,1.1025562025697346,3.3333333333333335,2.0,,4.0,4.0,2.0,2.0
2021,초4,,1.1025562025697346,4.0,4.0,,4.0,4.0,4.0,4.0
2021,초4,,1.1025562025697346,3.0,3.0,,3.0,3.0,3.0,3.0
2021,초4,,1.1025562025697346,2.3333333333333335,1.0,,3.0,3.0,1.0,1.0
2021,초4,,1.1025562025697346,2.3333333333333335,1.0,,2.0,3.0,2.0,1.0
2021,초4,,1.1025562025697346,3.3333333333333335,3.0,,3.0,4.0,3.0,3.0
2021,초4,,1.1025562025697346,2.6666666666666665,2.0,,3.0,3.0,2.0,2.0
2021,초4,,1.1025562025697346,2.6666666666666665,3.0,,3.0,3.0,2.0,3.0
2021,초4,,1.1025562025697346,3.3333333333333335,3.0,,4.0,3.0,3.0,3.0
2021,초5,,1.1311294187196992,2.6666666666666665,3.0,,3.0,3.0,2.0,3.0
2021,초5,,1.1311294187196992,2.3333333333333335,3.0,,2.0,3.0,2.0,3.0
2021,초5,,1.1311294187196992,3.0,2.0,,3.0,4.0,2.0,2.0
2021,초5,,1.1311294187196992,3.0,2.0,,4.0,3.0,2.0,2.0
2021,초5,,1.1311294187196992,3.0,2.0,,3.0,3.0,3.0,2.0
2021,초5,,1.1311294187196992,3.0,3.0,,3.0,3.0,3.0,3.0
2021,초5,,1.1311294187196992,3.0,3.0,,2.0,4.0,3.0,3.0
2021,초5,,1.1311294187196992,4.0,4.0,,4.0,4.0,4.0,4.0
2021,초5,,1.1311294187196992,3.6666666666666665,4.0,,3.0,4.0,4.0,4.0
2021,초5,,1.1311294187196992,3.0,1.0,,3.0,4.0,2.0,1.0
2021,초5,,1.1311294187196992,3.6666666666666665,3.0,,4.0,4.0,3.0,3.0
2021,초5,,1.1311294187196992,3.3333333333333335,3.0,,3.0,4.0,3.0,3.0
2021,초5,,1.1727528300129377,3.3333333333333335,4.0,,3.0,4.0,3.0,4.0
2021,초5,,1.1727528300129377,3.6666666666666665,3.0,,4.0,4.0,3.0,3.0
2021,초5,,1.1727528300129377,3.3333333333333335,2.0,,3.0,4.0,3.0,2.0
2021,초5,,1.1727528300129377,3.0,2.0,,3.0,4.0,2.0,2.0
2021,초5,,1.1727528300129377,2.6666666666666665,2.0,,2.0,4.0,2.0,2.0
2021,초5,,1.1727528300129377,3.0,3.0,,3.0,3.0,3.0,3.0
2021,초5,,1.1727528300129377,3.0,2.0,,3.0,3.0,3.0,2.0
2021,초5,,1.1727528300129377,3.6666666666666665,3.0,,4.0,4.0,3.0,3.0
2021,초5,,1.1727528300129377,4.0,4.0,,4.0,4.0,4.0,4.0
2021,초5,,1.1727528300129377,3.3333333333333335,4.0,,3.0,3.0,4.0,4.0
2021,초5,,1.1727528300129377,2.3333333333333335,2.0,,2.0,3.0,2.0,2.0
2021,초5,,1.1727528300129377,4.0,4.0,,4.0,4.0,4.0,4.0
2021,초5,,1.1727528300129377,3.6666666666666665,3.0,,4.0,4.0,3.0,3.0
2021,초4,,1.1416063836136658,2.6666666666666665,2.0,,2.0,3.0,3.0,2.0
2021,초4,,1.1416063836136658,4.0,4.0,,4.0,4.0,4.0,4.0
2021,초4,,1.1416063836136658,3.3333333333333335,4.0,,3.0,4.0,3.0,4.0
2021,초4,,1.1416063836136658,3.3333333333333335,3.0,,3.0,4.0,3.0,3.0
2021,초4,,1.1416063836136658,2.6666666666666665,1.0,,2.0,4.0,2.0,1.0
2021,초4,,1.1416063836136658,3.3333333333333335,4.0,,3.0,4.0,3.0,4.0
2021,초4,,1.1416063836136658,3.6666666666666665,4.0,,3.0,4.0,4.0,4.0
2021,초4,,1.0546189763710505,2.6666666666666665,2.0,,3.0,3.0,2.0,2.0
2021,초4,,1.0546189763710505,3.0,3.0,,3.0,3.0,3.0,3.0
2021,초4,,1.0546189763710505,3.3333333333333335,3.0,,3.0,4.0,3.0,3.0
2021,초4,,1.0546189763710505,3.6666666666666665,4.0,,4.0,4.0,3.0,4.0
2021,초4,,1.0546189763710505,3.3333333333333335,3.0,,3.0,4.0,3.0,3.0
2021,초4,,1.0546189763710505,2.3333333333333335,1.0,,3.0,3.0,1.0,1.0
2021,초4,,1.0546189763710505,4.0,4.0,,4.0,4.0,4.0,4.0
2021,초4,,1.0546189763710505,3.0,3.0,,3.0,3.0,3.0,3.0
2021,초4,,1.0546189763710505,3.6666666666666665,4.0,,4.0,4.0,3.0,4.0
2021,초4,,1.0546189763710505,3.6666666666666665,3.0,,4.0,4.0,3.0,3.0
2021,초4,,1.0546189763710505,3.6666666666666665,4.0,,3.0,4.0,4.0,4.0
2021,초4,,1.0546189763710505,3.3333333333333335,3.0,,3.0,4.0,3.0,3.0
2021,초4,,1.0546189763710505,3.0,3.0,,3.0,3.0,3.0,3.0
2021,초4,,1.0546189763710505,3.6666666666666665,4.0,,3.0,4.0,4.0,4.0
2021,초4,,1.0546189763710505,3.6666666666666665,3.0,,4.0,4.0,3.0,3.0
2021,초4,,1.0546189763710505,3.3333333333333335,4.0,,2.0,4.0,4.0,4.0
2021,초6,,1.076580718937832,3.3333333333333335,3.0,,4.0,4.0,2.0,3.0
2021,초6,,1.076580718937832,3.3333333333333335,3.0,,3.0,4.0,3.0,3.0
2021,초6,,1.076580718937832,3.3333333333333335,3.0,,3.0,4.0,3.0,3.0
2021,초6,,1.076580718937832,4.0,4.0,,4.0,4.0,4.0,4.0
2021,초6,,1.076580718937832,4.0,4.0,,4.0,4.0,4.0,4.0
2021,초6,,1.076580718937832,3.0,4.0,,3.0,3.0,3.0,4.0
2021,초6,,1.076580718937832,1.0,1.0,,1.0,1.0,1.0,1.0
2021,초6,,1.076580718937832,4.0,4.0,,4.0,4.0,4.0,4.0
2021,초6,,1.076580718937832,1.0,1.0,,1.0,1.0,1.0,1.0
2021,초6,,1.076580718937832,4.0,3.0,,4.0,4.0,4.0,3.0
2021,초6,,1.0173586121354905,4.0,4.0,,4.0,4.0,4.0,4.0
2021,초6,,1.0173586121354905,3.6666666666666665,4.0,,3.0,4.0,4.0,4.0
2021,초6,,1.0173586121354905,3.3333333333333335,3.0,,3.0,4.0,3.0,3.0
2021,초6,,1.0173586121354905,4.0,4.0,,4.0,4.0,4.0,4.0
2021,초6,,1.0173586121354905,3.3333333333333335,4.0,,3.0,4.0,3.0,4.0
2021,초6,,1.0173586121354905,3.0,3.0,,3.0,3.0,3.0,3.0
2021,초6,,1.0173586121354905,4.0,4.0,,4.0,4.0,4.0,4.0
2021,초6,,1.0173586121354905,3.0,2.0,,3.0,3.0,3.0,2.0
2021,초6,,1.0173586121354905,3.6666666666666665,3.0,,4.0,4.0,3.0,3.0
2021,초6,,1.0173586121354905,2.6666666666666665,4.0,,3.0,3.0,2.0,4.0
2021,초6,,1.0173586121354905,3.6666666666666665,4.0,,3.0,4.0,4.0,4.0
2021,초6,,0.9711150388566048,4.0,4.0,,4.0,4.0,4.0,4.0
2021,초6,,0.9711150388566048,2.6666666666666665,3.0,,4.0,1.0,3.0,3.0
2021,초6,,0.9711150388566048,2.6666666666666665,2.0,,3.0,3.0,2.0,2.0
2021,초6,,0.9711150388566048,3.3333333333333335,3.0,,2.0,4.0,4.0,3.0
2021,초6,,0.9711150388566048,3.6666666666666665,4.0,,3.0,4.0,4.0,4.0
2021,초6,,0.9711150388566048,3.6666666666666665,4.0,,4.0,3.0,4.0,4.0
2021,초6,,0.9711150388566048,4.0,4.0,,4.0,4.0,4.0,4.0
2021,초6,,0.9711150388566048,2.6666666666666665,2.0,,3.0,2.0,3.0,2.0
2021,초6,,0.9711150388566048,3.6666666666666665,4.0,,4.0,4.0,3.0,4.0
2021,초6,,0.9711150388566048,2.6666666666666665,2.0,,3.0,3.0,2.0,2.0
2021,초6,,0.9711150388566048,2.6666666666666665,2.0,,3.0,3.0,2.0,2.0
2021,초6,,1.027645231713385,3.3333333333333335,3.0,,3.0,3.0,4.0,3.0
2021,초6,,1.027645231713385,3.6666666666666665,4.0,,3.0,4.0,4.0,4.0
2021,초6,,1.027645231713385,3.3333333333333335,4.0,,4.0,3.0,3.0,4.0
2021,초6,,1.027645231713385,3.0,4.0,,3.0,3.0,3.0,4.0
2021,초6,,1.027645231713385,1.3333333333333333,1.0,,2.0,1.0,1.0,1.0
2021,초6,,1.027645231713385,3.0,3.0,,3.0,3.0,3.0,3.0
2021,초6,,1.027645231713385,2.0,2.0,,2.0,2.0,2.0,2.0
2021,초6,,1.027645231713385,2.3333333333333335,1.0,,2.0,3.0,2.0,1.0
2021,초6,,1.027645231713385,4.0,4.0,,4.0,4.0,4.0,4.0
2021,초6,,1.027645231713385,2.0,4.0,,3.0,1.0,2.0,4.0
2021,초4,,1.0502778729245725,4.0,4.0,,4.0,4.0,4.0,4.0
2021,초4,,1.0502778729245725,4.0,4.0,,4.0,4.0,4.0,4.0
2021,초4,,1.0502778729245725,4.0,4.0,,4.0,4.0,4.0,4.0
2021,초4,,1.0502778729245725,3.3333333333333335,2.0,,3.0,4.0,3.0,2.0
2021,초4,,1.0502778729245725,3.0,3.0,,3.0,3.0,3.0,3.0
2021,초4,,1.0502778729245725,4.0,4.0,,4.0,4.0,4.0,4.0
2021,초4,,1.0502778729245725,3.6666666666666665,4.0,,4.0,4.0,3.0,4.0
2021,초4,,1.0502778729245725,3.6666666666666665,4.0,,3.0,4.0,4.0,4.0
2021,초4,,1.0502778729245725,3.3333333333333335,3.0,,3.0,4.0,3.0,3.0
2021,초4,,1.0502778729245725,3.0,2.0,,3.0,3.0,3.0,2.0
2021,초4,,1.0502778729245725,3.3333333333333335,4.0,,3.0,3.0,4.0,4.0
2021,초4,,1.0502778729245725,3.3333333333333335,3.0,,3.0,3.0,4.0,3.0
2021,초4,,1.0502778729245725,2.0,1.0,,3.0,2.0,1.0,1.0
2021,초4,,0.9702494582613665,3.0,3.0,,3.0,3.0,3.0,3.0
2021,초4,,0.9702494582613665,3.3333333333333335,4.0,,3.0,3.0,4.0,4.0
2021,초4,,0.9702494582613665,4.0,4.0,,4.0,4.0,4.0,4.0
2021,초4,,0.9702494582613665,3.6666666666666665,4.0,,4.0,4.0,3.0,4.0
2021,초4,,0.9702494582613665,2.6666666666666665,1.0,,3.0,4.0,1.0,1.0
2021,초4,,0.9702494582613665,3.6666666666666665,3.0,,4.0,4.0,3.0,3.0
2021,초4,,0.9702494582613665,4.0,4.0,,4.0,4.0,4.0,4.0
2021,초4,,0.9702494582613665,3.6666666666666665,4.0,,3.0,4.0,4.0,4.0
2021,초4,,0.9702494582613665,2.6666666666666665,2.0,,3.0,3.0,2.0,2.0
2021,초4,,0.9702494582613665,3.6666666666666665,3.0,,3.0,4.0,4.0,3.0
2021,초4,,0.9702494582613665,3.0,3.0,,3.0,3.0,3.0,3.0
2021,초4,,0.9702494582613665,3.0,3.0,,3.0,3.0,3.0,3.0
2021,초5,,1.4659410375161726,3.3333333333333335,3.0,,3.0,4.0,3.0,3.0
2021,초5,,1.4659410375161726,3.0,3.0,,3.0,3.0,3.0,3.0
2021,초5,,1.4659410375161726,3.6666666666666665,2.0,,4.0,4.0,3.0,2.0
2021,초5,,1.4659410375161726,4.0,4.0,,4.0,4.0,4.0,4.0
2021,초5,,1.4659410375161726,1.3333333333333333,1.0,,2.0,1.0,1.0,1.0
2021,초5,,1.4659410375161726,3.0,3.0,,3.0,3.0,3.0,3.0
2021,초5,,1.4659410375161726,3.6666666666666665,4.0,,4.0,4.0,3.0,4.0
2021,초5,,1.4659410375161726,4.0,4.0,,4.0,4.0,4.0,4.0
2021,초5,,1.4139117733996243,3.6666666666666665,4.0,,3.0,4.0,4.0,4.0
2021,초5,,1.4139117733996243,3.3333333333333335,3.0,,3.0,4.0,3.0,3.0
2021,초5,,1.4139117733996243,3.6666666666666665,4.0,,4.0,4.0,3.0,4.0
2021,초5,,1.4139117733996243,3.0,3.0,,3.0,3.0,3.0,3.0
2021,초5,,1.4139117733996243,3.3333333333333335,3.0,,3.0,4.0,3.0,3.0
2021,초5,,1.4139117733996243,3.3333333333333335,2.0,,3.0,4.0,3.0,2.0
2021,초5,,1.4139117733996243,3.3333333333333335,4.0,,3.0,3.0,4.0,4.0
2021,초5,,1.4139117733996243,3.0,3.0,,4.0,3.0,2.0,3.0
2021,초5,,1.4139117733996243,4.0,4.0,,4.0,4.0,4.0,4.0
2021,초5,,1.4139117733996243,2.6666666666666665,3.0,,3.0,3.0,2.0,3.0
2021,초5,,1.4139117733996243,2.6666666666666665,3.0,,3.0,3.0,2.0,3.0
2021,초4,,0.9702494582613665,4.0,3.0,,4.0,4.0,4.0,3.0
2021,초4,,0.9702494582613665,3.6666666666666665,3.0,,3.0,4.0,4.0,3.0
2021,초4,,0.9702494582613665,4.0,4.0,,4.0,4.0,4.0,4.0
2021,초4,,0.9702494582613665,3.0,3.0,,3.0,3.0,3.0,3.0
2021,초4,,0.9702494582613665,3.3333333333333335,3.0,,3.0,4.0,3.0,3.0
2021,초4,,0.9702494582613665,4.0,4.0,,4.0,4.0,4.0,4.0
2021,초4,,0.9702494582613665,2.3333333333333335,2.0,,3.0,2.0,2.0,2.0
2021,초4,,0.9702494582613665,3.3333333333333335,3.0,,3.0,3.0,4.0,3.0
2021,초4,,0.9702494582613665,4.0,4.0,,4.0,4.0,4.0,4.0
2021,초4,,0.9702494582613665,3.0,2.0,,3.0,4.0,2.0,2.0
2021,초4,,0.9702494582613665,3.6666666666666665,4.0,,3.0,4.0,4.0,4.0
2021,초4,,0.9702494582613665,3.6666666666666665,4.0,,4.0,4.0,3.0,4.0
2021,초4,,1.0502778729245725,4.0,4.0,,4.0,4.0,4.0,4.0
2021,초4,,1.0502778729245725,3.3333333333333335,4.0,,3.0,4.0,3.0,4.0
2021,초4,,1.0502778729245725,4.0,4.0,,4.0,4.0,4.0,4.0
2021,초4,,1.0502778729245725,4.0,4.0,,4.0,4.0,4.0,4.0
2021,초4,,1.0502778729245725,3.0,3.0,,4.0,3.0,2.0,3.0
2021,초4,,1.0502778729245725,3.6666666666666665,3.0,,4.0,4.0,3.0,3.0
2021,초4,,1.0502778729245725,3.6666666666666665,4.0,,4.0,4.0,3.0,4.0
2021,초4,,1.0502778729245725,3.6666666666666665,3.0,,4.0,4.0,3.0,3.0
2021,초4,,1.0502778729245725,4.0,4.0,,4.0,4.0,4.0,4.0
2021,초4,,1.0502778729245725,3.6666666666666665,4.0,,3.0,4.0,4.0,4.0
2021,초4,,1.0502778729245725,4.0,4.0,,4.0,4.0,4.0,4.0
2021,초4,,1.0502778729245725,4.0,4.0,,4.0,4.0,4.0,4.0
2021,초4,,1.0502778729245725,3.6666666666666665,3.0,,4.0,4.0,3.0,3.0
2021,초5,,1.0876244410766338,3.6666666666666665,4.0,,4.0,4.0,3.0,4.0
2021,초5,,1.0876244410766338,3.0,4.0,,3.0,3.0,3.0,4.0
2021,초5,,1.0876244410766338,4.0,4.0,,4.0,4.0,4.0,4.0
2021,초5,,1.0876244410766338,3.6666666666666665,3.0,,4.0,4.0,3.0,3.0
2021,초5,,1.0876244410766338,3.0,3.0,,4.0,2.0,3.0,3.0
2021,초5,,1.0876244410766338,4.0,4.0,,4.0,4.0,4.0,4.0
2021,초5,,1.0876244410766338,3.6666666666666665,3.0,,4.0,4.0,3.0,3.0
2021,초5,,1.0876244410766338,3.3333333333333335,4.0,,3.0,3.0,4.0,4.0
2021,초5,,1.0876244410766338,4.0,4.0,,4.0,4.0,4.0,4.0
2021,초5,,1.0876244410766338,3.3333333333333335,3.0,,3.0,4.0,3.0,3.0
2021,초5,,1.0876244410766338,3.6666666666666665,4.0,,3.0,4.0,4.0,4.0
2021,초5,,1.0876244410766338,3.0,3.0,,3.0,3.0,3.0,3.0
2021,초5,,1.0876244410766338,4.0,3.0,,4.0,4.0,4.0,3.0
2021,초5,,1.127646951935517,3.3333333333333335,4.0,,3.0,4.0,3.0,4.0
2021,초5,,1.127646951935517,4.0,4.0,,4.0,4.0,4.0,4.0
2021,초5,,1.127646951935517,3.3333333333333335,4.0,,3.0,4.0,3.0,4.0
2021,초5,,1.127646951935517,4.0,4.0,,4.0,4.0,4.0,4.0
2021,초5,,1.127646951935517,4.0,3.0,,4.0,4.0,4.0,3.0
2021,초5,,1.127646951935517,3.3333333333333335,4.0,,3.0,4.0,3.0,4.0
2021,초5,,1.127646951935517,4.0,4.0,,4.0,4.0,4.0,4.0
2021,초5,,1.127646951935517,4.0,4.0,,4.0,4.0,4.0,4.0
2021,초5,,1.127646951935517,3.6666666666666665,4.0,,3.0,4.0,4.0,4.0
2021,초5,,1.127646951935517,3.6666666666666665,3.0,,3.0,4.0,4.0,3.0
2021,초5,,1.127646951935517,4.0,4.0,,4.0,4.0,4.0,4.0
2021,초5,,1.127646951935517,4.0,3.0,,4.0,4.0,4.0,3.0
2021,초5,,1.2266445674187483,4.0,4.0,,4.0,4.0,4.0,4.0
2021,초5,,1.2266445674187483,3.3333333333333335,3.0,,3.0,4.0,3.0,3.0
2021,초5,,1.2266445674187483,3.0,1.0,,3.0,4.0,2.0,1.0
2021,초5,,1.2266445674187483,4.0,4.0,,4.0,4.0,4.0,4.0
2021,초5,,1.0544338643749183,3.3333333333333335,3.0,,3.0,4.0,3.0,3.0
2021,초5,,1.0544338643749183,4.0,4.0,,4.0,4.0,4.0,4.0
2021,초5,,1.0544338643749183,4.0,4.0,,4.0,4.0,4.0,4.0
2021,초5,,1.0544338643749183,4.0,4.0,,4.0,4.0,4.0,4.0
2021,초5,,1.0544338643749183,2.6666666666666665,2.0,,3.0,3.0,2.0,2.0
2021,초5,,1.0544338643749183,4.0,4.0,,4.0,4.0,4.0,4.0
2021,초5,,1.0544338643749183,3.0,3.0,,3.0,3.0,3.0,3.0
2021,초5,,1.0544338643749183,4.0,4.0,,4.0,4.0,4.0,4.0
2021,초5,,1.0544338643749183,3.0,2.0,,2.0,4.0,3.0,2.0
2021,초5,,1.0544338643749183,3.0,2.0,,3.0,4.0,2.0,2.0
2021,초5,,1.0544338643749183,4.0,4.0,,4.0,4.0,4.0,4.0
2021,초5,,1.0544338643749183,3.0,2.0,,2.0,4.0,3.0,2.0
2021,초5,,1.2266445674187483,2.6666666666666665,3.0,,3.0,3.0,2.0,3.0
2021,초5,,1.2266445674187483,3.0,3.0,,3.0,3.0,3.0,3.0
2021,초5,,1.2266445674187483,3.3333333333333335,3.0,,3.0,4.0,3.0,3.0
2021,초5,,1.2266445674187483,3.3333333333333335,3.0,,3.0,4.0,3.0,3.0
2021,초5,,1.2266445674187483,4.0,4.0,,4.0,4.0,4.0,4.0
2021,초5,,1.2266445674187483,3.6666666666666665,4.0,,4.0,4.0,3.0,4.0
2021,초5,,1.2266445674187483,3.3333333333333335,3.0,,3.0,4.0,3.0,3.0
2021,초4,,1.285493005948983,4.0,4.0,,4.0,4.0,4.0,4.0
2021,초4,,1.285493005948983,4.0,4.0,,4.0,4.0,4.0,4.0
2021,초4,,1.285493005948983,2.6666666666666665,2.0,,3.0,3.0,2.0,2.0
2021,초4,,1.285493005948983,4.0,4.0,,4.0,4.0,4.0,4.0
2021,초4,,1.285493005948983,3.0,4.0,,3.0,3.0,3.0,4.0
2021,초4,,1.285493005948983,3.0,3.0,,3.0,3.0,3.0,3.0
2021,초4,,1.285493005948983,3.3333333333333335,3.0,,3.0,4.0,3.0,3.0
2021,초4,,1.285493005948983,2.6666666666666665,2.0,,3.0,3.0,2.0,2.0
2021,초4,,1.285493005948983,1.6666666666666667,4.0,,3.0,1.0,1.0,4.0
2021,초4,,1.285493005948983,3.6666666666666665,4.0,,4.0,3.0,4.0,4.0
2021,초4,,1.285493005948983,3.3333333333333335,3.0,,3.0,4.0,3.0,3.0
2021,초4,,1.1930070197039258,4.0,3.0,,4.0,4.0,4.0,3.0
2021,초4,,1.1930070197039258,3.6666666666666665,3.0,,4.0,4.0,3.0,3.0
2021,초4,,1.1930070197039258,3.3333333333333335,2.0,,4.0,4.0,2.0,2.0
2021,초4,,1.1930070197039258,3.6666666666666665,4.0,,3.0,4.0,4.0,4.0
2021,초4,,1.1930070197039258,3.6666666666666665,4.0,,3.0,4.0,4.0,4.0
2021,초4,,1.1930070197039258,3.3333333333333335,3.0,,3.0,4.0,3.0,3.0
2021,초4,,1.1930070197039258,3.6666666666666665,4.0,,3.0,4.0,4.0,4.0
2021,초4,,1.1930070197039258,3.3333333333333335,3.0,,3.0,4.0,3.0,3.0
2021,초4,,1.1930070197039258,3.0,2.0,,3.0,4.0,2.0,2.0
2021,초4,,1.1930070197039258,3.3333333333333335,3.0,,3.0,4.0,3.0,3.0
2021,초4,,1.1930070197039258,3.6666666666666665,4.0,,3.0,4.0,4.0,4.0
2021,초4,,1.1930070197039258,2.3333333333333335,2.0,,2.0,3.0,2.0,2.0
2021,초5,,0.9700791552249247,4.0,4.0,,4.0,4.0,4.0,4.0
2021,초5,,0.9700791552249247,4.0,4.0,,4.0,4.0,4.0,4.0
2021,초5,,0.9700791552249247,4.0,4.0,,4.0,4.0,4.0,4.0
2021,초5,,0.9700791552249247,4.0,4.0,,4.0,4.0,4.0,4.0
2021,초5,,0.9700791552249247,3.3333333333333335,3.0,,3.0,4.0,3.0,3.0
2021,초5,,0.9700791552249247,2.6666666666666665,3.0,,3.0,3.0,2.0,3.0
2021,초5,,0.9700791552249247,4.0,4.0,,4.0,4.0,4.0,4.0
2021,초5,,0.9700791552249247,3.6666666666666665,3.0,,4.0,4.0,3.0,3.0
2021,초5,,0.9700791552249247,3.3333333333333335,3.0,,3.0,4.0,3.0,3.0
2021,초5,,0.9700791552249247,3.3333333333333335,3.0,,3.0,4.0,3.0,3.0
2021,초5,,0.9700791552249247,2.6666666666666665,4.0,,3.0,3.0,2.0,4.0
2021,초5,,0.9700791552249247,3.0,2.0,,3.0,4.0,2.0,2.0
2021,초5,,1.1285130020252485,3.3333333333333335,3.0,,3.0,4.0,3.0,3.0
2021,초5,,1.1285130020252485,3.6666666666666665,3.0,,4.0,4.0,3.0,3.0
2021,초5,,1.1285130020252485,3.6666666666666665,2.0,,4.0,4.0,3.0,2.0
2021,초5,,1.1285130020252485,3.6666666666666665,3.0,,4.0,4.0,3.0,3.0
2021,초5,,1.1285130020252485,3.0,3.0,,3.0,3.0,3.0,3.0
2021,초5,,1.1285130020252485,3.0,3.0,,3.0,3.0,3.0,3.0
2021,초5,,1.1285130020252485,3.0,4.0,,1.0,4.0,4.0,4.0
2021,초5,,1.1285130020252485,3.0,4.0,,3.0,4.0,2.0,4.0
2021,초5,,1.1285130020252485,3.3333333333333335,3.0,,3.0,4.0,3.0,3.0
2021,초5,,1.1285130020252485,4.0,3.0,,4.0,4.0,4.0,3.0
2021,초5,,1.1285130020252485,3.3333333333333335,3.0,,3.0,4.0,3.0,3.0
2021,초5,,1.1285130020252485,2.0,1.0,,3.0,2.0,1.0,1.0
2021,초4,,1.3439245062193914,3.3333333333333335,4.0,,3.0,4.0,3.0,4.0
2021,초4,,1.2472346115086497,3.3333333333333335,3.0,,3.0,4.0,3.0,3.0
2021,초4,,1.2472346115086497,3.3333333333333335,3.0,,3.0,3.0,4.0,3.0
2021,초4,,1.2472346115086497,3.6666666666666665,4.0,,3.0,4.0,4.0,4.0
2021,초4,,1.2472346115086497,3.3333333333333335,3.0,,3.0,4.0,3.0,3.0
2021,초4,,1.2472346115086497,3.3333333333333335,3.0,,3.0,4.0,3.0,3.0
2021,초4,,1.2472346115086497,3.3333333333333335,3.0,,3.0,4.0,3.0,3.0
2021,초4,,1.2472346115086497,3.3333333333333335,4.0,,3.0,3.0,4.0,4.0
2021,초4,,1.2472346115086497,4.0,4.0,,4.0,4.0,4.0,4.0
2021,초4,,1.2472346115086497,3.3333333333333335,4.0,,3.0,4.0,3.0,4.0
2021,초4,,1.2472346115086497,3.3333333333333335,3.0,,3.0,4.0,3.0,3.0
2021,초4,,1.2472346115086497,3.0,3.0,,3.0,3.0,3.0,3.0
2021,초4,,1.2472346115086497,3.0,3.0,,3.0,3.0,3.0,3.0
2021,초4,,1.3439245062193914,3.0,3.0,,3.0,3.0,3.0,3.0
2021,초4,,1.3439245062193914,4.0,4.0,,4.0,4.0,4.0,4.0
2021,초4,,1.3439245062193914,3.3333333333333335,3.0,,3.0,4.0,3.0,3.0
2021,초4,,1.3439245062193914,3.6666666666666665,4.0,,3.0,4.0,4.0,4.0
2021,초4,,1.3439245062193914,4.0,4.0,,4.0,4.0,4.0,4.0
2021,초4,,1.3439245062193914,3.0,3.0,,3.0,3.0,3.0,3.0
2021,초4,,1.3439245062193914,4.0,4.0,,4.0,4.0,4.0,4.0
2021,초4,,1.3439245062193914,3.0,3.0,,3.0,4.0,2.0,3.0
2021,초4,,1.3439245062193914,3.6666666666666665,3.0,,4.0,4.0,3.0,3.0
2021,초6,,1.3559524797471112,3.6666666666666665,2.0,,4.0,4.0,3.0,2.0
2021,초6,,1.3559524797471112,3.6666666666666665,3.0,,4.0,4.0,3.0,3.0
2021,초6,,1.3559524797471112,3.3333333333333335,2.0,,3.0,4.0,3.0,2.0
2021,초6,,1.3559524797471112,4.0,4.0,,4.0,4.0,4.0,4.0
2021,초6,,1.3559524797471112,4.0,4.0,,4.0,4.0,4.0,4.0
2021,초6,,1.3559524797471112,4.0,4.0,,4.0,4.0,4.0,4.0
2021,초6,,1.3559524797471112,3.6666666666666665,3.0,,3.0,4.0,4.0,3.0
2021,초6,,1.3559524797471112,3.3333333333333335,3.0,,3.0,4.0,3.0,3.0
2021,초6,,1.3559524797471112,4.0,3.0,,4.0,4.0,4.0,3.0
2021,초6,,1.401907587514224,3.3333333333333335,3.0,,3.0,4.0,3.0,3.0
2021,초6,,1.401907587514224,4.0,4.0,,4.0,4.0,4.0,4.0
2021,초6,,1.401907587514224,3.6666666666666665,4.0,,3.0,4.0,4.0,4.0
2021,초6,,1.401907587514224,2.6666666666666665,2.0,,3.0,3.0,2.0,2.0
2021,초6,,1.401907587514224,3.3333333333333335,3.0,,3.0,4.0,3.0,3.0
2021,초6,,1.401907587514224,3.3333333333333335,3.0,,3.0,4.0,3.0,3.0
2021,초6,,1.401907587514224,3.6666666666666665,4.0,,3.0,4.0,4.0,4.0
2021,초6,,1.401907587514224,3.3333333333333335,3.0,,3.0,4.0,3.0,3.0
2021,초6,,1.401907587514224,3.6666666666666665,4.0,,3.0,4.0,4.0,4.0
2021,초6,,1.401907587514224,4.0,4.0,,4.0,4.0,4.0,4.0
2021,초6,,1.401907587514224,3.3333333333333335,2.0,,3.0,4.0,3.0,2.0
2021,초6,,0.7577878851428238,3.3333333333333335,3.0,,3.0,3.0,4.0,3.0
2021,초6,,0.7577878851428238,4.0,4.0,,4.0,4.0,4.0,4.0
2021,초6,,0.7577878851428238,3.3333333333333335,3.0,,3.0,4.0,3.0,3.0
2021,초6,,0.7577878851428238,2.3333333333333335,3.0,,2.0,4.0,1.0,3.0
2021,초6,,0.7577878851428238,2.0,3.0,,1.0,3.0,2.0,3.0
2021,초6,,0.7577878851428238,3.0,2.0,,2.0,4.0,3.0,2.0
2021,초6,,0.7577878851428238,4.0,4.0,,4.0,4.0,4.0,4.0
2021,초6,,0.7577878851428238,3.0,4.0,,3.0,2.0,4.0,4.0
2021,초6,,0.7577878851428238,3.3333333333333335,4.0,,4.0,4.0,2.0,4.0
2021,초6,,0.7577878851428238,3.6666666666666665,4.0,,3.0,4.0,4.0,4.0
2021,초6,,0.7577878851428238,2.6666666666666665,3.0,,3.0,3.0,2.0,3.0
2021,초6,,0.7577878851428238,2.6666666666666665,4.0,,2.0,3.0,3.0,4.0
2021,초6,,0.7577878851428238,2.3333333333333335,3.0,,3.0,3.0,1.0,3.0
2021,초6,,0.7577878851428238,3.3333333333333335,3.0,,4.0,4.0,2.0,3.0
2021,초6,,0.7577878851428238,4.0,4.0,,4.0,4.0,4.0,4.0
2021,초6,,0.7577878851428238,3.6666666666666665,3.0,,4.0,4.0,3.0,3.0
2021,초6,,0.7577878851428238,3.6666666666666665,3.0,,3.0,4.0,4.0,3.0
2021,초6,,0.7329472863497898,3.3333333333333335,2.0,,3.0,4.0,3.0,2.0
2021,초6,,0.7329472863497898,3.3333333333333335,3.0,,3.0,4.0,3.0,3.0
2021,초6,,0.7329472863497898,2.6666666666666665,4.0,,3.0,4.0,1.0,4.0
2021,초6,,0.7329472863497898,3.0,3.0,,2.0,4.0,3.0,3.0
2021,초6,,0.7329472863497898,3.0,3.0,,3.0,4.0,2.0,3.0
2021,초6,,0.7329472863497898,3.6666666666666665,4.0,,3.0,4.0,4.0,4.0
2021,초6,,0.7329472863497898,3.3333333333333335,4.0,,2.0,4.0,4.0,4.0
2021,초6,,0.7329472863497898,3.3333333333333335,4.0,,3.0,4.0,3.0,4.0
2021,초6,,0.7329472863497898,3.6666666666666665,3.0,,4.0,4.0,3.0,3.0
2021,초6,,0.7329472863497898,3.3333333333333335,3.0,,3.0,4.0,3.0,3.0
2021,초6,,0.7329472863497898,3.6666666666666665,4.0,,3.0,4.0,4.0,4.0
2021,초6,,0.7329472863497898,4.0,4.0,,4.0,4.0,4.0,4.0
2021,초6,,0.7329472863497898,3.6666666666666665,4.0,,4.0,4.0,3.0,4.0
2021,초6,,0.7329472863497898,3.3333333333333335,2.0,,4.0,4.0,2.0,2.0
2021,초6,,0.7329472863497898,4.0,4.0,,4.0,4.0,4.0,4.0
2021,초6,,0.7329472863497898,4.0,4.0,,4.0,4.0,4.0,4.0
2021,초6,,0.7329472863497898,3.0,4.0,,3.0,3.0,3.0,4.0
2021,초6,,0.7329472863497898,4.0,4.0,,4.0,4.0,4.0,4.0
2021,초6,,0.7329472863497898,3.0,3.0,,3.0,3.0,3.0,3.0
2021,초6,,0.7329472863497898,3.0,4.0,,3.0,3.0,3.0,4.0
2021,초6,,0.6723996937340077,3.3333333333333335,3.0,,3.0,4.0,3.0,3.0
2021,초6,,0.6723996937340077,3.3333333333333335,3.0,,3.0,4.0,3.0,3.0
2021,초6,,0.6723996937340077,3.0,2.0,,3.0,4.0,2.0,2.0
2021,초6,,0.6723996937340077,3.6666666666666665,3.0,,3.0,4.0,4.0,3.0
2021,초6,,0.6723996937340077,4.0,4.0,,4.0,4.0,4.0,4.0
2021,초6,,0.6723996937340077,3.0,4.0,,3.0,3.0,3.0,4.0
2021,초6,,0.6723996937340077,3.3333333333333335,3.0,,3.0,4.0,3.0,3.0
2021,초6,,0.6723996937340077,3.3333333333333335,3.0,,3.0,4.0,3.0,3.0
2021,초6,,0.6723996937340077,3.3333333333333335,3.0,,3.0,4.0,3.0,3.0
2021,초6,,0.6723996937340077,3.3333333333333335,3.0,,3.0,4.0,3.0,3.0
2021,초6,,0.6723996937340077,4.0,3.0,,4.0,4.0,4.0,3.0
2021,초6,,0.6723996937340077,3.0,3.0,,3.0,3.0,3.0,3.0
2021,초6,,0.6723996937340077,3.6666666666666665,4.0,,3.0,4.0,4.0,4.0
2021,초6,,0.6723996937340077,3.3333333333333335,3.0,,3.0,4.0,3.0,3.0
2021,초6,,0.6723996937340077,3.6666666666666665,3.0,,3.0,4.0,4.0,3.0
2021,초6,,0.6723996937340077,3.0,3.0,,3.0,3.0,3.0,3.0
2021,초6,,0.6723996937340077,3.3333333333333335,2.0,,3.0,4.0,3.0,2.0
2021,초6,,0.9456233153345789,3.6666666666666665,4.0,,4.0,4.0,3.0,4.0
2021,초6,,0.9456233153345789,2.3333333333333335,3.0,,2.0,2.0,3.0,3.0
2021,초6,,0.9456233153345789,2.6666666666666665,2.0,,3.0,3.0,2.0,2.0
2021,초6,,0.9456233153345789,3.0,1.0,,3.0,4.0,2.0,1.0
2021,초6,,0.9456233153345789,4.0,3.0,,4.0,4.0,4.0,3.0
2021,초6,,0.9456233153345789,3.3333333333333335,3.0,,3.0,4.0,3.0,3.0
2021,초6,,0.9456233153345789,3.3333333333333335,3.0,,3.0,4.0,3.0,3.0
2021,초6,,0.9456233153345789,3.3333333333333335,2.0,,3.0,4.0,3.0,2.0
2021,초6,,0.9456233153345789,3.0,4.0,,2.0,4.0,3.0,4.0
2021,초6,,0.9456233153345789,3.3333333333333335,3.0,,3.0,4.0,3.0,3.0
2021,초6,,0.9456233153345789,2.6666666666666665,3.0,,3.0,3.0,2.0,3.0
2021,초6,,0.9456233153345789,3.3333333333333335,2.0,,4.0,4.0,2.0,2.0
2021,초5,,0.8731076029154691,3.0,3.0,,3.0,3.0,3.0,3.0
2021,초5,,0.8731076029154691,2.0,3.0,,1.0,4.0,1.0,3.0
2021,초5,,0.8731076029154691,2.6666666666666665,2.0,,3.0,3.0,2.0,2.0
2021,초5,,0.8731076029154691,3.3333333333333335,3.0,,4.0,3.0,3.0,3.0
2021,초5,,0.8731076029154691,4.0,4.0,,4.0,4.0,4.0,4.0
2021,초5,,0.8731076029154691,3.0,3.0,,3.0,3.0,3.0,3.0
2021,초5,,0.8731076029154691,3.6666666666666665,1.0,,4.0,4.0,3.0,1.0
2021,초5,,0.8731076029154691,4.0,4.0,,4.0,4.0,4.0,4.0
2021,초5,,0.8731076029154691,3.6666666666666665,4.0,,3.0,4.0,4.0,4.0
2021,초5,,0.8731076029154691,3.0,3.0,,3.0,3.0,3.0,3.0
2021,초5,,0.9101124684040935,3.0,3.0,,3.0,3.0,3.0,3.0
2021,초5,,0.9101124684040935,4.0,4.0,,4.0,4.0,4.0,4.0
2021,초5,,0.9101124684040935,4.0,4.0,,4.0,4.0,4.0,4.0
2021,초5,,0.9101124684040935,4.0,4.0,,4.0,4.0,4.0,4.0
2021,초5,,0.9101124684040935,3.3333333333333335,3.0,,3.0,4.0,3.0,3.0
2021,초5,,0.9101124684040935,3.0,3.0,,3.0,3.0,3.0,3.0
2021,초5,,0.9101124684040935,4.0,4.0,,4.0,4.0,4.0,4.0
2021,초5,,0.9101124684040935,3.6666666666666665,3.0,,4.0,4.0,3.0,3.0
2021,초5,,0.9101124684040935,3.6666666666666665,3.0,,4.0,4.0,3.0,3.0
2021,초5,,0.9101124684040935,2.6666666666666665,3.0,,2.0,3.0,3.0,3.0
2021,초5,,0.9101124684040935,4.0,4.0,,4.0,4.0,4.0,4.0
2021,초5,,0.9101124684040935,3.0,3.0,,3.0,3.0,3.0,3.0
2021,초5,,0.9101124684040935,3.3333333333333335,4.0,,3.0,3.0,4.0,4.0
2021,초5,,0.9101124684040935,4.0,4.0,,4.0,4.0,4.0,4.0
2021,초6,,1.305860768795371,3.3333333333333335,3.0,,3.0,4.0,3.0,3.0
2021,초6,,1.305860768795371,3.0,3.0,,3.0,3.0,3.0,3.0
2021,초6,,1.305860768795371,3.3333333333333335,3.0,,4.0,4.0,2.0,3.0
2021,초6,,1.305860768795371,4.0,4.0,,4.0,4.0,4.0,4.0
2021,초6,,1.305860768795371,3.3333333333333335,3.0,,3.0,4.0,3.0,3.0
2021,초6,,1.305860768795371,2.6666666666666665,3.0,,2.0,4.0,2.0,3.0
2021,초6,,1.305860768795371,3.0,3.0,,2.0,4.0,3.0,3.0
2021,초6,,1.305860768795371,3.3333333333333335,4.0,,2.0,4.0,4.0,4.0
2021,초6,,0.9285519580136297,3.0,3.0,,3.0,3.0,3.0,3.0
2021,초6,,0.9285519580136297,4.0,4.0,,4.0,4.0,4.0,4.0
2021,초6,,0.9285519580136297,3.0,4.0,,3.0,3.0,3.0,4.0
2021,초6,,0.9285519580136297,3.6666666666666665,4.0,,4.0,4.0,3.0,4.0
2021,초6,,0.9285519580136297,4.0,4.0,,4.0,4.0,4.0,4.0
2021,초6,,0.9285519580136297,3.0,3.0,,3.0,3.0,3.0,3.0
2021,초6,,0.9285519580136297,3.0,3.0,,3.0,3.0,3.0,3.0
2021,초6,,0.9285519580136297,3.0,3.0,,3.0,3.0,3.0,3.0
2021,초6,,0.9285519580136297,3.3333333333333335,4.0,,3.0,3.0,4.0,4.0
2021,초6,,0.9285519580136297,3.6666666666666665,3.0,,3.0,4.0,4.0,3.0
2021,초6,,0.9285519580136297,4.0,4.0,,4.0,4.0,4.0,4.0
2021,초4,,0.6494596370906099,3.3333333333333335,3.0,,3.0,3.0,4.0,3.0
2021,초4,,0.6494596370906099,2.6666666666666665,2.0,,3.0,3.0,2.0,2.0
2021,초4,,0.6494596370906099,3.6666666666666665,4.0,,4.0,4.0,3.0,4.0
2021,초4,,0.6494596370906099,3.0,3.0,,3.0,3.0,3.0,3.0
2021,초4,,0.6494596370906099,4.0,4.0,,4.0,4.0,4.0,4.0
2021,초4,,0.6494596370906099,3.6666666666666665,3.0,,3.0,4.0,4.0,3.0
2021,초4,,0.6494596370906099,3.0,3.0,,3.0,3.0,3.0,3.0
2021,초4,,0.6494596370906099,3.0,3.0,,3.0,3.0,3.0,3.0
2021,초4,,0.6494596370906099,3.0,3.0,,2.0,4.0,3.0,3.0
2021,초4,,0.6494596370906099,3.3333333333333335,3.0,,4.0,3.0,3.0,3.0
2021,초4,,0.6494596370906099,4.0,4.0,,4.0,4.0,4.0,4.0
2021,초4,,0.6494596370906099,3.6666666666666665,3.0,,4.0,4.0,3.0,3.0
2021,초4,,0.6494596370906099,3.0,3.0,,3.0,3.0,3.0,3.0
2021,초4,,0.6494596370906099,3.0,2.0,,4.0,3.0,2.0,2.0
2021,초4,,0.6494596370906099,3.6666666666666665,4.0,,4.0,3.0,4.0,4.0
2021,초4,,0.6494596370906099,3.3333333333333335,3.0,,4.0,3.0,3.0,3.0
2021,초4,,0.7873354161728662,2.6666666666666665,2.0,,3.0,2.0,3.0,2.0
2021,초4,,0.7873354161728662,3.6666666666666665,3.0,,4.0,4.0,3.0,3.0
2021,초4,,0.7873354161728662,3.3333333333333335,3.0,,4.0,3.0,3.0,3.0
2021,초4,,0.7873354161728662,3.3333333333333335,4.0,,4.0,3.0,3.0,4.0
2021,초4,,0.7873354161728662,4.0,4.0,,4.0,4.0,4.0,4.0
2021,초4,,0.7873354161728662,3.3333333333333335,4.0,,4.0,3.0,3.0,4.0
2021,초4,,0.7873354161728662,3.6666666666666665,3.0,,4.0,4.0,3.0,3.0
2021,초4,,0.7873354161728662,3.6666666666666665,4.0,,3.0,4.0,4.0,4.0
2021,초4,,0.7873354161728662,3.6666666666666665,4.0,,3.0,4.0,4.0,4.0
2021,초4,,0.7873354161728662,4.0,4.0,,4.0,4.0,4.0,4.0
2021,초4,,0.7873354161728662,4.0,4.0,,4.0,4.0,4.0,4.0
2021,초4,,0.7873354161728662,3.6666666666666665,4.0,,4.0,4.0,3.0,4.0
2021,초4,,0.7873354161728662,4.0,4.0,,4.0,4.0,4.0,4.0
2021,초4,,0.7873354161728662,2.6666666666666665,2.0,,3.0,3.0,2.0,2.0
2021,초4,,0.7873354161728662,3.6666666666666665,4.0,,4.0,4.0,3.0,4.0
2021,초4,,0.7873354161728662,3.3333333333333335,3.0,,3.0,4.0,3.0,3.0
2021,초4,,1.0938267572052378,3.6666666666666665,4.0,,3.0,4.0,4.0,4.0
2021,초4,,1.0938267572052378,4.0,4.0,,4.0,4.0,4.0,4.0
2021,초4,,1.0938267572052378,3.6666666666666665,4.0,,3.0,4.0,4.0,4.0
2021,초4,,1.0938267572052378,3.3333333333333335,2.0,,4.0,4.0,2.0,2.0
2021,초4,,1.0938267572052378,4.0,4.0,,4.0,4.0,4.0,4.0
2021,초4,,1.0938267572052378,3.0,4.0,,3.0,3.0,3.0,4.0
2021,초4,,1.0938267572052378,4.0,4.0,,4.0,4.0,4.0,4.0
2021,초4,,1.0938267572052378,3.3333333333333335,3.0,,3.0,4.0,3.0,3.0
2021,초4,,1.0938267572052378,3.6666666666666665,4.0,,3.0,4.0,4.0,4.0
2021,초4,,1.0938267572052378,3.0,2.0,,4.0,3.0,2.0,2.0
2021,초4,,1.0938267572052378,3.3333333333333335,3.0,,3.0,4.0,3.0,3.0
2021,초4,,1.0938267572052378,3.6666666666666665,3.0,,4.0,4.0,3.0,3.0
2021,초4,,1.3260385956595642,4.0,4.0,,4.0,4.0,4.0,4.0
2021,초4,,1.3260385956595642,2.6666666666666665,3.0,,2.0,3.0,3.0,3.0
2021,초4,,1.3260385956595642,3.0,3.0,,3.0,3.0,3.0,3.0
2021,초4,,1.3260385956595642,3.6666666666666665,3.0,,4.0,4.0,3.0,3.0
2021,초4,,1.3260385956595642,3.0,3.0,,3.0,3.0,3.0,3.0
2021,초4,,1.3260385956595642,3.6666666666666665,4.0,,3.0,4.0,4.0,4.0
2021,초4,,1.3260385956595642,4.0,4.0,,4.0,4.0,4.0,4.0
2021,초5,,0.8381832987988503,4.0,4.0,,4.0,4.0,4.0,4.0
2021,초5,,0.8381832987988503,3.3333333333333335,2.0,,3.0,4.0,3.0,2.0
2021,초5,,0.8381832987988503,4.0,4.0,,4.0,4.0,4.0,4.0
2021,초5,,0.8381832987988503,3.3333333333333335,4.0,,2.0,4.0,4.0,4.0
2021,초5,,0.8381832987988503,4.0,4.0,,4.0,4.0,4.0,4.0
2021,초5,,0.8381832987988503,2.0,4.0,,2.0,3.0,1.0,4.0
2021,초5,,0.8381832987988503,3.3333333333333335,3.0,,4.0,4.0,2.0,3.0
2021,초5,,0.8381832987988503,3.0,4.0,,3.0,3.0,3.0,4.0
2021,초5,,0.8381832987988503,3.6666666666666665,4.0,,3.0,4.0,4.0,4.0
2021,초5,,0.8381832987988503,3.3333333333333335,4.0,,3.0,3.0,4.0,4.0
2021,초5,,0.8381832987988503,3.3333333333333335,2.0,,4.0,4.0,2.0,2.0
2021,초5,,0.8381832987988503,3.0,3.0,,3.0,3.0,3.0,3.0
2021,초5,,0.8381832987988503,3.0,3.0,,3.0,3.0,3.0,3.0
2021,초5,,0.8381832987988503,3.0,3.0,,3.0,3.0,3.0,3.0
2021,초5,,0.8381832987988503,2.6666666666666665,2.0,,3.0,3.0,2.0,2.0
2021,초5,,0.8381832987988503,3.0,3.0,,3.0,3.0,3.0,3.0
2021,초5,,0.8737079696679297,2.0,1.0,,2.0,3.0,1.0,1.0
2021,초5,,0.8737079696679297,3.3333333333333335,3.0,,3.0,4.0,3.0,3.0
2021,초5,,0.8737079696679297,2.6666666666666665,3.0,,3.0,3.0,2.0,3.0
2021,초5,,0.8737079696679297,3.3333333333333335,3.0,,3.0,4.0,3.0,3.0
2021,초5,,0.8737079696679297,2.0,1.0,,2.0,3.0,1.0,1.0
2021,초5,,0.8737079696679297,3.0,4.0,,3.0,4.0,2.0,4.0
2021,초5,,0.8737079696679297,2.0,1.0,,2.0,3.0,1.0,1.0
2021,초5,,0.8737079696679297,3.3333333333333335,3.0,,3.0,4.0,3.0,3.0
2021,초5,,0.8737079696679297,3.0,1.0,,3.0,4.0,2.0,1.0
2021,초5,,1.0536178555532933,2.3333333333333335,2.0,,2.0,4.0,1.0,2.0
2021,초5,,1.0536178555532933,4.0,4.0,,4.0,4.0,4.0,4.0
2021,초5,,1.0536178555532933,3.0,3.0,,3.0,3.0,3.0,3.0
2021,초5,,1.0536178555532933,3.6666666666666665,3.0,,4.0,4.0,3.0,3.0
2021,초5,,1.0536178555532933,3.6666666666666665,3.0,,4.0,4.0,3.0,3.0
2021,초5,,1.0536178555532933,2.6666666666666665,1.0,,3.0,4.0,1.0,1.0
2021,초5,,1.0536178555532933,3.0,3.0,,3.0,3.0,3.0,3.0
2021,초5,,1.0536178555532933,3.6666666666666665,3.0,,4.0,4.0,3.0,3.0
2021,초5,,1.0536178555532933,3.0,2.0,,3.0,3.0,3.0,2.0
2021,초5,,1.0536178555532933,3.0,2.0,,3.0,3.0,3.0,2.0
2021,초5,,1.0536178555532933,4.0,4.0,,4.0,4.0,4.0,4.0
2021,초5,,1.0536178555532933,2.6666666666666665,3.0,,3.0,2.0,3.0,3.0
2021,초5,,1.0536178555532933,3.0,3.0,,3.0,3.0,3.0,3.0
2021,초5,,1.162517015368778,3.3333333333333335,3.0,,3.0,4.0,3.0,3.0
2021,초5,,1.162517015368778,3.0,3.0,,3.0,4.0,2.0,3.0
2021,초5,,1.162517015368778,3.3333333333333335,3.0,,4.0,3.0,3.0,3.0
2021,초5,,1.162517015368778,2.6666666666666665,2.0,,3.0,3.0,2.0,2.0
2021,초5,,1.162517015368778,3.3333333333333335,3.0,,3.0,4.0,3.0,3.0
2021,초5,,1.162517015368778,3.6666666666666665,2.0,,4.0,4.0,3.0,2.0
2021,초5,,1.162517015368778,2.3333333333333335,1.0,,3.0,3.0,1.0,1.0
2021,초5,,1.162517015368778,3.0,1.0,,3.0,4.0,2.0,1.0
2021,초5,,1.162517015368778,3.3333333333333335,1.0,,4.0,4.0,2.0,1.0
2021,초5,,1.162517015368778,3.3333333333333335,3.0,,3.0,4.0,3.0,3.0
2021,초5,,1.162517015368778,3.3333333333333335,3.0,,3.0,4.0,3.0,3.0
2021,초5,,1.162517015368778,3.3333333333333335,3.0,,3.0,4.0,3.0,3.0
2021,초6,,2.227470848522202,4.0,4.0,,4.0,4.0,4.0,4.0
2021,초6,,2.227470848522202,3.6666666666666665,4.0,,4.0,4.0,3.0,4.0
2021,초6,,2.227470848522202,3.0,3.0,,2.0,4.0,3.0,3.0
2021,초6,,2.227470848522202,3.6666666666666665,3.0,,4.0,4.0,3.0,3.0
2021,초6,,2.227470848522202,3.6666666666666665,4.0,,4.0,4.0,3.0,4.0
2021,초6,,2.227470848522202,3.3333333333333335,3.0,,3.0,4.0,3.0,3.0
2021,초6,,2.227470848522202,2.3333333333333335,1.0,,3.0,3.0,1.0,1.0
2021,초6,,2.227470848522202,3.6666666666666665,4.0,,4.0,4.0,3.0,4.0
2021,초6,,2.227470848522202,4.0,4.0,,4.0,4.0,4.0,4.0
2021,초6,,2.227470848522202,3.6666666666666665,2.0,,3.0,4.0,4.0,2.0
2021,초6,,2.227470848522202,4.0,4.0,,4.0,4.0,4.0,4.0
2021,초6,,2.227470848522202,3.3333333333333335,4.0,,3.0,4.0,3.0,4.0
2021,초6,,2.227470848522202,3.0,3.0,,3.0,3.0,3.0,3.0
2021,초6,,2.5551453203563037,3.3333333333333335,3.0,,3.0,4.0,3.0,3.0
2021,초6,,2.5551453203563037,3.0,3.0,,3.0,3.0,3.0,3.0
2021,초6,,2.5551453203563037,3.3333333333333335,4.0,,3.0,4.0,3.0,4.0
2021,초6,,2.5551453203563037,3.3333333333333335,3.0,,3.0,4.0,3.0,3.0
2021,초6,,2.5551453203563037,3.0,3.0,,3.0,3.0,3.0,3.0
2021,초6,,2.5551453203563037,3.0,3.0,,3.0,3.0,3.0,3.0
2021,초6,,2.5551453203563037,3.3333333333333335,3.0,,3.0,4.0,3.0,3.0
2021,초6,,2.5551453203563037,3.6666666666666665,4.0,,4.0,4.0,3.0,4.0
2021,초6,,2.5551453203563037,3.6666666666666665,4.0,,4.0,4.0,3.0,4.0
2021,초6,,2.5551453203563037,3.0,2.0,,3.0,4.0,2.0,2.0
2021,초6,,2.5551453203563037,4.0,4.0,,4.0,4.0,4.0,4.0
2021,초5,,1.162517015368778,4.0,3.0,,4.0,4.0,4.0,3.0
2021,초5,,1.162517015368778,4.0,4.0,,4.0,4.0,4.0,4.0
2021,초5,,1.162517015368778,3.3333333333333335,3.0,,3.0,4.0,3.0,3.0
2021,초5,,1.162517015368778,3.3333333333333335,3.0,,3.0,4.0,3.0,3.0
2021,초5,,1.162517015368778,4.0,4.0,,4.0,4.0,4.0,4.0
2021,초5,,1.162517015368778,4.0,4.0,,4.0,4.0,4.0,4.0
2021,초5,,1.162517015368778,3.3333333333333335,3.0,,3.0,4.0,3.0,3.0
2021,초5,,1.162517015368778,3.6666666666666665,4.0,,3.0,4.0,4.0,4.0
2021,초5,,1.162517015368778,3.0,3.0,,3.0,3.0,3.0,3.0
2021,초5,,1.162517015368778,4.0,4.0,,4.0,4.0,4.0,4.0
2021,초5,,1.162517015368778,3.6666666666666665,3.0,,3.0,4.0,4.0,3.0
2021,초5,,1.0536178555532933,4.0,4.0,,4.0,4.0,4.0,4.0
2021,초5,,1.0536178555532933,3.3333333333333335,1.0,,4.0,4.0,2.0,1.0
2021,초5,,1.0536178555532933,2.3333333333333335,2.0,,2.0,3.0,2.0,2.0
2021,초5,,1.0536178555532933,4.0,3.0,,4.0,4.0,4.0,3.0
2021,초5,,1.0536178555532933,4.0,4.0,,4.0,4.0,4.0,4.0
2021,초5,,1.0536178555532933,4.0,4.0,,4.0,4.0,4.0,4.0
2021,초5,,1.0536178555532933,3.3333333333333335,2.0,,3.0,4.0,3.0,2.0
2021,초5,,1.0536178555532933,4.0,4.0,,4.0,4.0,4.0,4.0
2021,초5,,1.0536178555532933,3.0,3.0,,3.0,3.0,3.0,3.0
2021,초5,,1.0536178555532933,3.3333333333333335,3.0,,3.0,4.0,3.0,3.0
2021,초5,,1.0536178555532933,3.6666666666666665,3.0,,4.0,4.0,3.0,3.0
2021,초5,,1.0536178555532933,4.0,4.0,,4.0,4.0,4.0,4.0
2021,초5,,1.0536178555532933,3.3333333333333335,3.0,,3.0,4.0,3.0,3.0
2021,초5,,1.0536178555532933,3.3333333333333335,3.0,,3.0,4.0,3.0,3.0
2021,초4,,1.4819644091413882,4.0,4.0,,4.0,4.0,4.0,4.0
2021,초4,,1.4819644091413882,3.3333333333333335,3.0,,3.0,4.0,3.0,3.0
2021,초4,,1.4819644091413882,3.3333333333333335,4.0,,2.0,4.0,4.0,4.0
2021,초4,,1.4819644091413882,4.0,4.0,,4.0,4.0,4.0,4.0
2021,초4,,1.4819644091413882,4.0,4.0,,4.0,4.0,4.0,4.0
2021,초4,,1.4819644091413882,4.0,4.0,,4.0,4.0,4.0,4.0
2021,초4,,1.4819644091413882,3.0,1.0,,3.0,4.0,2.0,1.0
2021,초4,,1.4819644091413882,3.3333333333333335,3.0,,3.0,4.0,3.0,3.0
2021,초4,,1.4819644091413882,3.3333333333333335,3.0,,3.0,3.0,4.0,3.0
2021,초4,,1.0781638383004823,3.3333333333333335,4.0,,4.0,3.0,3.0,4.0
2021,초4,,1.0781638383004823,4.0,4.0,,4.0,4.0,4.0,4.0
2021,초4,,1.0781638383004823,3.3333333333333335,3.0,,3.0,4.0,3.0,3.0
2021,초4,,1.0781638383004823,3.6666666666666665,3.0,,3.0,4.0,4.0,3.0
2021,초4,,1.0781638383004823,3.6666666666666665,4.0,,3.0,4.0,4.0,4.0
2021,초4,,1.0781638383004823,4.0,4.0,,4.0,4.0,4.0,4.0
2021,초4,,1.0781638383004823,4.0,4.0,,4.0,4.0,4.0,4.0
2021,초4,,1.0781638383004823,3.6666666666666665,3.0,,4.0,4.0,3.0,3.0
2021,초4,,1.0781638383004823,3.6666666666666665,4.0,,4.0,4.0,3.0,4.0
2021,초4,,1.0781638383004823,3.6666666666666665,4.0,,3.0,4.0,4.0,4.0
2021,초4,,1.0781638383004823,3.0,3.0,,3.0,3.0,3.0,3.0
2021,초4,,1.0781638383004823,3.6666666666666665,4.0,,3.0,4.0,4.0,4.0
2021,초4,,1.0781638383004823,3.6666666666666665,3.0,,4.0,4.0,3.0,3.0
2021,초4,,1.0781638383004823,3.6666666666666665,4.0,,4.0,4.0,3.0,4.0
2021,초4,,1.4819644091413882,3.6666666666666665,3.0,,4.0,4.0,3.0,3.0
2021,초4,,1.4819644091413882,3.0,3.0,,3.0,4.0,2.0,3.0
2021,초4,,1.4819644091413882,3.0,3.0,,3.0,3.0,3.0,3.0
2021,초4,,1.4819644091413882,3.0,2.0,,2.0,4.0,3.0,2.0
2021,초4,,1.4819644091413882,3.6666666666666665,4.0,,3.0,4.0,4.0,4.0
2021,초4,,1.4819644091413882,4.0,4.0,,4.0,4.0,4.0,4.0
2021,초4,,1.4819644091413882,3.6666666666666665,4.0,,3.0,4.0,4.0,4.0
2021,초4,,1.4819644091413882,3.6666666666666665,3.0,,4.0,4.0,3.0,3.0
2021,초4,,1.4819644091413882,3.0,2.0,,3.0,3.0,3.0,2.0
2021,초4,,1.4819644091413882,3.0,3.0,,3.0,3.0,3.0,3.0
2021,초4,,1.4819644091413882,3.0,3.0,,3.0,3.0,3.0,3.0
2021,초4,,1.0781638383004823,2.6666666666666665,1.0,,3.0,3.0,2.0,1.0
2021,초4,,1.0781638383004823,3.6666666666666665,4.0,,3.0,4.0,4.0,4.0
2021,초4,,1.0781638383004823,3.6666666666666665,3.0,,3.0,4.0,4.0,3.0
2021,초4,,1.0781638383004823,4.0,4.0,,4.0,4.0,4.0,4.0
2021,초4,,1.0781638383004823,4.0,4.0,,4.0,4.0,4.0,4.0
2021,초4,,1.0781638383004823,3.6666666666666665,3.0,,4.0,4.0,3.0,3.0
2021,초4,,1.0781638383004823,3.3333333333333335,3.0,,3.0,4.0,3.0,3.0
2021,초4,,1.0781638383004823,3.3333333333333335,4.0,,4.0,4.0,2.0,4.0
2021,초4,,1.0781638383004823,4.0,3.0,,4.0,4.0,4.0,3.0
2021,초4,,1.0781638383004823,3.6666666666666665,4.0,,3.0,4.0,4.0,4.0
2021,초4,,1.0781638383004823,3.6666666666666665,4.0,,3.0,4.0,4.0,4.0
2021,초4,,1.0781638383004823,2.3333333333333335,4.0,,3.0,3.0,1.0,4.0
2021,초5,,1.7741690567456068,3.3333333333333335,2.0,,3.0,4.0,3.0,2.0
2021,초5,,1.7741690567456068,4.0,4.0,,4.0,4.0,4.0,4.0
2021,초5,,1.7741690567456068,4.0,4.0,,4.0,4.0,4.0,4.0
2021,초5,,1.7741690567456068,3.3333333333333335,3.0,,3.0,4.0,3.0,3.0
2021,초5,,1.7741690567456068,4.0,4.0,,4.0,4.0,4.0,4.0
2021,초5,,1.7741690567456068,2.6666666666666665,1.0,,3.0,3.0,2.0,1.0
2021,초5,,1.7741690567456068,2.6666666666666665,2.0,,3.0,4.0,1.0,2.0
2021,초5,,1.7741690567456068,3.3333333333333335,4.0,,3.0,3.0,4.0,4.0
2021,초5,,1.7741690567456068,2.6666666666666665,4.0,,2.0,3.0,3.0,4.0
2021,초5,,1.481964409141387,3.0,2.0,,3.0,4.0,2.0,2.0
2021,초5,,1.481964409141387,2.6666666666666665,3.0,,3.0,3.0,2.0,3.0
2021,초5,,1.481964409141387,3.3333333333333335,3.0,,3.0,4.0,3.0,3.0
2021,초5,,1.481964409141387,3.0,3.0,,3.0,3.0,3.0,3.0
2021,초5,,1.481964409141387,3.0,3.0,,3.0,3.0,3.0,3.0
2021,초5,,1.481964409141387,3.0,2.0,,3.0,3.0,3.0,2.0
2021,초5,,1.481964409141387,3.3333333333333335,3.0,,4.0,4.0,2.0,3.0
2021,초5,,1.481964409141387,3.6666666666666665,4.0,,3.0,4.0,4.0,4.0
2021,초5,,1.481964409141387,3.3333333333333335,3.0,,3.0,4.0,3.0,3.0
2021,초4,,1.105460615612106,3.3333333333333335,3.0,,3.0,4.0,3.0,3.0
2021,초4,,1.105460615612106,4.0,4.0,,4.0,4.0,4.0,4.0
2021,초4,,1.105460615612106,3.6666666666666665,3.0,,4.0,3.0,4.0,3.0
2021,초4,,1.105460615612106,4.0,4.0,,4.0,4.0,4.0,4.0
2021,초4,,1.105460615612106,2.0,1.0,,2.0,3.0,1.0,1.0
2021,초4,,1.105460615612106,3.6666666666666665,3.0,,4.0,4.0,3.0,3.0
2021,초4,,1.105460615612106,3.0,3.0,,3.0,3.0,3.0,3.0
2021,초4,,1.105460615612106,4.0,4.0,,4.0,4.0,4.0,4.0
2021,초4,,1.105460615612106,3.3333333333333335,3.0,,3.0,4.0,3.0,3.0
2021,초4,,1.105460615612106,3.6666666666666665,4.0,,3.0,4.0,4.0,4.0
2021,초4,,1.105460615612106,3.3333333333333335,2.0,,3.0,4.0,3.0,2.0
2021,초4,,1.105460615612106,2.3333333333333335,1.0,,3.0,3.0,1.0,1.0
2021,초4,,1.105460615612106,3.3333333333333335,3.0,,3.0,4.0,3.0,3.0
2021,초4,,1.105460615612106,3.0,3.0,,3.0,3.0,3.0,3.0
2021,초4,,1.105460615612106,3.3333333333333335,3.0,,4.0,4.0,2.0,3.0
2021,초4,,0.9198453000346452,3.3333333333333335,3.0,,3.0,4.0,3.0,3.0
2021,초4,,0.9198453000346452,3.6666666666666665,3.0,,4.0,4.0,3.0,3.0
2021,초4,,0.9198453000346452,3.6666666666666665,3.0,,4.0,4.0,3.0,3.0
2021,초4,,0.9198453000346452,3.6666666666666665,3.0,,4.0,4.0,3.0,3.0
2021,초4,,0.9198453000346452,4.0,4.0,,4.0,4.0,4.0,4.0
2021,초4,,0.9198453000346452,3.6666666666666665,4.0,,3.0,4.0,4.0,4.0
2021,초4,,0.9198453000346452,2.3333333333333335,1.0,,2.0,3.0,2.0,1.0
2021,초4,,0.9198453000346452,3.3333333333333335,3.0,,3.0,4.0,3.0,3.0
2021,초4,,0.9198453000346452,3.6666666666666665,3.0,,3.0,4.0,4.0,3.0
2021,초4,,0.9198453000346452,3.6666666666666665,4.0,,4.0,4.0,3.0,4.0
2021,초4,,0.9198453000346452,3.3333333333333335,4.0,,3.0,4.0,3.0,4.0
2021,초4,,0.9198453000346452,4.0,4.0,,4.0,4.0,4.0,4.0
2021,초4,,0.9198453000346452,3.3333333333333335,3.0,,3.0,4.0,3.0,3.0
2021,초4,,0.9198453000346452,2.6666666666666665,3.0,,3.0,1.0,4.0,3.0
2021,초4,,0.9198453000346452,4.0,3.0,,4.0,4.0,4.0,3.0
2021,초4,,0.9198453000346452,3.3333333333333335,1.0,,3.0,4.0,3.0,1.0
2021,초4,,0.9198453000346452,4.0,4.0,,4.0,4.0,4.0,4.0
2021,초6,,1.2548444579299418,3.3333333333333335,3.0,,3.0,4.0,3.0,3.0
2021,초6,,1.2548444579299418,3.6666666666666665,2.0,,4.0,4.0,3.0,2.0
2021,초6,,1.2548444579299418,3.6666666666666665,3.0,,4.0,4.0,3.0,3.0
2021,초6,,1.2548444579299418,3.3333333333333335,3.0,,3.0,4.0,3.0,3.0
2021,초6,,1.2548444579299418,3.0,3.0,,3.0,3.0,3.0,3.0
2021,초6,,1.2548444579299418,3.0,3.0,,3.0,3.0,3.0,3.0
2021,초6,,1.2548444579299418,3.0,3.0,,3.0,3.0,3.0,3.0
2021,초6,,1.2548444579299418,3.0,2.0,,3.0,3.0,3.0,2.0
2021,초6,,1.2548444579299418,3.6666666666666665,3.0,,4.0,4.0,3.0,3.0
2021,초6,,1.2548444579299418,4.0,4.0,,4.0,4.0,4.0,4.0
2021,초6,,1.2548444579299418,3.0,2.0,,3.0,3.0,3.0,2.0
2021,초6,,1.2548444579299418,3.0,3.0,,3.0,3.0,3.0,3.0
2021,초6,,1.2548444579299418,4.0,4.0,,4.0,4.0,4.0,4.0
2021,초6,,1.2903599815013405,4.0,4.0,,4.0,4.0,4.0,4.0
2021,초6,,1.2903599815013405,4.0,4.0,,4.0,4.0,4.0,4.0
2021,초6,,1.2903599815013405,3.3333333333333335,3.0,,3.0,4.0,3.0,3.0
2021,초6,,1.2903599815013405,2.6666666666666665,2.0,,3.0,3.0,2.0,2.0
2021,초6,,1.2903599815013405,3.6666666666666665,3.0,,4.0,4.0,3.0,3.0
2021,초6,,1.2903599815013405,3.0,3.0,,3.0,3.0,3.0,3.0
2021,초6,,1.2903599815013405,4.0,4.0,,4.0,4.0,4.0,4.0
2021,초6,,1.2903599815013405,3.3333333333333335,2.0,,3.0,4.0,3.0,2.0
2021,초6,,1.2903599815013405,4.0,4.0,,4.0,4.0,4.0,4.0
2021,초6,,1.2903599815013405,3.6666666666666665,3.0,,4.0,4.0,3.0,3.0
2021,초6,,1.2903599815013405,3.3333333333333335,4.0,,3.0,3.0,4.0,4.0
2021,초6,,1.4064728344489466,3.0,3.0,,3.0,3.0,3.0,3.0
2021,초6,,1.4064728344489466,3.3333333333333335,2.0,,3.0,4.0,3.0,2.0
2021,초6,,1.4064728344489466,2.6666666666666665,1.0,,3.0,3.0,2.0,1.0
2021,초6,,1.4064728344489466,3.6666666666666665,3.0,,4.0,4.0,3.0,3.0
2021,초6,,1.4064728344489466,3.0,3.0,,3.0,3.0,3.0,3.0
2021,초6,,1.4064728344489466,4.0,3.0,,4.0,4.0,4.0,3.0
2021,초6,,1.4064728344489466,3.6666666666666665,4.0,,3.0,4.0,4.0,4.0
2021,초6,,1.4064728344489466,3.0,3.0,,3.0,3.0,3.0,3.0
2021,초6,,1.4064728344489466,3.6666666666666665,2.0,,4.0,4.0,3.0,2.0
2021,초6,,1.4064728344489466,3.0,3.0,,3.0,3.0,3.0,3.0
2021,초6,,1.4064728344489466,3.3333333333333335,3.0,,3.0,4.0,3.0,3.0
2021,초6,,1.2118305898002564,3.3333333333333335,2.0,,3.0,4.0,3.0,2.0
2021,초6,,1.2118305898002564,3.0,3.0,,3.0,3.0,3.0,3.0
2021,초6,,1.2118305898002564,3.0,3.0,,3.0,4.0,2.0,3.0
2021,초6,,1.2118305898002564,2.0,1.0,,3.0,2.0,1.0,1.0
2021,초6,,1.2118305898002564,2.6666666666666665,3.0,,3.0,3.0,2.0,3.0
2021,초6,,1.2118305898002564,3.6666666666666665,3.0,,4.0,4.0,3.0,3.0
2021,초6,,1.2118305898002564,2.6666666666666665,3.0,,3.0,3.0,2.0,3.0
2021,초6,,1.2118305898002564,3.3333333333333335,3.0,,4.0,3.0,3.0,3.0
2021,초6,,1.2118305898002564,3.6666666666666665,2.0,,4.0,4.0,3.0,2.0
2021,초6,,1.2118305898002564,3.6666666666666665,3.0,,3.0,4.0,4.0,3.0
2021,초6,,1.2118305898002564,3.0,2.0,,3.0,4.0,2.0,2.0
2021,초6,,1.2118305898002564,3.6666666666666665,4.0,,4.0,4.0,3.0,4.0
2021,초5,,1.0471333058667494,4.0,4.0,,4.0,4.0,4.0,4.0
2021,초5,,1.0471333058667494,3.0,3.0,,3.0,3.0,3.0,3.0
2021,초5,,1.0471333058667494,4.0,4.0,,4.0,4.0,4.0,4.0
2021,초5,,1.0471333058667494,3.3333333333333335,3.0,,3.0,4.0,3.0,3.0
2021,초5,,1.0471333058667494,3.3333333333333335,3.0,,3.0,4.0,3.0,3.0
2021,초5,,1.0471333058667494,4.0,4.0,,4.0,4.0,4.0,4.0
2021,초5,,1.0471333058667494,3.6666666666666665,3.0,,4.0,4.0,3.0,3.0
2021,초5,,1.0471333058667494,3.6666666666666665,3.0,,4.0,4.0,3.0,3.0
2021,초5,,1.0471333058667494,3.3333333333333335,3.0,,3.0,4.0,3.0,3.0
2021,초5,,1.0471333058667494,3.3333333333333335,3.0,,4.0,4.0,2.0,3.0
2021,초5,,1.0471333058667494,4.0,3.0,,4.0,4.0,4.0,3.0
2021,초5,,1.0471333058667494,3.0,3.0,,2.0,4.0,3.0,3.0
2021,초5,,1.0471333058667494,4.0,4.0,,4.0,4.0,4.0,4.0
2021,초5,,2.059932402792111,3.6666666666666665,3.0,,3.0,4.0,4.0,3.0
2021,초5,,2.059932402792111,3.0,2.0,,3.0,4.0,2.0,2.0
2021,초5,,2.059932402792111,3.3333333333333335,3.0,,3.0,4.0,3.0,3.0
2021,초5,,2.059932402792111,4.0,4.0,,4.0,4.0,4.0,4.0
2021,초5,,2.059932402792111,3.6666666666666665,4.0,,3.0,4.0,4.0,4.0
2021,초5,,2.059932402792111,4.0,4.0,,4.0,4.0,4.0,4.0
2021,초5,,2.059932402792111,3.0,2.0,,3.0,4.0,2.0,2.0
2021,초4,,0.9465798045602609,4.0,4.0,,4.0,4.0,4.0,4.0
2021,초4,,1.0136304220683794,3.3333333333333335,3.0,,3.0,4.0,3.0,3.0
2021,초4,,0.9465798045602609,3.3333333333333335,3.0,,3.0,4.0,3.0,3.0
2021,초4,,1.0136304220683794,3.6666666666666665,4.0,,3.0,4.0,4.0,4.0
2021,초4,,0.9465798045602609,4.0,4.0,,4.0,4.0,4.0,4.0
2021,초4,,0.9465798045602609,4.0,3.0,,4.0,4.0,4.0,3.0
2021,초4,,1.0136304220683794,3.6666666666666665,4.0,,3.0,4.0,4.0,4.0
2021,초4,,0.9465798045602609,4.0,4.0,,4.0,4.0,4.0,4.0
2021,초4,,1.0136304220683794,4.0,4.0,,4.0,4.0,4.0,4.0
2021,초4,,1.0136304220683794,3.6666666666666665,3.0,,4.0,4.0,3.0,3.0
2021,초4,,0.9465798045602609,4.0,4.0,,4.0,4.0,4.0,4.0
2021,초4,,1.0136304220683794,3.3333333333333335,4.0,,3.0,4.0,3.0,4.0
2021,초4,,0.9465798045602609,3.0,3.0,,3.0,4.0,2.0,3.0
2021,초4,,1.0136304220683794,3.0,3.0,,3.0,3.0,3.0,3.0
2021,초4,,0.9465798045602609,3.6666666666666665,4.0,,4.0,3.0,4.0,4.0
2021,초4,,1.0136304220683794,3.3333333333333335,3.0,,3.0,3.0,4.0,3.0
2021,초4,,0.9465798045602609,3.6666666666666665,3.0,,3.0,4.0,4.0,3.0
2021,초4,,0.9465798045602609,4.0,4.0,,4.0,4.0,4.0,4.0
2021,초4,,0.9465798045602609,4.0,4.0,,4.0,4.0,4.0,4.0
2021,초4,,0.9465798045602609,3.0,2.0,,2.0,4.0,3.0,2.0
2021,초4,,1.0136304220683794,3.0,3.0,,3.0,3.0,3.0,3.0
2021,초4,,0.9465798045602609,3.6666666666666665,4.0,,4.0,4.0,3.0,4.0
2021,초4,,1.0136304220683794,3.6666666666666665,3.0,,4.0,3.0,4.0,3.0
2021,초4,,0.9465798045602609,3.3333333333333335,4.0,,3.0,3.0,4.0,4.0
2021,초4,,1.0136304220683794,3.3333333333333335,2.0,,2.0,4.0,4.0,2.0
2021,초4,,1.0136304220683794,3.3333333333333335,3.0,,3.0,4.0,3.0,3.0
2021,초4,,0.9465798045602609,3.6666666666666665,3.0,,4.0,4.0,3.0,3.0
2021,초4,,1.0136304220683794,3.3333333333333335,3.0,,3.0,4.0,3.0,3.0
2021,초4,,1.0136304220683794,3.3333333333333335,3.0,,3.0,4.0,3.0,3.0
2021,초4,,1.0136304220683794,3.0,4.0,,3.0,3.0,3.0,4.0
2021,초6,,1.1642756681436837,2.0,1.0,,2.0,3.0,1.0,1.0
2021,초6,,1.1642756681436837,3.6666666666666665,3.0,,4.0,4.0,3.0,3.0
2021,초6,,1.1642756681436837,2.6666666666666665,1.0,,3.0,3.0,2.0,1.0
2021,초6,,1.1642756681436837,3.6666666666666665,3.0,,4.0,4.0,3.0,3.0
2021,초6,,1.1642756681436837,3.0,3.0,,3.0,3.0,3.0,3.0
2021,초6,,1.1642756681436837,3.0,2.0,,3.0,3.0,3.0,2.0
2021,초6,,1.1642756681436837,3.0,3.0,,3.0,4.0,2.0,3.0
2021,초6,,1.1642756681436837,2.3333333333333335,3.0,,2.0,3.0,2.0,3.0
2021,초6,,1.1642756681436837,4.0,4.0,,4.0,4.0,4.0,4.0
2021,초6,,1.1642756681436837,3.0,3.0,,3.0,3.0,3.0,3.0
2021,초6,,0.9000296010076525,2.6666666666666665,3.0,,3.0,3.0,2.0,3.0
2021,초6,,0.9000296010076525,2.3333333333333335,1.0,,3.0,3.0,1.0,1.0
2021,초6,,0.9000296010076525,4.0,4.0,,4.0,4.0,4.0,4.0
2021,초6,,0.9000296010076525,3.6666666666666665,3.0,,4.0,4.0,3.0,3.0
2021,초6,,0.9000296010076525,4.0,4.0,,4.0,4.0,4.0,4.0
2021,초6,,0.9000296010076525,3.6666666666666665,2.0,,4.0,4.0,3.0,2.0
2021,초6,,0.9000296010076525,3.0,2.0,,3.0,3.0,3.0,2.0
2021,초6,,0.9000296010076525,3.0,3.0,,3.0,3.0,3.0,3.0
2021,초6,,0.9000296010076525,2.0,2.0,,2.0,2.0,2.0,2.0
2021,초6,,0.9000296010076525,3.6666666666666665,3.0,,4.0,4.0,3.0,3.0
2021,초6,,0.9000296010076525,2.3333333333333335,3.0,,3.0,3.0,1.0,3.0
2021,초6,,0.9000296010076525,2.3333333333333335,2.0,,2.0,3.0,2.0,2.0
2021,초6,,0.9000296010076525,3.3333333333333335,4.0,,3.0,3.0,4.0,4.0
2021,초5,,1.118062421392782,3.6666666666666665,3.0,,4.0,4.0,3.0,3.0
2021,초5,,1.118062421392782,3.0,3.0,,3.0,3.0,3.0,3.0
2021,초5,,1.118062421392782,3.6666666666666665,3.0,,3.0,4.0,4.0,3.0
2021,초5,,1.118062421392782,4.0,4.0,,4.0,4.0,4.0,4.0
2021,초5,,1.118062421392782,3.0,3.0,,3.0,3.0,3.0,3.0
2021,초5,,1.118062421392782,2.6666666666666665,2.0,,3.0,3.0,2.0,2.0
2021,초5,,1.118062421392782,3.6666666666666665,4.0,,4.0,4.0,3.0,4.0
2021,초5,,1.118062421392782,3.0,3.0,,3.0,3.0,3.0,3.0
2021,초5,,1.118062421392782,2.3333333333333335,2.0,,2.0,3.0,2.0,2.0
2021,초5,,1.118062421392782,3.3333333333333335,3.0,,3.0,4.0,3.0,3.0
2021,초5,,1.118062421392782,3.0,4.0,,3.0,3.0,3.0,4.0
2021,초5,,0.9317849400448823,3.0,3.0,,3.0,3.0,3.0,3.0
2021,초5,,0.9317849400448823,3.0,3.0,,3.0,3.0,3.0,3.0
2021,초5,,0.9317849400448823,4.0,4.0,,4.0,4.0,4.0,4.0
2021,초5,,0.9317849400448823,3.3333333333333335,3.0,,3.0,4.0,3.0,3.0
2021,초5,,0.9317849400448823,3.6666666666666665,3.0,,4.0,4.0,3.0,3.0
2021,초5,,0.9317849400448823,3.6666666666666665,3.0,,4.0,4.0,3.0,3.0
2021,초5,,0.9317849400448823,3.0,2.0,,3.0,4.0,2.0,2.0
2021,초5,,0.9317849400448823,3.6666666666666665,3.0,,4.0,4.0,3.0,3.0
2021,초5,,0.9317849400448823,3.0,3.0,,3.0,3.0,3.0,3.0
2021,초5,,0.9317849400448823,3.3333333333333335,3.0,,3.0,4.0,3.0,3.0
2021,초5,,0.9317849400448823,3.3333333333333335,3.0,,3.0,4.0,3.0,3.0
2021,초5,,0.9317849400448823,3.0,3.0,,3.0,3.0,3.0,3.0
2021,초4,,1.1861399999398092,3.3333333333333335,4.0,,3.0,4.0,3.0,4.0
2021,초4,,1.1861399999398092,3.3333333333333335,3.0,,3.0,4.0,3.0,3.0
2021,초4,,1.1861399999398092,3.0,3.0,,3.0,4.0,2.0,3.0
2021,초4,,1.1861399999398092,4.0,4.0,,4.0,4.0,4.0,4.0
2021,초4,,1.1861399999398092,4.0,4.0,,4.0,4.0,4.0,4.0
2021,초4,,1.1861399999398092,3.6666666666666665,3.0,,4.0,4.0,3.0,3.0
2021,초4,,1.1861399999398092,4.0,4.0,,4.0,4.0,4.0,4.0
2021,초4,,1.1861399999398092,3.6666666666666665,4.0,,3.0,4.0,4.0,4.0
2021,초4,,1.1861399999398092,3.6666666666666665,4.0,,3.0,4.0,4.0,4.0
2021,초4,,0.9237680183863031,3.3333333333333335,3.0,,3.0,4.0,3.0,3.0
2021,초4,,0.9237680183863031,3.6666666666666665,4.0,,3.0,4.0,4.0,4.0
2021,초4,,0.9237680183863031,3.6666666666666665,4.0,,3.0,4.0,4.0,4.0
2021,초4,,0.9237680183863031,4.0,4.0,,4.0,4.0,4.0,4.0
2021,초4,,0.9237680183863031,2.0,2.0,,1.0,3.0,2.0,2.0
2021,초4,,0.9237680183863031,3.0,2.0,,3.0,3.0,3.0,2.0
2021,초4,,0.9237680183863031,3.3333333333333335,4.0,,4.0,3.0,3.0,4.0
2021,초4,,0.9237680183863031,3.3333333333333335,4.0,,3.0,3.0,4.0,4.0
2021,초4,,0.9237680183863031,2.6666666666666665,3.0,,2.0,3.0,3.0,3.0
2021,초4,,0.9237680183863031,3.3333333333333335,2.0,,3.0,4.0,3.0,2.0
2021,초4,,0.9237680183863031,3.6666666666666665,4.0,,4.0,4.0,3.0,4.0
2021,초4,,0.9237680183863031,3.3333333333333335,3.0,,3.0,4.0,3.0,3.0
2021,초4,,0.9237680183863031,2.6666666666666665,1.0,,3.0,4.0,1.0,1.0
2021,초4,,1.1861399999398092,3.6666666666666665,3.0,,3.0,4.0,4.0,3.0
2021,초4,,0.9237680183863031,3.3333333333333335,3.0,,3.0,4.0,3.0,3.0
2021,초5,,0.5258371796968188,2.6666666666666665,3.0,,2.0,3.0,3.0,3.0
2021,초5,,0.5258371796968188,2.6666666666666665,3.0,,2.0,3.0,3.0,3.0
2021,초5,,0.5258371796968188,3.6666666666666665,3.0,,3.0,4.0,4.0,3.0
2021,초5,,0.5258371796968188,2.6666666666666665,1.0,,3.0,4.0,1.0,1.0
2021,초5,,0.5258371796968188,3.3333333333333335,3.0,,3.0,4.0,3.0,3.0
2021,초5,,0.5258371796968188,2.6666666666666665,4.0,,3.0,3.0,2.0,4.0
2021,초5,,0.5258371796968188,3.6666666666666665,3.0,,4.0,4.0,3.0,3.0
2021,초5,,0.5258371796968188,3.3333333333333335,3.0,,3.0,4.0,3.0,3.0
2021,초5,,0.5258371796968188,3.0,4.0,,3.0,3.0,3.0,4.0
2021,초5,,0.5258371796968188,3.3333333333333335,3.0,,3.0,4.0,3.0,3.0
2021,초5,,0.4577596011497916,4.0,4.0,,4.0,4.0,4.0,4.0
2021,초5,,0.4577596011497916,3.0,3.0,,3.0,3.0,3.0,3.0
2021,초5,,0.4577596011497916,3.0,3.0,,3.0,3.0,3.0,3.0
2021,초5,,0.4577596011497916,4.0,3.0,,4.0,4.0,4.0,3.0
2021,초5,,0.4577596011497916,3.6666666666666665,3.0,,4.0,4.0,3.0,3.0
2021,초5,,0.4577596011497916,4.0,4.0,,4.0,4.0,4.0,4.0
2021,초5,,0.4577596011497916,4.0,4.0,,4.0,4.0,4.0,4.0
2021,초5,,0.4577596011497916,3.0,3.0,,2.0,4.0,3.0,3.0
2021,초5,,0.4577596011497916,2.6666666666666665,3.0,,3.0,3.0,2.0,3.0
2021,초5,,0.4577596011497916,3.3333333333333335,3.0,,3.0,4.0,3.0,3.0
2021,초5,,0.4577596011497916,3.3333333333333335,4.0,,3.0,3.0,4.0,4.0
2021,초6,,0.43437139168302696,3.3333333333333335,3.0,,3.0,4.0,3.0,3.0
2021,초6,,0.43437139168302696,3.0,3.0,,3.0,3.0,3.0,3.0
2021,초6,,0.43437139168302696,2.3333333333333335,1.0,,3.0,3.0,1.0,1.0
2021,초6,,0.43437139168302696,4.0,4.0,,4.0,4.0,4.0,4.0
2021,초6,,0.43437139168302696,3.3333333333333335,3.0,,3.0,4.0,3.0,3.0
2021,초6,,0.43437139168302696,3.0,1.0,,3.0,4.0,2.0,1.0
2021,초6,,0.43437139168302696,2.6666666666666665,2.0,,3.0,3.0,2.0,2.0
2021,초6,,0.43437139168302696,3.0,3.0,,3.0,3.0,3.0,3.0
2021,초6,,0.43437139168302696,2.6666666666666665,3.0,,3.0,3.0,2.0,3.0
2021,초6,,0.43437139168302696,3.0,2.0,,2.0,4.0,3.0,2.0
2021,초6,,0.43437139168302696,3.0,3.0,,3.0,3.0,3.0,3.0
2021,초6,,0.43437139168302696,3.3333333333333335,3.0,,3.0,4.0,3.0,3.0
2021,초6,,0.44129509675179995,3.3333333333333335,3.0,,3.0,4.0,3.0,3.0
2021,초6,,0.44129509675179995,4.0,4.0,,4.0,4.0,4.0,4.0
2021,초6,,0.44129509675179995,2.3333333333333335,1.0,,2.0,3.0,2.0,1.0
2021,초6,,0.44129509675179995,3.6666666666666665,4.0,,3.0,4.0,4.0,4.0
2021,초6,,0.44129509675179995,4.0,3.0,,4.0,4.0,4.0,3.0
2021,초6,,0.44129509675179995,2.3333333333333335,1.0,,3.0,3.0,1.0,1.0
2021,초6,,0.44129509675179995,4.0,4.0,,4.0,4.0,4.0,4.0
2021,초6,,0.44129509675179995,4.0,4.0,,4.0,4.0,4.0,4.0
2021,초6,,0.44129509675179995,2.6666666666666665,2.0,,3.0,3.0,2.0,2.0
2021,초6,,0.44129509675179995,4.0,4.0,,4.0,4.0,4.0,4.0
2021,초6,,0.44129509675179995,3.6666666666666665,4.0,,4.0,4.0,3.0,4.0
2021,초6,,0.44129509675179995,3.0,3.0,,3.0,3.0,3.0,3.0
2021,초4,,0.483599265999758,3.3333333333333335,3.0,,3.0,4.0,3.0,3.0
2021,초4,,0.483599265999758,3.6666666666666665,3.0,,4.0,4.0,3.0,3.0
2021,초4,,0.483599265999758,3.0,3.0,,3.0,3.0,3.0,3.0
2021,초4,,0.483599265999758,4.0,3.0,,4.0,4.0,4.0,3.0
2021,초4,,0.483599265999758,3.6666666666666665,3.0,,3.0,4.0,4.0,3.0
2021,초4,,0.483599265999758,3.0,3.0,,3.0,3.0,3.0,3.0
2021,초4,,0.483599265999758,3.3333333333333335,3.0,,3.0,4.0,3.0,3.0
2021,초4,,0.483599265999758,3.0,3.0,,3.0,3.0,3.0,3.0
2021,초4,,0.483599265999758,3.6666666666666665,3.0,,4.0,4.0,3.0,3.0
2021,초4,,0.483599265999758,3.6666666666666665,3.0,,4.0,4.0,3.0,3.0
2021,초4,,0.483599265999758,3.0,2.0,,3.0,3.0,3.0,2.0
2021,초4,,0.4631594285479255,3.6666666666666665,3.0,,4.0,4.0,3.0,3.0
2021,초4,,0.4631594285479255,4.0,4.0,,4.0,4.0,4.0,4.0
2021,초4,,0.4631594285479255,4.0,4.0,,4.0,4.0,4.0,4.0
2021,초4,,0.4631594285479255,3.0,3.0,,3.0,4.0,2.0,3.0
2021,초4,,0.4631594285479255,3.0,2.0,,2.0,4.0,3.0,2.0
2021,초4,,0.4631594285479255,3.0,3.0,,3.0,3.0,3.0,3.0
2021,초4,,0.4631594285479255,3.0,3.0,,3.0,3.0,3.0,3.0
2021,초4,,0.4631594285479255,3.6666666666666665,4.0,,4.0,3.0,4.0,4.0
2021,초4,,0.4631594285479255,4.0,4.0,,4.0,4.0,4.0,4.0
2021,초4,,0.4631594285479255,3.6666666666666665,4.0,,4.0,4.0,3.0,4.0
2021,초4,,0.4631594285479255,3.6666666666666665,3.0,,4.0,3.0,4.0,3.0
2021,초4,,0.4631594285479255,2.6666666666666665,2.0,,2.0,3.0,3.0,2.0
2021,초5,,0.8923992185185357,3.0,3.0,,3.0,3.0,3.0,3.0
2021,초5,,0.8923992185185357,3.0,2.0,,3.0,3.0,3.0,2.0
2021,초5,,0.8923992185185357,2.6666666666666665,1.0,,3.0,3.0,2.0,1.0
2021,초5,,0.8923992185185357,3.0,3.0,,3.0,3.0,3.0,3.0
2021,초5,,0.8923992185185357,2.6666666666666665,2.0,,3.0,2.0,3.0,2.0
2021,초5,,0.8923992185185357,3.6666666666666665,4.0,,4.0,4.0,3.0,4.0
2021,초5,,0.8923992185185357,3.6666666666666665,4.0,,3.0,4.0,4.0,4.0
2021,초5,,0.8923992185185357,3.3333333333333335,3.0,,3.0,4.0,3.0,3.0
2021,초5,,0.8923992185185357,3.0,2.0,,4.0,3.0,2.0,2.0
2021,초5,,0.8923992185185357,3.0,3.0,,3.0,3.0,3.0,3.0
2021,초5,,0.8923992185185357,3.0,3.0,,3.0,3.0,3.0,3.0
2021,초5,,0.8923992185185357,3.6666666666666665,4.0,,4.0,4.0,3.0,4.0
2021,초5,,0.8923992185185357,3.3333333333333335,4.0,,3.0,4.0,3.0,4.0
2021,초5,,0.981179355350784,3.3333333333333335,3.0,,3.0,4.0,3.0,3.0
2021,초5,,0.981179355350784,3.3333333333333335,4.0,,3.0,4.0,3.0,4.0
2021,초5,,0.981179355350784,4.0,4.0,,4.0,4.0,4.0,4.0
2021,초5,,0.981179355350784,4.0,4.0,,4.0,4.0,4.0,4.0
2021,초5,,0.981179355350784,4.0,4.0,,4.0,4.0,4.0,4.0
2021,초5,,0.981179355350784,3.0,3.0,,3.0,3.0,3.0,3.0
2021,초5,,0.981179355350784,3.6666666666666665,3.0,,4.0,4.0,3.0,3.0
2021,초5,,0.981179355350784,3.6666666666666665,3.0,,4.0,4.0,3.0,3.0
2021,초5,,0.981179355350784,3.3333333333333335,2.0,,4.0,4.0,2.0,2.0
2021,초5,,0.981179355350784,3.6666666666666665,3.0,,4.0,4.0,3.0,3.0
2021,초5,,0.981179355350784,3.6666666666666665,3.0,,4.0,3.0,4.0,3.0
2021,초5,,0.981179355350784,3.6666666666666665,4.0,,4.0,4.0,3.0,4.0
2021,초5,,0.981179355350784,1.0,1.0,,1.0,1.0,1.0,1.0
2021,초5,,1.1091592712661036,3.3333333333333335,3.0,,3.0,4.0,3.0,3.0
2021,초5,,1.1091592712661036,3.0,3.0,,3.0,3.0,3.0,3.0
2021,초5,,1.1091592712661036,3.6666666666666665,4.0,,4.0,4.0,3.0,4.0
2021,초5,,1.1091592712661036,3.0,4.0,,3.0,3.0,3.0,4.0
2021,초5,,1.1091592712661036,2.6666666666666665,3.0,,3.0,3.0,2.0,3.0
2021,초5,,1.1091592712661036,3.0,3.0,,4.0,4.0,1.0,3.0
2021,초5,,1.1091592712661036,4.0,4.0,,4.0,4.0,4.0,4.0
2021,초5,,1.1091592712661036,3.3333333333333335,4.0,,3.0,4.0,3.0,4.0
2021,초5,,1.0087991165861707,3.0,3.0,,3.0,3.0,3.0,3.0
2021,초5,,1.0087991165861707,3.3333333333333335,4.0,,3.0,4.0,3.0,4.0
2021,초5,,1.0087991165861707,3.3333333333333335,3.0,,3.0,4.0,3.0,3.0
2021,초5,,1.0087991165861707,3.0,4.0,,3.0,3.0,3.0,4.0
2021,초5,,1.0087991165861707,2.6666666666666665,2.0,,3.0,3.0,2.0,2.0
2021,초5,,1.0087991165861707,3.0,3.0,,3.0,3.0,3.0,3.0
2021,초5,,1.0087991165861707,3.3333333333333335,3.0,,3.0,4.0,3.0,3.0
2021,초5,,1.0087991165861707,3.3333333333333335,4.0,,3.0,3.0,4.0,4.0
2021,초5,,1.0087991165861707,3.3333333333333335,3.0,,3.0,4.0,3.0,3.0
2021,초5,,1.0087991165861707,4.0,3.0,,4.0,4.0,4.0,3.0
2021,초5,,1.0087991165861707,3.3333333333333335,3.0,,3.0,4.0,3.0,3.0
2021,초5,,1.0087991165861707,3.0,2.0,,3.0,4.0,2.0,2.0
2021,초5,,1.0087991165861707,4.0,3.0,,4.0,4.0,4.0,3.0
2021,초5,,1.0087991165861707,3.0,3.0,,3.0,3.0,3.0,3.0
2021,초5,,1.0087991165861707,4.0,4.0,,4.0,4.0,4.0,4.0
2021,초4,,1.3182245648462132,3.3333333333333335,3.0,,3.0,4.0,3.0,3.0
2021,초4,,1.3182245648462132,3.3333333333333335,2.0,,3.0,4.0,3.0,2.0
2021,초4,,1.3182245648462132,3.3333333333333335,4.0,,3.0,4.0,3.0,4.0
2021,초4,,1.3182245648462132,2.6666666666666665,2.0,,3.0,3.0,2.0,2.0
2021,초4,,1.3182245648462132,3.3333333333333335,3.0,,3.0,4.0,3.0,3.0
2021,초4,,1.3182245648462132,1.6666666666666667,1.0,,1.0,3.0,1.0,1.0
2021,초4,,1.3182245648462132,2.6666666666666665,1.0,,3.0,4.0,1.0,1.0
2021,초4,,1.3182245648462132,3.6666666666666665,4.0,,3.0,4.0,4.0,4.0
2021,초4,,1.3182245648462132,3.3333333333333335,1.0,,4.0,4.0,2.0,1.0
2021,초4,,1.3182245648462132,3.3333333333333335,3.0,,3.0,4.0,3.0,3.0
2021,초4,,1.3182245648462132,3.6666666666666665,3.0,,3.0,4.0,4.0,3.0
2021,초4,,1.2463887719193447,3.3333333333333335,3.0,,3.0,3.0,4.0,3.0
2021,초4,,1.2463887719193447,3.3333333333333335,2.0,,3.0,4.0,3.0,2.0
2021,초4,,1.2463887719193447,4.0,4.0,,4.0,4.0,4.0,4.0
2021,초4,,1.2463887719193447,3.3333333333333335,3.0,,3.0,4.0,3.0,3.0
2021,초4,,1.2463887719193447,4.0,4.0,,4.0,4.0,4.0,4.0
2021,초4,,1.2463887719193447,3.3333333333333335,4.0,,3.0,4.0,3.0,4.0
2021,초4,,1.2463887719193447,2.6666666666666665,4.0,,3.0,3.0,2.0,4.0
2021,초4,,1.2463887719193447,3.6666666666666665,4.0,,3.0,4.0,4.0,4.0
2021,초4,,1.2463887719193447,3.6666666666666665,4.0,,3.0,4.0,4.0,4.0
2021,초5,,0.9448393792266809,4.0,4.0,,4.0,4.0,4.0,4.0
2021,초5,,0.9448393792266809,4.0,4.0,,4.0,4.0,4.0,4.0
2021,초5,,0.9448393792266809,3.3333333333333335,3.0,,3.0,3.0,4.0,3.0
2021,초5,,0.9448393792266809,4.0,4.0,,4.0,4.0,4.0,4.0
2021,초5,,0.9448393792266809,3.0,2.0,,2.0,4.0,3.0,2.0
2021,초5,,0.9448393792266809,3.6666666666666665,4.0,,3.0,4.0,4.0,4.0
2021,초5,,0.9448393792266809,3.3333333333333335,3.0,,4.0,3.0,3.0,3.0
2021,초5,,0.9448393792266809,3.3333333333333335,3.0,,3.0,4.0,3.0,3.0
2021,초5,,0.9448393792266809,3.6666666666666665,3.0,,3.0,4.0,4.0,3.0
2021,초5,,0.9448393792266809,3.3333333333333335,4.0,,3.0,4.0,3.0,4.0
2021,초5,,0.9448393792266809,4.0,3.0,,4.0,4.0,4.0,3.0
2021,초5,,0.9448393792266809,4.0,4.0,,4.0,4.0,4.0,4.0
2021,초5,,0.8593473956104417,3.6666666666666665,3.0,,3.0,4.0,4.0,3.0
2021,초5,,0.8593473956104417,3.0,3.0,,3.0,3.0,3.0,3.0
2021,초5,,0.8593473956104417,3.0,4.0,,3.0,3.0,3.0,4.0
2021,초5,,0.8593473956104417,3.6666666666666665,4.0,,4.0,4.0,3.0,4.0
2021,초5,,0.8593473956104417,3.6666666666666665,3.0,,4.0,4.0,3.0,3.0
2021,초5,,0.8593473956104417,2.6666666666666665,3.0,,3.0,1.0,4.0,3.0
2021,초5,,0.8593473956104417,3.3333333333333335,3.0,,3.0,4.0,3.0,3.0
2021,초5,,0.8593473956104417,2.6666666666666665,3.0,,3.0,2.0,3.0,3.0
2021,초5,,0.8593473956104417,3.3333333333333335,3.0,,3.0,4.0,3.0,3.0
2021,초5,,0.8593473956104417,3.0,2.0,,4.0,3.0,2.0,2.0
2021,초5,,0.8593473956104417,4.0,4.0,,4.0,4.0,4.0,4.0
2021,초5,,0.8593473956104417,3.0,3.0,,3.0,3.0,3.0,3.0
2021,초5,,0.8593473956104417,3.0,2.0,,3.0,3.0,3.0,2.0
2021,초5,,0.8593473956104417,3.6666666666666665,3.0,,4.0,4.0,3.0,3.0
2021,초5,,0.8593473956104417,3.3333333333333335,3.0,,3.0,4.0,3.0,3.0
2021,초6,,1.1715046534326659,1.6666666666666667,4.0,,1.0,3.0,1.0,4.0
2021,초6,,1.1715046534326659,3.3333333333333335,3.0,,4.0,3.0,3.0,3.0
2021,초6,,1.1715046534326659,3.6666666666666665,3.0,,4.0,4.0,3.0,3.0
2021,초6,,1.1715046534326659,3.3333333333333335,3.0,,3.0,4.0,3.0,3.0
2021,초6,,1.1715046534326659,2.6666666666666665,3.0,,2.0,3.0,3.0,3.0
2021,초6,,1.1715046534326659,3.0,3.0,,3.0,4.0,2.0,3.0
2021,초6,,1.1715046534326659,3.3333333333333335,4.0,,3.0,4.0,3.0,4.0
2021,초6,,1.1715046534326659,2.6666666666666665,1.0,,3.0,3.0,2.0,1.0
2021,초6,,1.1715046534326659,3.3333333333333335,4.0,,3.0,4.0,3.0,4.0
2021,초6,,1.1715046534326659,3.0,3.0,,4.0,2.0,3.0,3.0
2021,초6,,1.1715046534326659,3.0,3.0,,3.0,3.0,3.0,3.0
2021,초6,,1.1715046534326659,2.3333333333333335,1.0,,3.0,3.0,1.0,1.0
2021,초6,,1.1715046534326659,3.3333333333333335,3.0,,3.0,4.0,3.0,3.0
2021,초6,,1.0375677734130921,2.6666666666666665,2.0,,3.0,3.0,2.0,2.0
2021,초6,,1.0375677734130921,4.0,4.0,,4.0,4.0,4.0,4.0
2021,초6,,1.0375677734130921,3.6666666666666665,3.0,,4.0,4.0,3.0,3.0
2021,초6,,1.0375677734130921,2.6666666666666665,2.0,,3.0,3.0,2.0,2.0
2021,초6,,1.0375677734130921,3.0,3.0,,3.0,3.0,3.0,3.0
2021,초6,,1.0375677734130921,3.0,2.0,,3.0,3.0,3.0,2.0
2021,초6,,1.0375677734130921,2.6666666666666665,3.0,,3.0,3.0,2.0,3.0
2021,초6,,1.0375677734130921,3.0,3.0,,3.0,3.0,3.0,3.0
2021,초6,,1.0375677734130921,2.6666666666666665,3.0,,3.0,3.0,2.0,3.0
2021,초6,,1.0375677734130921,3.3333333333333335,1.0,,3.0,4.0,3.0,1.0
2021,초6,,1.0375677734130921,3.6666666666666665,4.0,,4.0,4.0,3.0,4.0
2021,초6,,1.0375677734130921,3.0,2.0,,3.0,3.0,3.0,2.0
2021,초6,,1.0375677734130921,2.6666666666666665,2.0,,3.0,3.0,2.0,2.0
2021,초6,,1.0375677734130921,3.0,2.0,,3.0,4.0,2.0,2.0
2021,초6,,1.0375677734130921,2.0,2.0,,3.0,2.0,1.0,2.0
2021,초5,,1.0204265295648154,2.3333333333333335,1.0,,2.0,4.0,1.0,1.0
2021,초5,,1.0204265295648154,3.3333333333333335,4.0,,4.0,4.0,2.0,4.0
2021,초5,,1.0204265295648154,3.6666666666666665,3.0,,4.0,4.0,3.0,3.0
2021,초5,,1.0204265295648154,3.3333333333333335,2.0,,3.0,4.0,3.0,2.0
2021,초5,,1.0204265295648154,3.3333333333333335,1.0,,4.0,4.0,2.0,1.0
2021,초5,,1.0204265295648154,3.0,3.0,,3.0,3.0,3.0,3.0
2021,초5,,1.0204265295648154,3.6666666666666665,4.0,,3.0,4.0,4.0,4.0
2021,초5,,1.0204265295648154,3.6666666666666665,3.0,,4.0,4.0,3.0,3.0
2021,초5,,1.0204265295648154,2.3333333333333335,1.0,,1.0,4.0,2.0,1.0
2021,초5,,1.0204265295648154,2.6666666666666665,3.0,,3.0,4.0,1.0,3.0
2021,초5,,0.9280951872592771,3.3333333333333335,3.0,,3.0,4.0,3.0,3.0
2021,초5,,0.9280951872592771,3.3333333333333335,4.0,,3.0,4.0,3.0,4.0
2021,초5,,0.9280951872592771,4.0,4.0,,4.0,4.0,4.0,4.0
2021,초5,,0.9280951872592771,3.3333333333333335,3.0,,3.0,4.0,3.0,3.0
2021,초5,,0.9280951872592771,3.3333333333333335,3.0,,3.0,4.0,3.0,3.0
2021,초5,,0.9280951872592771,3.6666666666666665,4.0,,4.0,4.0,3.0,4.0
2021,초5,,0.9280951872592771,3.6666666666666665,4.0,,3.0,4.0,4.0,4.0
2021,초5,,0.9280951872592771,3.6666666666666665,3.0,,4.0,4.0,3.0,3.0
2021,초5,,0.9280951872592771,3.3333333333333335,3.0,,3.0,4.0,3.0,3.0
2021,초5,,0.9280951872592771,3.3333333333333335,2.0,,3.0,4.0,3.0,2.0
2021,초5,,0.9280951872592771,2.3333333333333335,2.0,,2.0,3.0,2.0,2.0
2021,초5,,0.9280951872592771,3.6666666666666665,4.0,,4.0,4.0,3.0,4.0
2021,초5,,0.9280951872592771,3.3333333333333335,4.0,,3.0,4.0,3.0,4.0
2021,초5,,0.9280951872592771,3.0,4.0,,2.0,4.0,3.0,4.0
2021,초5,,0.9280951872592771,3.3333333333333335,2.0,,3.0,4.0,3.0,2.0
2021,초4,,0.8902776942281035,3.3333333333333335,3.0,,3.0,4.0,3.0,3.0
2021,초4,,0.8902776942281035,3.0,3.0,,3.0,3.0,3.0,3.0
2021,초4,,0.8902776942281035,4.0,4.0,,4.0,4.0,4.0,4.0
2021,초4,,0.8902776942281035,4.0,4.0,,4.0,4.0,4.0,4.0
2021,초4,,0.8902776942281035,3.3333333333333335,3.0,,3.0,4.0,3.0,3.0
2021,초4,,0.8902776942281035,3.3333333333333335,3.0,,3.0,4.0,3.0,3.0
2021,초4,,0.8902776942281035,4.0,4.0,,4.0,4.0,4.0,4.0
2021,초4,,0.8902776942281035,4.0,4.0,,4.0,4.0,4.0,4.0
2021,초4,,0.8902776942281035,3.0,2.0,,3.0,4.0,2.0,2.0
2021,초4,,0.8902776942281035,3.6666666666666665,3.0,,4.0,4.0,3.0,3.0
2021,초4,,0.8902776942281035,3.3333333333333335,4.0,,3.0,4.0,3.0,4.0
2021,초4,,0.8902776942281035,3.6666666666666665,3.0,,4.0,4.0,3.0,3.0
2021,초4,,0.8902776942281035,4.0,4.0,,4.0,4.0,4.0,4.0
2021,초4,,0.8902776942281035,3.6666666666666665,4.0,,4.0,4.0,3.0,4.0
2021,초4,,0.9415889748901523,3.0,3.0,,3.0,3.0,3.0,3.0
2021,초4,,0.9415889748901523,3.3333333333333335,3.0,,4.0,4.0,2.0,3.0
2021,초4,,0.9415889748901523,3.6666666666666665,4.0,,3.0,4.0,4.0,4.0
2021,초4,,0.9415889748901523,4.0,4.0,,4.0,4.0,4.0,4.0
2021,초4,,0.9415889748901523,4.0,4.0,,4.0,4.0,4.0,4.0
2021,초4,,0.9415889748901523,3.6666666666666665,3.0,,4.0,4.0,3.0,3.0
2021,초4,,0.9415889748901523,3.0,2.0,,3.0,3.0,3.0,2.0
2021,초4,,0.9415889748901523,3.6666666666666665,4.0,,3.0,4.0,4.0,4.0
2021,초4,,0.9415889748901523,2.6666666666666665,3.0,,3.0,3.0,2.0,3.0
2021,초4,,0.9415889748901523,3.3333333333333335,3.0,,3.0,3.0,4.0,3.0
2021,초4,,0.9415889748901523,1.6666666666666667,1.0,,2.0,2.0,1.0,1.0
2021,초4,,0.9415889748901523,3.3333333333333335,3.0,,3.0,4.0,3.0,3.0
2021,초4,,0.9415889748901523,3.3333333333333335,3.0,,3.0,4.0,3.0,3.0
2021,초4,,0.9415889748901523,4.0,3.0,,4.0,4.0,4.0,3.0
2021,초6,,1.1173806790602532,4.0,4.0,,4.0,4.0,4.0,4.0
2021,초6,,1.1173806790602532,4.0,4.0,,4.0,4.0,4.0,4.0
2021,초6,,1.1173806790602532,3.0,2.0,,2.0,4.0,3.0,2.0
2021,초6,,1.1173806790602532,4.0,4.0,,4.0,4.0,4.0,4.0
2021,초6,,1.1173806790602532,3.3333333333333335,4.0,,3.0,4.0,3.0,4.0
2021,초6,,1.1173806790602532,4.0,3.0,,4.0,4.0,4.0,3.0
2021,초6,,1.1173806790602532,3.0,3.0,,3.0,3.0,3.0,3.0
2021,초6,,1.1173806790602532,2.6666666666666665,2.0,,3.0,3.0,2.0,2.0
2021,초6,,1.1173806790602532,3.6666666666666665,4.0,,3.0,4.0,4.0,4.0
2021,초6,,1.1173806790602532,4.0,4.0,,4.0,4.0,4.0,4.0
2021,초6,,1.1173806790602532,4.0,4.0,,4.0,4.0,4.0,4.0
2021,초6,,1.1173806790602532,3.6666666666666665,3.0,,4.0,4.0,3.0,3.0
2021,초6,,1.1173806790602532,2.3333333333333335,2.0,,2.0,3.0,2.0,2.0
2021,초6,,1.1173806790602532,3.0,3.0,,3.0,3.0,3.0,3.0
2021,초6,,1.1173806790602532,3.6666666666666665,3.0,,3.0,4.0,4.0,3.0
2021,초6,,1.2616203960044092,3.0,3.0,,3.0,3.0,3.0,3.0
2021,초6,,1.2616203960044092,4.0,4.0,,4.0,4.0,4.0,4.0
2021,초6,,1.2616203960044092,3.6666666666666665,4.0,,4.0,4.0,3.0,4.0
2021,초6,,1.2616203960044092,4.0,4.0,,4.0,4.0,4.0,4.0
2021,초6,,1.2616203960044092,2.6666666666666665,2.0,,3.0,3.0,2.0,2.0
2021,초6,,1.2616203960044092,3.3333333333333335,3.0,,3.0,4.0,3.0,3.0
2021,초6,,1.2616203960044092,2.3333333333333335,2.0,,2.0,3.0,2.0,2.0
2021,초6,,1.2616203960044092,3.6666666666666665,4.0,,3.0,4.0,4.0,4.0
2021,초6,,1.2616203960044092,3.6666666666666665,4.0,,3.0,4.0,4.0,4.0
2021,초6,,1.2616203960044092,3.6666666666666665,4.0,,3.0,4.0,4.0,4.0
2021,초6,,1.2616203960044092,4.0,4.0,,4.0,4.0,4.0,4.0
2021,초5,,0.9280951872592771,2.6666666666666665,1.0,,3.0,4.0,1.0,1.0
2021,초5,,0.9280951872592771,4.0,4.0,,4.0,4.0,4.0,4.0
2021,초5,,0.9280951872592771,3.6666666666666665,2.0,,4.0,4.0,3.0,2.0
2021,초5,,0.9280951872592771,3.3333333333333335,3.0,,3.0,4.0,3.0,3.0
2021,초5,,0.9280951872592771,3.0,3.0,,3.0,3.0,3.0,3.0
2021,초5,,0.9280951872592771,2.6666666666666665,1.0,,3.0,3.0,2.0,1.0
2021,초5,,0.9280951872592771,3.3333333333333335,3.0,,3.0,4.0,3.0,3.0
2021,초5,,0.9280951872592771,4.0,3.0,,4.0,4.0,4.0,3.0
2021,초5,,0.9280951872592771,4.0,4.0,,4.0,4.0,4.0,4.0
2021,초5,,0.9280951872592771,3.6666666666666665,3.0,,4.0,4.0,3.0,3.0
2021,초5,,0.9280951872592771,3.6666666666666665,4.0,,4.0,4.0,3.0,4.0
2021,초5,,0.9280951872592771,4.0,4.0,,4.0,4.0,4.0,4.0
2021,초5,,0.9280951872592771,3.6666666666666665,3.0,,4.0,4.0,3.0,3.0
2021,초5,,0.9280951872592771,4.0,3.0,,4.0,4.0,4.0,3.0
2021,초5,,1.0204265295648154,3.3333333333333335,4.0,,3.0,4.0,3.0,4.0
2021,초5,,1.0204265295648154,2.6666666666666665,2.0,,2.0,4.0,2.0,2.0
2021,초5,,1.0204265295648154,3.3333333333333335,3.0,,3.0,4.0,3.0,3.0
2021,초5,,1.0204265295648154,3.0,4.0,,1.0,4.0,4.0,4.0
2021,초5,,1.0204265295648154,3.6666666666666665,3.0,,3.0,4.0,4.0,3.0
2021,초5,,1.0204265295648154,3.3333333333333335,3.0,,4.0,4.0,2.0,3.0
2021,초5,,1.0204265295648154,4.0,4.0,,4.0,4.0,4.0,4.0
2021,초5,,1.0204265295648154,3.3333333333333335,3.0,,4.0,3.0,3.0,3.0
2021,초5,,1.0204265295648154,3.3333333333333335,3.0,,3.0,4.0,3.0,3.0
2021,초5,,1.0204265295648154,3.3333333333333335,3.0,,3.0,4.0,3.0,3.0
2021,초5,,1.0204265295648154,4.0,4.0,,4.0,4.0,4.0,4.0
2021,초5,,0.8923992185185357,4.0,4.0,,4.0,4.0,4.0,4.0
2021,초5,,0.8923992185185357,3.6666666666666665,3.0,,4.0,4.0,3.0,3.0
2021,초5,,0.8923992185185357,3.3333333333333335,4.0,,2.0,4.0,4.0,4.0
2021,초5,,0.8923992185185357,3.6666666666666665,4.0,,4.0,4.0,3.0,4.0
2021,초5,,0.8923992185185357,4.0,4.0,,4.0,4.0,4.0,4.0
2021,초5,,0.8923992185185357,3.6666666666666665,3.0,,4.0,4.0,3.0,3.0
2021,초5,,0.8923992185185357,3.0,3.0,,3.0,3.0,3.0,3.0
2021,초5,,0.8923992185185357,3.6666666666666665,3.0,,3.0,4.0,4.0,3.0
2021,초5,,0.8923992185185357,2.6666666666666665,2.0,,3.0,3.0,2.0,2.0
2021,초5,,0.8923992185185357,3.3333333333333335,3.0,,3.0,4.0,3.0,3.0
2021,초5,,0.8923992185185357,3.3333333333333335,3.0,,3.0,4.0,3.0,3.0
2021,초5,,0.8923992185185357,3.6666666666666665,2.0,,4.0,4.0,3.0,2.0
2021,초5,,0.981179355350784,4.0,4.0,,4.0,4.0,4.0,4.0
2021,초5,,0.981179355350784,4.0,4.0,,4.0,4.0,4.0,4.0
2021,초5,,0.981179355350784,3.0,3.0,,3.0,3.0,3.0,3.0
2021,초5,,0.981179355350784,3.3333333333333335,3.0,,3.0,4.0,3.0,3.0
2021,초5,,0.981179355350784,3.0,4.0,,3.0,4.0,2.0,4.0
2021,초5,,0.981179355350784,3.3333333333333335,3.0,,3.0,4.0,3.0,3.0
2021,초5,,0.981179355350784,3.0,3.0,,3.0,3.0,3.0,3.0
2021,초5,,0.981179355350784,3.6666666666666665,3.0,,3.0,4.0,4.0,3.0
2021,초5,,0.981179355350784,3.6666666666666665,3.0,,4.0,4.0,3.0,3.0
2021,초5,,0.981179355350784,3.3333333333333335,4.0,,3.0,4.0,3.0,4.0
2021,초5,,0.981179355350784,3.3333333333333335,3.0,,3.0,4.0,3.0,3.0
2021,초5,,0.981179355350784,3.0,3.0,,3.0,3.0,3.0,3.0
2021,초5,,0.981179355350784,4.0,4.0,,4.0,4.0,4.0,4.0
2021,초5,,0.981179355350784,4.0,3.0,,4.0,4.0,4.0,3.0
2021,초6,,1.3667554290047768,3.3333333333333335,3.0,,3.0,4.0,3.0,3.0
2021,초6,,1.3667554290047768,3.3333333333333335,3.0,,3.0,4.0,3.0,3.0
2021,초6,,1.3667554290047768,4.0,4.0,,4.0,4.0,4.0,4.0
2021,초6,,1.3667554290047768,2.3333333333333335,2.0,,2.0,3.0,2.0,2.0
2021,초6,,1.3667554290047768,4.0,4.0,,4.0,4.0,4.0,4.0
2021,초6,,1.3667554290047768,2.6666666666666665,3.0,,2.0,4.0,2.0,3.0
2021,초6,,1.3667554290047768,3.3333333333333335,4.0,,3.0,4.0,3.0,4.0
2021,초6,,1.3667554290047768,3.3333333333333335,3.0,,3.0,4.0,3.0,3.0
2021,초6,,1.3667554290047768,3.3333333333333335,4.0,,2.0,4.0,4.0,4.0
2021,초6,,1.3667554290047768,3.0,3.0,,3.0,3.0,3.0,3.0
2021,초6,,1.3667554290047768,2.3333333333333335,2.0,,2.0,3.0,2.0,2.0
2021,초6,,1.3667554290047768,4.0,4.0,,4.0,4.0,4.0,4.0
2021,초6,,1.2104957356486077,2.6666666666666665,2.0,,2.0,4.0,2.0,2.0
2021,초6,,1.2104957356486077,3.6666666666666665,3.0,,4.0,4.0,3.0,3.0
2021,초6,,1.2104957356486077,4.0,4.0,,4.0,4.0,4.0,4.0
2021,초6,,1.2104957356486077,4.0,4.0,,4.0,4.0,4.0,4.0
2021,초6,,1.2104957356486077,3.3333333333333335,3.0,,3.0,4.0,3.0,3.0
2021,초6,,1.2104957356486077,3.6666666666666665,3.0,,4.0,4.0,3.0,3.0
2021,초6,,1.2104957356486077,4.0,4.0,,4.0,4.0,4.0,4.0
2021,초6,,1.2104957356486077,2.3333333333333335,4.0,,2.0,2.0,3.0,4.0
2021,초6,,1.2104957356486077,2.6666666666666665,4.0,,3.0,3.0,2.0,4.0
2021,초6,,1.2104957356486077,3.0,2.0,,3.0,4.0,2.0,2.0
2021,초6,,1.2104957356486077,4.0,4.0,,4.0,4.0,4.0,4.0
2021,초6,,1.2104957356486077,2.3333333333333335,1.0,,2.0,3.0,2.0,1.0
2021,초6,,1.2616203960044092,3.0,1.0,,4.0,4.0,1.0,1.0
2021,초6,,1.2616203960044092,3.6666666666666665,4.0,,3.0,4.0,4.0,4.0
2021,초6,,1.2616203960044092,3.3333333333333335,4.0,,3.0,3.0,4.0,4.0
2021,초6,,1.2616203960044092,3.0,3.0,,4.0,3.0,2.0,3.0
2021,초6,,1.2616203960044092,3.6666666666666665,4.0,,3.0,4.0,4.0,4.0
2021,초6,,1.2616203960044092,3.6666666666666665,3.0,,4.0,4.0,3.0,3.0
2021,초6,,1.2616203960044092,3.0,3.0,,3.0,3.0,3.0,3.0
2021,초6,,1.2616203960044092,3.6666666666666665,4.0,,3.0,4.0,4.0,4.0
2021,초6,,1.2616203960044092,3.3333333333333335,3.0,,3.0,4.0,3.0,3.0
2021,초6,,1.1173806790602532,3.0,3.0,,3.0,3.0,3.0,3.0
2021,초6,,1.1173806790602532,4.0,4.0,,4.0,4.0,4.0,4.0
2021,초6,,1.1173806790602532,3.3333333333333335,3.0,,3.0,4.0,3.0,3.0
2021,초6,,1.1173806790602532,2.6666666666666665,2.0,,3.0,3.0,2.0,2.0
2021,초6,,1.1173806790602532,2.6666666666666665,3.0,,3.0,4.0,1.0,3.0
2021,초6,,1.1173806790602532,3.6666666666666665,4.0,,3.0,4.0,4.0,4.0
2021,초6,,1.1173806790602532,3.6666666666666665,4.0,,4.0,4.0,3.0,4.0
2021,초6,,1.1173806790602532,3.3333333333333335,3.0,,3.0,4.0,3.0,3.0
2021,초6,,1.1173806790602532,4.0,4.0,,4.0,4.0,4.0,4.0
2021,초6,,1.1173806790602532,3.3333333333333335,4.0,,3.0,4.0,3.0,4.0
2021,초6,,1.1173806790602532,3.3333333333333335,3.0,,3.0,4.0,3.0,3.0
2021,초6,,1.1173806790602532,4.0,4.0,,4.0,4.0,4.0,4.0
2021,초6,,1.1173806790602532,4.0,4.0,,4.0,4.0,4.0,4.0
2021,초6,,1.1173806790602532,3.3333333333333335,3.0,,3.0,4.0,3.0,3.0
2021,초6,,1.1173806790602532,2.6666666666666665,3.0,,3.0,3.0,2.0,3.0
2021,초6,,1.162075906222663,3.0,2.0,,3.0,4.0,2.0,2.0
2021,초6,,1.162075906222663,3.6666666666666665,3.0,,4.0,4.0,3.0,3.0
2021,초6,,1.162075906222663,2.0,1.0,,2.0,3.0,1.0,1.0
2021,초6,,1.162075906222663,3.3333333333333335,3.0,,3.0,4.0,3.0,3.0
2021,초6,,1.162075906222663,1.6666666666666667,1.0,,2.0,2.0,1.0,1.0
2021,초6,,1.162075906222663,3.6666666666666665,3.0,,4.0,4.0,3.0,3.0
2021,초6,,1.162075906222663,3.0,3.0,,3.0,3.0,3.0,3.0
2021,초6,,1.162075906222663,3.0,3.0,,3.0,3.0,3.0,3.0
2021,초6,,1.162075906222663,3.0,2.0,,3.0,4.0,2.0,2.0
2021,초6,,1.162075906222663,3.3333333333333335,2.0,,4.0,4.0,2.0,2.0
2021,초6,,1.162075906222663,3.0,1.0,,3.0,4.0,2.0,1.0
2021,초6,,1.162075906222663,3.0,1.0,,2.0,4.0,3.0,1.0
2021,초6,,1.3120852118445856,2.3333333333333335,3.0,,2.0,3.0,2.0,3.0
2021,초6,,1.3120852118445856,3.6666666666666665,3.0,,4.0,4.0,3.0,3.0
2021,초6,,1.3120852118445856,1.6666666666666667,1.0,,2.0,2.0,1.0,1.0
2021,초6,,1.3120852118445856,2.0,1.0,,2.0,3.0,1.0,1.0
2021,초6,,1.3120852118445856,3.0,3.0,,3.0,3.0,3.0,3.0
2021,초6,,1.3120852118445856,2.6666666666666665,1.0,,3.0,3.0,2.0,1.0
2021,초6,,1.3120852118445856,3.3333333333333335,3.0,,4.0,4.0,2.0,3.0
2021,초6,,1.3120852118445856,2.6666666666666665,2.0,,3.0,3.0,2.0,2.0
2021,초6,,1.3120852118445856,2.6666666666666665,3.0,,3.0,1.0,4.0,3.0
2021,초6,,1.3120852118445856,3.6666666666666665,3.0,,4.0,4.0,3.0,3.0
2021,초6,,1.3120852118445856,3.0,3.0,,3.0,3.0,3.0,3.0
2021,초6,,1.3120852118445856,4.0,2.0,,4.0,4.0,4.0,2.0
2021,초6,,1.3120852118445856,3.0,3.0,,3.0,3.0,3.0,3.0
2021,초4,,0.9587605937841115,1.3333333333333333,3.0,,1.0,2.0,1.0,3.0
2021,초4,,0.9587605937841115,2.6666666666666665,4.0,,3.0,3.0,2.0,4.0
2021,초4,,0.9587605937841115,3.6666666666666665,3.0,,4.0,4.0,3.0,3.0
2021,초4,,0.9587605937841115,4.0,4.0,,4.0,4.0,4.0,4.0
2021,초4,,0.9587605937841115,3.6666666666666665,4.0,,3.0,4.0,4.0,4.0
2021,초4,,0.9587605937841115,3.6666666666666665,3.0,,4.0,4.0,3.0,3.0
2021,초4,,0.9587605937841115,3.6666666666666665,3.0,,3.0,4.0,4.0,3.0
2021,초4,,0.9587605937841115,3.3333333333333335,4.0,,3.0,4.0,3.0,4.0
2021,초4,,0.9587605937841115,3.3333333333333335,2.0,,3.0,4.0,3.0,2.0
2021,초4,,0.9587605937841115,3.3333333333333335,4.0,,3.0,3.0,4.0,4.0
2021,초4,,0.9587605937841115,3.6666666666666665,4.0,,3.0,4.0,4.0,4.0
2021,초4,,1.0140188960355485,3.3333333333333335,3.0,,3.0,3.0,4.0,3.0
2021,초4,,1.0140188960355485,3.6666666666666665,4.0,,3.0,4.0,4.0,4.0
2021,초4,,1.0140188960355485,3.0,3.0,,3.0,3.0,3.0,3.0
2021,초4,,1.0140188960355485,3.6666666666666665,4.0,,3.0,4.0,4.0,4.0
2021,초4,,1.0140188960355485,3.6666666666666665,3.0,,4.0,4.0,3.0,3.0
2021,초4,,1.0140188960355485,3.3333333333333335,4.0,,3.0,3.0,4.0,4.0
2021,초4,,1.0140188960355485,3.6666666666666665,4.0,,3.0,4.0,4.0,4.0
2021,초4,,1.0140188960355485,3.3333333333333335,4.0,,3.0,4.0,3.0,4.0
2021,초4,,1.0140188960355485,3.0,2.0,,3.0,4.0,2.0,2.0
2021,초4,,1.0140188960355485,3.6666666666666665,4.0,,3.0,4.0,4.0,4.0
2021,초4,,1.0140188960355485,2.6666666666666665,2.0,,3.0,4.0,1.0,2.0
2021,초4,,1.0140188960355485,3.6666666666666665,3.0,,4.0,4.0,3.0,3.0
2021,초4,,1.0140188960355485,3.3333333333333335,4.0,,3.0,4.0,3.0,4.0
2021,초4,,1.0140188960355485,2.0,1.0,,2.0,3.0,1.0,1.0
2021,초4,,1.0985204707051777,2.3333333333333335,4.0,,2.0,3.0,2.0,4.0
2021,초4,,1.0985204707051777,2.3333333333333335,3.0,,1.0,3.0,3.0,3.0
2021,초4,,1.0985204707051777,3.0,3.0,,3.0,3.0,3.0,3.0
2021,초4,,1.0985204707051777,3.6666666666666665,4.0,,3.0,4.0,4.0,4.0
2021,초4,,1.0985204707051777,3.6666666666666665,4.0,,3.0,4.0,4.0,4.0
2021,초4,,1.0985204707051777,3.0,3.0,,2.0,4.0,3.0,3.0
2021,초4,,1.0985204707051777,4.0,4.0,,4.0,4.0,4.0,4.0
2021,초4,,1.0985204707051777,3.3333333333333335,1.0,,3.0,4.0,3.0,1.0
2021,초4,,1.0386573099327874,3.0,2.0,,3.0,4.0,2.0,2.0
2021,초4,,1.0386573099327874,3.6666666666666665,4.0,,3.0,4.0,4.0,4.0
2021,초4,,1.0386573099327874,2.6666666666666665,1.0,,2.0,4.0,2.0,1.0
2021,초4,,1.0386573099327874,3.0,3.0,,3.0,3.0,3.0,3.0
2021,초4,,1.0386573099327874,3.6666666666666665,4.0,,3.0,4.0,4.0,4.0
2021,초4,,1.0386573099327874,4.0,4.0,,4.0,4.0,4.0,4.0
2021,초4,,1.0386573099327874,3.3333333333333335,4.0,,3.0,3.0,4.0,4.0
2021,초4,,1.0386573099327874,2.6666666666666665,2.0,,3.0,3.0,2.0,2.0
2021,초4,,1.0386573099327874,2.3333333333333335,4.0,,3.0,1.0,3.0,4.0
2021,초4,,1.0386573099327874,3.0,3.0,,3.0,3.0,3.0,3.0
2021,초4,,1.0386573099327874,3.6666666666666665,4.0,,4.0,4.0,3.0,4.0
2021,초4,,1.0386573099327874,3.3333333333333335,4.0,,3.0,4.0,3.0,4.0
2021,초4,,1.0386573099327874,3.0,3.0,,3.0,3.0,3.0,3.0
2021,초4,,1.0386573099327874,3.6666666666666665,3.0,,3.0,4.0,4.0,3.0
2021,초4,,1.0386573099327874,4.0,4.0,,4.0,4.0,4.0,4.0
2021,초4,,1.0386573099327874,3.6666666666666665,4.0,,3.0,4.0,4.0,4.0
2021,초4,,1.146282230301055,2.3333333333333335,1.0,,3.0,3.0,1.0,1.0
2021,초4,,1.146282230301055,4.0,4.0,,4.0,4.0,4.0,4.0
2021,초4,,1.146282230301055,3.6666666666666665,3.0,,4.0,4.0,3.0,3.0
2021,초4,,1.146282230301055,2.6666666666666665,1.0,,3.0,3.0,2.0,1.0
2021,초4,,1.146282230301055,3.0,3.0,,3.0,3.0,3.0,3.0
2021,초4,,1.146282230301055,2.0,1.0,,3.0,2.0,1.0,1.0
2021,초4,,1.146282230301055,3.6666666666666665,4.0,,4.0,3.0,4.0,4.0
2021,초4,,1.146282230301055,3.0,4.0,,3.0,3.0,3.0,4.0
2021,초4,,1.146282230301055,2.6666666666666665,2.0,,3.0,3.0,2.0,2.0
2021,초4,,1.146282230301055,3.6666666666666665,4.0,,3.0,4.0,4.0,4.0
2021,초4,,1.146282230301055,3.6666666666666665,3.0,,4.0,4.0,3.0,3.0
2021,초4,,1.146282230301055,3.0,3.0,,3.0,3.0,3.0,3.0
2021,초4,,1.146282230301055,3.6666666666666665,4.0,,3.0,4.0,4.0,4.0
2021,초4,,1.083816323408126,3.6666666666666665,3.0,,4.0,4.0,3.0,3.0
2021,초4,,1.083816323408126,2.6666666666666665,1.0,,3.0,3.0,2.0,1.0
2021,초4,,1.083816323408126,3.6666666666666665,4.0,,4.0,4.0,3.0,4.0
2021,초4,,1.083816323408126,3.3333333333333335,3.0,,3.0,4.0,3.0,3.0
2021,초4,,1.083816323408126,3.6666666666666665,4.0,,3.0,4.0,4.0,4.0
2021,초4,,1.083816323408126,3.6666666666666665,3.0,,4.0,4.0,3.0,3.0
2021,초4,,1.083816323408126,3.3333333333333335,3.0,,3.0,4.0,3.0,3.0
2021,초4,,1.083816323408126,3.3333333333333335,4.0,,3.0,4.0,3.0,4.0
2021,초4,,1.083816323408126,3.3333333333333335,3.0,,3.0,4.0,3.0,3.0
2021,초4,,1.083816323408126,3.6666666666666665,4.0,,3.0,4.0,4.0,4.0
2021,초5,,1.0087991165861707,2.3333333333333335,1.0,,4.0,2.0,1.0,1.0
2021,초5,,1.0087991165861707,3.3333333333333335,2.0,,3.0,4.0,3.0,2.0
2021,초5,,1.0087991165861707,3.3333333333333335,3.0,,3.0,4.0,3.0,3.0
2021,초5,,1.0087991165861707,3.6666666666666665,3.0,,4.0,4.0,3.0,3.0
2021,초5,,1.0087991165861707,2.6666666666666665,1.0,,3.0,3.0,2.0,1.0
2021,초5,,1.0087991165861707,3.3333333333333335,2.0,,3.0,4.0,3.0,2.0
2021,초5,,1.0087991165861707,3.3333333333333335,3.0,,3.0,4.0,3.0,3.0
2021,초5,,1.0087991165861707,3.6666666666666665,3.0,,3.0,4.0,4.0,3.0
2021,초5,,1.0087991165861707,3.0,2.0,,3.0,3.0,3.0,2.0
2021,초5,,1.0087991165861707,3.3333333333333335,4.0,,3.0,4.0,3.0,4.0
2021,초5,,1.1091592712661036,3.6666666666666665,3.0,,4.0,4.0,3.0,3.0
2021,초5,,1.1091592712661036,3.3333333333333335,3.0,,3.0,4.0,3.0,3.0
2021,초5,,1.1091592712661036,2.6666666666666665,2.0,,3.0,4.0,1.0,2.0
2021,초5,,1.1091592712661036,3.6666666666666665,3.0,,3.0,4.0,4.0,3.0
2021,초5,,1.1091592712661036,3.6666666666666665,3.0,,4.0,4.0,3.0,3.0
2021,초5,,1.1091592712661036,4.0,4.0,,4.0,4.0,4.0,4.0
2021,초5,,1.1091592712661036,3.6666666666666665,4.0,,4.0,4.0,3.0,4.0
2021,초5,,1.1091592712661036,3.3333333333333335,3.0,,3.0,4.0,3.0,3.0
2021,초5,,1.1091592712661036,3.0,2.0,,3.0,4.0,2.0,2.0
2021,초5,,1.1091592712661036,3.6666666666666665,4.0,,3.0,4.0,4.0,4.0
2021,초5,,1.1091592712661036,3.6666666666666665,3.0,,3.0,4.0,4.0,3.0
2021,초5,,1.1091592712661036,3.0,4.0,,3.0,3.0,3.0,4.0
2021,초5,,1.1091592712661036,3.3333333333333335,3.0,,3.0,3.0,4.0,3.0
2021,초5,,0.8000820579821355,4.0,3.0,,4.0,4.0,4.0,3.0
2021,초5,,0.8000820579821355,3.0,4.0,,3.0,3.0,3.0,4.0
2021,초5,,0.8000820579821355,2.6666666666666665,2.0,,3.0,3.0,2.0,2.0
2021,초5,,0.8000820579821355,2.6666666666666665,2.0,,3.0,3.0,2.0,2.0
2021,초5,,0.8000820579821355,1.6666666666666667,1.0,,1.0,2.0,2.0,1.0
2021,초5,,0.8000820579821355,3.0,4.0,,3.0,3.0,3.0,4.0
2021,초5,,0.8000820579821355,4.0,4.0,,4.0,4.0,4.0,4.0
2021,초5,,0.8000820579821355,3.6666666666666665,3.0,,3.0,4.0,4.0,3.0
2021,초5,,0.8000820579821355,2.3333333333333335,3.0,,2.0,3.0,2.0,3.0
2021,초5,,0.8000820579821355,3.0,2.0,,3.0,3.0,3.0,2.0
2021,초5,,0.8000820579821355,3.3333333333333335,4.0,,3.0,4.0,3.0,4.0
2021,초5,,0.8000820579821355,3.0,3.0,,3.0,3.0,3.0,3.0
2021,초5,,0.8000820579821355,3.0,4.0,,3.0,3.0,3.0,4.0
2021,초5,,0.8000820579821355,2.6666666666666665,3.0,,3.0,3.0,2.0,3.0
2021,초5,,0.8000820579821355,3.6666666666666665,3.0,,4.0,4.0,3.0,3.0
2021,초5,,0.8000820579821355,3.3333333333333335,2.0,,3.0,4.0,3.0,2.0
2021,초5,,0.8000820579821355,4.0,3.0,,4.0,4.0,4.0,3.0
2021,초5,,0.8796780427282892,4.0,4.0,,4.0,4.0,4.0,4.0
2021,초5,,0.8796780427282892,2.6666666666666665,2.0,,3.0,3.0,2.0,2.0
2021,초5,,0.8796780427282892,2.6666666666666665,3.0,,3.0,3.0,2.0,3.0
2021,초5,,0.8796780427282892,1.6666666666666667,1.0,,2.0,2.0,1.0,1.0
2021,초5,,0.8796780427282892,3.3333333333333335,4.0,,3.0,4.0,3.0,4.0
2021,초5,,0.8796780427282892,3.3333333333333335,2.0,,3.0,4.0,3.0,2.0
2021,초5,,0.8796780427282892,3.0,4.0,,3.0,3.0,3.0,4.0
2021,초5,,0.8796780427282892,3.0,3.0,,3.0,4.0,2.0,3.0
2021,초5,,0.8796780427282892,3.0,1.0,,3.0,4.0,2.0,1.0
2021,초5,,0.8796780427282892,3.0,1.0,,4.0,4.0,1.0,1.0
2021,초5,,0.8796780427282892,3.0,3.0,,3.0,3.0,3.0,3.0
2021,초5,,0.8796780427282892,3.3333333333333335,2.0,,4.0,4.0,2.0,2.0
2021,초4,,0.9587605937841115,2.3333333333333335,1.0,,3.0,3.0,1.0,1.0
2021,초4,,0.9587605937841115,3.6666666666666665,3.0,,4.0,4.0,3.0,3.0
2021,초4,,0.9587605937841115,4.0,4.0,,4.0,4.0,4.0,4.0
2021,초4,,0.9587605937841115,3.6666666666666665,4.0,,4.0,4.0,3.0,4.0
2021,초4,,0.9587605937841115,3.3333333333333335,3.0,,3.0,4.0,3.0,3.0
2021,초4,,0.9587605937841115,4.0,4.0,,4.0,4.0,4.0,4.0
2021,초4,,0.9587605937841115,3.3333333333333335,3.0,,3.0,4.0,3.0,3.0
2021,초4,,0.9587605937841115,3.6666666666666665,4.0,,3.0,4.0,4.0,4.0
2021,초4,,0.9587605937841115,4.0,4.0,,4.0,4.0,4.0,4.0
2021,초4,,0.9587605937841115,3.6666666666666665,3.0,,4.0,4.0,3.0,3.0
2021,초4,,0.9587605937841115,3.6666666666666665,4.0,,3.0,4.0,4.0,4.0
2021,초4,,0.9587605937841115,4.0,4.0,,4.0,4.0,4.0,4.0
2021,초4,,0.9587605937841115,4.0,4.0,,4.0,4.0,4.0,4.0
2021,초4,,1.0140188960355485,1.6666666666666667,1.0,,1.0,3.0,1.0,1.0
2021,초4,,1.0140188960355485,4.0,4.0,,4.0,4.0,4.0,4.0
2021,초4,,1.0140188960355485,3.0,3.0,,2.0,4.0,3.0,3.0
2021,초4,,1.0140188960355485,4.0,3.0,,4.0,4.0,4.0,3.0
2021,초4,,1.0140188960355485,3.0,2.0,,3.0,3.0,3.0,2.0
2021,초4,,1.0140188960355485,3.3333333333333335,4.0,,3.0,4.0,3.0,4.0
2021,초4,,1.0140188960355485,3.3333333333333335,3.0,,3.0,4.0,3.0,3.0
2021,초4,,1.0140188960355485,4.0,4.0,,4.0,4.0,4.0,4.0
2021,초4,,1.0140188960355485,4.0,4.0,,4.0,4.0,4.0,4.0
2021,초4,,1.0140188960355485,4.0,4.0,,4.0,4.0,4.0,4.0
2021,초4,,1.0140188960355485,3.0,2.0,,3.0,3.0,3.0,2.0
2021,초4,,1.0140188960355485,4.0,4.0,,4.0,4.0,4.0,4.0
2021,초4,,1.0140188960355485,3.3333333333333335,3.0,,3.0,4.0,3.0,3.0
2021,초4,,0.8238903530288832,4.0,4.0,,4.0,4.0,4.0,4.0
2021,초4,,0.8238903530288832,2.6666666666666665,4.0,,3.0,3.0,2.0,4.0
2021,초4,,0.8238903530288832,3.3333333333333335,3.0,,4.0,3.0,3.0,3.0
2021,초4,,0.8238903530288832,3.3333333333333335,3.0,,3.0,3.0,4.0,3.0
2021,초4,,0.8238903530288832,3.6666666666666665,4.0,,4.0,4.0,3.0,4.0
2021,초4,,0.8238903530288832,4.0,4.0,,4.0,4.0,4.0,4.0
2021,초4,,0.8238903530288832,4.0,4.0,,4.0,4.0,4.0,4.0
2021,초4,,0.8238903530288832,3.0,3.0,,3.0,3.0,3.0,3.0
2021,초4,,0.8238903530288832,3.3333333333333335,4.0,,3.0,3.0,4.0,4.0
2021,초4,,0.8238903530288832,3.6666666666666665,4.0,,3.0,4.0,4.0,4.0
2021,초4,,0.8238903530288832,2.6666666666666665,3.0,,2.0,3.0,3.0,3.0
2021,초4,,0.8238903530288832,3.3333333333333335,3.0,,3.0,4.0,3.0,3.0
2021,초4,,0.8238903530288832,2.3333333333333335,1.0,,3.0,3.0,1.0,1.0
2021,초4,,0.8238903530288832,3.3333333333333335,4.0,,3.0,3.0,4.0,4.0
2021,초4,,0.8238903530288832,3.0,3.0,,3.0,3.0,3.0,3.0
2021,초4,,0.7789929824495905,3.0,3.0,,4.0,3.0,2.0,3.0
2021,초4,,0.7789929824495905,3.3333333333333335,3.0,,4.0,4.0,2.0,3.0
2021,초4,,0.7789929824495905,3.6666666666666665,4.0,,3.0,4.0,4.0,4.0
2021,초4,,0.7789929824495905,3.6666666666666665,4.0,,4.0,3.0,4.0,4.0
2021,초4,,0.7789929824495905,2.3333333333333335,3.0,,3.0,3.0,1.0,3.0
2021,초4,,0.7789929824495905,3.0,4.0,,3.0,3.0,3.0,4.0
2021,초4,,0.7789929824495905,3.0,4.0,,3.0,2.0,4.0,4.0
2021,초4,,0.7789929824495905,3.0,3.0,,3.0,3.0,3.0,3.0
2021,초4,,0.7789929824495905,3.3333333333333335,4.0,,4.0,3.0,3.0,4.0
2021,초4,,0.7789929824495905,4.0,4.0,,4.0,4.0,4.0,4.0
2021,초4,,0.7789929824495905,3.3333333333333335,3.0,,3.0,4.0,3.0,3.0
2021,초4,,0.7789929824495905,3.0,3.0,,3.0,3.0,3.0,3.0
2021,초4,,0.7789929824495905,4.0,4.0,,4.0,4.0,4.0,4.0
2021,초4,,0.7789929824495905,2.6666666666666665,2.0,,3.0,3.0,2.0,2.0
2021,초4,,0.7789929824495905,3.6666666666666665,4.0,,4.0,3.0,4.0,4.0
2021,초4,,0.7789929824495905,3.3333333333333335,3.0,,4.0,3.0,3.0,3.0
2021,초4,,0.7789929824495905,3.3333333333333335,4.0,,4.0,3.0,3.0,4.0
2021,초4,,0.9415889748901523,3.6666666666666665,3.0,,4.0,4.0,3.0,3.0
2021,초4,,0.9415889748901523,3.3333333333333335,2.0,,3.0,4.0,3.0,2.0
2021,초4,,0.9415889748901523,3.3333333333333335,4.0,,3.0,4.0,3.0,4.0
2021,초4,,0.9415889748901523,3.6666666666666665,3.0,,4.0,4.0,3.0,3.0
2021,초4,,0.9415889748901523,3.3333333333333335,4.0,,3.0,4.0,3.0,4.0
2021,초4,,0.9415889748901523,3.6666666666666665,4.0,,4.0,4.0,3.0,4.0
2021,초4,,0.9415889748901523,3.6666666666666665,4.0,,3.0,4.0,4.0,4.0
2021,초4,,0.9415889748901523,3.3333333333333335,3.0,,3.0,4.0,3.0,3.0
2021,초4,,0.9415889748901523,2.3333333333333335,2.0,,2.0,3.0,2.0,2.0
2021,초4,,0.9415889748901523,4.0,4.0,,4.0,4.0,4.0,4.0
2021,초4,,0.9415889748901523,4.0,4.0,,4.0,4.0,4.0,4.0
2021,초4,,0.9415889748901523,3.3333333333333335,4.0,,3.0,4.0,3.0,4.0
2021,초4,,0.8902776942281035,4.0,4.0,,4.0,4.0,4.0,4.0
2021,초4,,0.8902776942281035,2.3333333333333335,2.0,,3.0,3.0,1.0,2.0
2021,초4,,0.8902776942281035,4.0,4.0,,4.0,4.0,4.0,4.0
2021,초4,,0.8902776942281035,4.0,4.0,,4.0,4.0,4.0,4.0
2021,초4,,0.8902776942281035,4.0,4.0,,4.0,4.0,4.0,4.0
2021,초4,,0.8902776942281035,3.3333333333333335,4.0,,3.0,4.0,3.0,4.0
2021,초4,,0.8902776942281035,2.3333333333333335,1.0,,2.0,4.0,1.0,1.0
2021,초4,,0.8902776942281035,3.3333333333333335,3.0,,3.0,4.0,3.0,3.0
2021,초4,,0.8902776942281035,4.0,4.0,,4.0,4.0,4.0,4.0
2021,초4,,0.8902776942281035,4.0,3.0,,4.0,4.0,4.0,3.0
2021,초4,,0.8902776942281035,4.0,4.0,,4.0,4.0,4.0,4.0
2021,초4,,0.8902776942281035,3.3333333333333335,3.0,,3.0,4.0,3.0,3.0
2021,초4,,0.8902776942281035,4.0,4.0,,4.0,4.0,4.0,4.0
2021,초4,,0.8902776942281035,3.0,3.0,,3.0,3.0,3.0,3.0
2021,초4,,0.8902776942281035,3.6666666666666665,3.0,,4.0,4.0,3.0,3.0
2021,초4,,0.8902776942281035,3.3333333333333335,4.0,,3.0,4.0,3.0,4.0
2021,초4,,0.7553871344965727,4.0,4.0,,4.0,4.0,4.0,4.0
2021,초4,,0.7553871344965727,3.3333333333333335,3.0,,3.0,4.0,3.0,3.0
2021,초4,,0.7553871344965727,3.3333333333333335,3.0,,3.0,4.0,3.0,3.0
2021,초4,,0.7553871344965727,3.6666666666666665,4.0,,4.0,4.0,3.0,4.0
2021,초4,,0.7553871344965727,3.3333333333333335,4.0,,3.0,4.0,3.0,4.0
2021,초4,,0.7553871344965727,3.3333333333333335,3.0,,4.0,3.0,3.0,3.0
2021,초4,,0.7553871344965727,4.0,4.0,,4.0,4.0,4.0,4.0
2021,초4,,0.7553871344965727,3.6666666666666665,4.0,,3.0,4.0,4.0,4.0
2021,초4,,0.7553871344965727,3.0,3.0,,3.0,3.0,3.0,3.0
2021,초4,,0.7553871344965727,3.3333333333333335,3.0,,4.0,4.0,2.0,3.0
2021,초4,,0.7553871344965727,4.0,4.0,,4.0,4.0,4.0,4.0
2021,초4,,0.7553871344965727,3.3333333333333335,2.0,,4.0,4.0,2.0,2.0
2021,초4,,0.7553871344965727,3.6666666666666665,3.0,,4.0,4.0,3.0,3.0
2021,초4,,0.7553871344965727,2.0,3.0,,3.0,2.0,1.0,3.0
2021,초4,,0.7553871344965727,3.3333333333333335,3.0,,3.0,4.0,3.0,3.0
2021,초4,,0.7553871344965727,3.3333333333333335,3.0,,3.0,4.0,3.0,3.0
2021,초4,,0.7989239786946746,3.3333333333333335,3.0,,3.0,4.0,3.0,3.0
2021,초4,,0.7989239786946746,3.0,2.0,,3.0,4.0,2.0,2.0
2021,초4,,0.7989239786946746,2.6666666666666665,3.0,,3.0,3.0,2.0,3.0
2021,초4,,0.7989239786946746,4.0,3.0,,4.0,4.0,4.0,3.0
2021,초4,,0.7989239786946746,2.6666666666666665,3.0,,3.0,3.0,2.0,3.0
2021,초4,,0.7989239786946746,4.0,4.0,,4.0,4.0,4.0,4.0
2021,초4,,0.7989239786946746,3.0,3.0,,3.0,4.0,2.0,3.0
2021,초4,,0.7989239786946746,3.6666666666666665,3.0,,4.0,4.0,3.0,3.0
2021,초4,,0.7989239786946746,2.6666666666666665,1.0,,3.0,4.0,1.0,1.0
2021,초4,,0.7989239786946746,2.6666666666666665,3.0,,3.0,3.0,2.0,3.0
2021,초4,,0.7989239786946746,4.0,4.0,,4.0,4.0,4.0,4.0
2021,초4,,0.7989239786946746,3.3333333333333335,3.0,,3.0,4.0,3.0,3.0
2021,초4,,0.7989239786946746,4.0,4.0,,4.0,4.0,4.0,4.0
2021,초4,,0.7989239786946746,3.6666666666666665,3.0,,3.0,4.0,4.0,3.0
2021,초4,,0.7989239786946746,2.6666666666666665,3.0,,3.0,3.0,2.0,3.0
2021,초4,,0.7989239786946746,2.3333333333333335,1.0,,3.0,3.0,1.0,1.0
2021,초4,,0.7989239786946746,3.6666666666666665,4.0,,3.0,4.0,4.0,4.0
2021,초5,,0.9110951156828709,3.6666666666666665,3.0,,4.0,4.0,3.0,3.0
2021,초5,,0.9110951156828709,3.3333333333333335,4.0,,3.0,4.0,3.0,4.0
2021,초5,,0.9110951156828709,3.0,3.0,,3.0,3.0,3.0,3.0
2021,초5,,0.9110951156828709,3.0,1.0,,4.0,4.0,1.0,1.0
2021,초5,,0.9110951156828709,3.6666666666666665,4.0,,3.0,4.0,4.0,4.0
2021,초5,,0.9110951156828709,3.0,3.0,,3.0,4.0,2.0,3.0
2021,초5,,0.9110951156828709,4.0,4.0,,4.0,4.0,4.0,4.0
2021,초5,,0.9110951156828709,4.0,4.0,,4.0,4.0,4.0,4.0
2021,초5,,0.9110951156828709,4.0,4.0,,4.0,4.0,4.0,4.0
2021,초5,,0.9110951156828709,4.0,4.0,,4.0,4.0,4.0,4.0
2021,초5,,0.9110951156828709,4.0,4.0,,4.0,4.0,4.0,4.0
2021,초5,,0.9110951156828709,4.0,4.0,,4.0,4.0,4.0,4.0
2021,초5,,0.9110951156828709,3.6666666666666665,4.0,,3.0,4.0,4.0,4.0
2021,초5,,0.8286564171957832,3.6666666666666665,4.0,,3.0,4.0,4.0,4.0
2021,초5,,0.8286564171957832,3.6666666666666665,3.0,,4.0,4.0,3.0,3.0
2021,초5,,0.8286564171957832,3.3333333333333335,3.0,,3.0,4.0,3.0,3.0
2021,초5,,0.8286564171957832,3.6666666666666665,4.0,,3.0,4.0,4.0,4.0
2021,초5,,0.8286564171957832,3.0,3.0,,3.0,4.0,2.0,3.0
2021,초5,,0.8286564171957832,2.6666666666666665,4.0,,2.0,3.0,3.0,4.0
2021,초5,,0.8286564171957832,3.0,3.0,,3.0,3.0,3.0,3.0
2021,초5,,0.8286564171957832,3.3333333333333335,4.0,,3.0,4.0,3.0,4.0
2021,초5,,0.8286564171957832,4.0,4.0,,4.0,4.0,4.0,4.0
2021,초5,,0.8286564171957832,4.0,3.0,,4.0,4.0,4.0,3.0
2021,초5,,0.8286564171957832,3.0,3.0,,3.0,3.0,3.0,3.0
2021,초5,,0.8286564171957832,3.6666666666666665,3.0,,4.0,4.0,3.0,3.0
2021,초5,,0.8286564171957832,3.0,3.0,,4.0,3.0,2.0,3.0
2021,초5,,0.8286564171957832,4.0,4.0,,4.0,4.0,4.0,4.0
2021,초6,,1.3120852118445856,3.0,3.0,,3.0,3.0,3.0,3.0
2021,초6,,1.3120852118445856,3.0,3.0,,3.0,3.0,3.0,3.0
2021,초6,,1.3120852118445856,3.3333333333333335,4.0,,3.0,4.0,3.0,4.0
2021,초6,,1.3120852118445856,3.6666666666666665,4.0,,4.0,4.0,3.0,4.0
2021,초6,,1.3120852118445856,2.6666666666666665,2.0,,3.0,4.0,1.0,2.0
2021,초6,,1.3120852118445856,4.0,4.0,,4.0,4.0,4.0,4.0
2021,초6,,1.3120852118445856,3.0,3.0,,3.0,3.0,3.0,3.0
2021,초6,,1.3120852118445856,3.0,3.0,,3.0,3.0,3.0,3.0
2021,초6,,1.3120852118445856,3.6666666666666665,4.0,,3.0,4.0,4.0,4.0
2021,초6,,1.3120852118445856,3.0,3.0,,3.0,3.0,3.0,3.0
2021,초6,,1.3120852118445856,3.3333333333333335,3.0,,3.0,4.0,3.0,3.0
2021,초6,,1.3120852118445856,3.3333333333333335,3.0,,3.0,4.0,3.0,3.0
2021,초6,,1.3120852118445856,3.6666666666666665,4.0,,4.0,4.0,3.0,4.0
2021,초6,,1.3120852118445856,4.0,4.0,,4.0,4.0,4.0,4.0
2021,초6,,1.162075906222663,3.0,3.0,,3.0,3.0,3.0,3.0
2021,초6,,1.162075906222663,3.0,3.0,,3.0,3.0,3.0,3.0
2021,초6,,1.162075906222663,3.0,3.0,,3.0,3.0,3.0,3.0
2021,초6,,1.162075906222663,3.3333333333333335,1.0,,4.0,4.0,2.0,1.0
2021,초6,,1.162075906222663,3.3333333333333335,4.0,,3.0,4.0,3.0,4.0
2021,초6,,1.162075906222663,3.6666666666666665,4.0,,3.0,4.0,4.0,4.0
2021,초6,,1.162075906222663,3.3333333333333335,4.0,,3.0,3.0,4.0,4.0
2021,초6,,1.162075906222663,3.6666666666666665,4.0,,3.0,4.0,4.0,4.0
2021,초6,,1.162075906222663,3.6666666666666665,4.0,,4.0,4.0,3.0,4.0
2021,초6,,1.162075906222663,3.6666666666666665,4.0,,3.0,4.0,4.0,4.0
2021,초6,,1.162075906222663,4.0,4.0,,4.0,4.0,4.0,4.0
2021,초6,,1.0017895743298821,3.6666666666666665,4.0,,4.0,4.0,3.0,4.0
2021,초6,,1.0017895743298821,3.3333333333333335,3.0,,3.0,4.0,3.0,3.0
2021,초6,,1.0017895743298821,3.6666666666666665,4.0,,3.0,4.0,4.0,4.0
2021,초6,,1.0017895743298821,3.3333333333333335,4.0,,3.0,4.0,3.0,4.0
2021,초6,,1.0017895743298821,3.3333333333333335,3.0,,3.0,4.0,3.0,3.0
2021,초6,,1.0017895743298821,3.0,3.0,,3.0,3.0,3.0,3.0
2021,초6,,1.0017895743298821,2.6666666666666665,2.0,,3.0,3.0,2.0,2.0
2021,초6,,1.0017895743298821,3.6666666666666665,3.0,,3.0,4.0,4.0,3.0
2021,초6,,1.0017895743298821,3.0,4.0,,3.0,3.0,3.0,4.0
2021,초6,,1.0017895743298821,3.3333333333333335,3.0,,4.0,3.0,3.0,3.0
2021,초6,,1.0017895743298821,3.6666666666666665,3.0,,4.0,4.0,3.0,3.0
2021,초6,,1.0017895743298821,4.0,4.0,,4.0,4.0,4.0,4.0
2021,초6,,1.0017895743298821,2.3333333333333335,2.0,,2.0,3.0,2.0,2.0
2021,초6,,1.0017895743298821,3.0,3.0,,3.0,3.0,3.0,3.0
2021,초6,,1.0017895743298821,3.6666666666666665,4.0,,3.0,4.0,4.0,4.0
2021,초6,,1.0017895743298821,2.6666666666666665,3.0,,3.0,3.0,2.0,3.0
2021,초6,,1.1311079412453324,3.0,3.0,,3.0,3.0,3.0,3.0
2021,초6,,1.1311079412453324,3.3333333333333335,3.0,,3.0,4.0,3.0,3.0
2021,초6,,1.1311079412453324,3.6666666666666665,4.0,,3.0,4.0,4.0,4.0
2021,초6,,1.1311079412453324,4.0,3.0,,4.0,4.0,4.0,3.0
2021,초6,,1.1311079412453324,4.0,3.0,,4.0,4.0,4.0,3.0
2021,초6,,1.1311079412453324,2.6666666666666665,2.0,,3.0,3.0,2.0,2.0
2021,초6,,1.1311079412453324,3.6666666666666665,4.0,,4.0,4.0,3.0,4.0
2021,초6,,1.1311079412453324,3.3333333333333335,3.0,,3.0,4.0,3.0,3.0
2021,초6,,1.1311079412453324,3.0,3.0,,3.0,3.0,3.0,3.0
2021,초6,,1.1311079412453324,3.3333333333333335,3.0,,3.0,4.0,3.0,3.0
2021,초6,,1.1311079412453324,2.0,1.0,,2.0,3.0,1.0,1.0
2021,초5,,0.8000820579821355,3.3333333333333335,2.0,,3.0,4.0,3.0,2.0
2021,초5,,0.8000820579821355,2.6666666666666665,1.0,,3.0,4.0,1.0,1.0
2021,초5,,0.8000820579821355,3.6666666666666665,3.0,,3.0,4.0,4.0,3.0
2021,초5,,0.8000820579821355,3.3333333333333335,4.0,,2.0,4.0,4.0,4.0
2021,초5,,0.8000820579821355,3.3333333333333335,4.0,,3.0,3.0,4.0,4.0
2021,초5,,0.8000820579821355,4.0,4.0,,4.0,4.0,4.0,4.0
2021,초5,,0.8000820579821355,3.3333333333333335,3.0,,3.0,3.0,4.0,3.0
2021,초5,,0.8000820579821355,1.6666666666666667,4.0,,1.0,3.0,1.0,4.0
2021,초5,,0.8000820579821355,4.0,3.0,,4.0,4.0,4.0,3.0
2021,초5,,0.8000820579821355,3.6666666666666665,4.0,,4.0,4.0,3.0,4.0
2021,초5,,0.8000820579821355,3.0,3.0,,4.0,3.0,2.0,3.0
2021,초5,,0.8000820579821355,3.3333333333333335,3.0,,3.0,4.0,3.0,3.0
2021,초5,,0.8000820579821355,3.0,2.0,,3.0,3.0,3.0,2.0
2021,초5,,0.8000820579821355,3.0,3.0,,3.0,3.0,3.0,3.0
2021,초5,,0.8796780427282892,3.0,2.0,,2.0,4.0,3.0,2.0
2021,초5,,0.8796780427282892,4.0,4.0,,4.0,4.0,4.0,4.0
2021,초5,,0.8796780427282892,4.0,4.0,,4.0,4.0,4.0,4.0
2021,초5,,0.8796780427282892,3.0,1.0,,3.0,4.0,2.0,1.0
2021,초5,,0.8796780427282892,3.3333333333333335,4.0,,3.0,4.0,3.0,4.0
2021,초5,,0.8796780427282892,3.6666666666666665,4.0,,3.0,4.0,4.0,4.0
2021,초5,,0.8796780427282892,2.6666666666666665,4.0,,2.0,3.0,3.0,4.0
2021,초5,,0.8796780427282892,3.3333333333333335,3.0,,3.0,4.0,3.0,3.0
2021,초5,,0.8796780427282892,3.6666666666666665,3.0,,4.0,4.0,3.0,3.0
2021,초5,,0.8796780427282892,2.3333333333333335,2.0,,2.0,3.0,2.0,2.0
2021,초5,,0.8796780427282892,3.6666666666666665,3.0,,4.0,4.0,3.0,3.0
2021,초5,,0.8796780427282892,3.6666666666666665,4.0,,4.0,4.0,3.0,4.0
2021,초5,,0.8796780427282892,3.6666666666666665,4.0,,4.0,4.0,3.0,4.0
2021,초5,,0.8796780427282892,2.0,1.0,,3.0,2.0,1.0,1.0
2021,초5,,0.8796780427282892,4.0,4.0,,4.0,4.0,4.0,4.0
2021,초5,,0.9667658200617469,4.0,4.0,,4.0,4.0,4.0,4.0
2021,초5,,0.9667658200617469,3.3333333333333335,3.0,,3.0,3.0,4.0,3.0
2021,초5,,0.9667658200617469,4.0,4.0,,4.0,4.0,4.0,4.0
2021,초5,,0.9667658200617469,3.3333333333333335,3.0,,3.0,4.0,3.0,3.0
2021,초5,,0.9667658200617469,3.3333333333333335,2.0,,3.0,4.0,3.0,2.0
2021,초5,,0.9667658200617469,3.0,2.0,,3.0,3.0,3.0,2.0
2021,초5,,0.9667658200617469,4.0,4.0,,4.0,4.0,4.0,4.0
2021,초5,,0.9667658200617469,4.0,4.0,,4.0,4.0,4.0,4.0
2021,초5,,0.9667658200617469,4.0,4.0,,4.0,4.0,4.0,4.0
2021,초5,,0.9667658200617469,3.3333333333333335,4.0,,2.0,4.0,4.0,4.0
2021,초5,,0.9667658200617469,3.3333333333333335,3.0,,3.0,4.0,3.0,3.0
2021,초5,,0.9667658200617469,3.6666666666666665,4.0,,3.0,4.0,4.0,4.0
2021,초5,,0.9667658200617469,3.6666666666666665,3.0,,4.0,4.0,3.0,3.0
2021,초5,,1.062944301630016,4.0,4.0,,4.0,4.0,4.0,4.0
2021,초5,,1.062944301630016,4.0,4.0,,4.0,4.0,4.0,4.0
2021,초5,,1.062944301630016,3.6666666666666665,2.0,,4.0,4.0,3.0,2.0
2021,초5,,1.062944301630016,3.0,3.0,,3.0,3.0,3.0,3.0
2021,초5,,1.062944301630016,3.3333333333333335,4.0,,3.0,4.0,3.0,4.0
2021,초5,,1.062944301630016,3.0,1.0,,3.0,4.0,2.0,1.0
2021,초5,,1.062944301630016,2.6666666666666665,1.0,,3.0,3.0,2.0,1.0
2021,초5,,1.062944301630016,4.0,4.0,,4.0,4.0,4.0,4.0
2021,초5,,1.062944301630016,3.3333333333333335,3.0,,3.0,4.0,3.0,3.0
2021,초5,,1.062944301630016,3.3333333333333335,3.0,,3.0,4.0,3.0,3.0
2021,초5,,1.062944301630016,3.6666666666666665,4.0,,3.0,4.0,4.0,4.0
2021,초6,,1.426179578091941,3.0,1.0,,3.0,4.0,2.0,1.0
2021,초6,,1.426179578091941,3.3333333333333335,3.0,,3.0,4.0,3.0,3.0
2021,초6,,1.426179578091941,4.0,4.0,,4.0,4.0,4.0,4.0
2021,초6,,1.426179578091941,3.6666666666666665,3.0,,4.0,4.0,3.0,3.0
2021,초6,,1.426179578091941,2.6666666666666665,3.0,,3.0,3.0,2.0,3.0
2021,초6,,1.426179578091941,4.0,4.0,,4.0,4.0,4.0,4.0
2021,초6,,1.426179578091941,3.6666666666666665,4.0,,3.0,4.0,4.0,4.0
2021,초6,,1.426179578091941,4.0,4.0,,4.0,4.0,4.0,4.0
2021,초6,,1.426179578091941,3.0,2.0,,3.0,4.0,2.0,2.0
2021,초6,,1.426179578091941,4.0,3.0,,4.0,4.0,4.0,3.0
2021,초6,,1.426179578091941,3.3333333333333335,3.0,,3.0,4.0,3.0,3.0
2021,초6,,1.426179578091941,3.6666666666666665,3.0,,4.0,4.0,3.0,3.0
2021,초6,,1.2631259850246341,4.0,4.0,,4.0,4.0,4.0,4.0
2021,초6,,1.2631259850246341,3.0,2.0,,3.0,3.0,3.0,2.0
2021,초6,,1.2631259850246341,4.0,3.0,,4.0,4.0,4.0,3.0
2021,초6,,1.2631259850246341,3.0,3.0,,2.0,4.0,3.0,3.0
2021,초6,,1.2631259850246341,4.0,4.0,,4.0,4.0,4.0,4.0
2021,초6,,1.2631259850246341,2.6666666666666665,1.0,,3.0,4.0,1.0,1.0
2021,초6,,1.2631259850246341,4.0,4.0,,4.0,4.0,4.0,4.0
2021,초6,,1.2631259850246341,3.6666666666666665,3.0,,4.0,4.0,3.0,3.0
2021,초6,,1.2631259850246341,3.0,2.0,,4.0,4.0,1.0,2.0
2021,초6,,1.2631259850246341,3.3333333333333335,3.0,,3.0,4.0,3.0,3.0
2021,초6,,1.2631259850246341,4.0,3.0,,4.0,4.0,4.0,3.0
2021,초6,,1.162075906222663,3.0,3.0,,3.0,3.0,3.0,3.0
2021,초6,,1.162075906222663,3.6666666666666665,3.0,,3.0,4.0,4.0,3.0
2021,초6,,1.162075906222663,3.3333333333333335,3.0,,3.0,4.0,3.0,3.0
2021,초6,,1.162075906222663,3.6666666666666665,4.0,,3.0,4.0,4.0,4.0
2021,초6,,1.162075906222663,3.0,2.0,,3.0,4.0,2.0,2.0
2021,초6,,1.162075906222663,3.6666666666666665,4.0,,3.0,4.0,4.0,4.0
2021,초6,,1.162075906222663,3.0,3.0,,3.0,4.0,2.0,3.0
2021,초6,,1.162075906222663,3.6666666666666665,3.0,,4.0,4.0,3.0,3.0
2021,초6,,1.162075906222663,3.6666666666666665,3.0,,4.0,4.0,3.0,3.0
2021,초6,,1.162075906222663,3.0,4.0,,2.0,4.0,3.0,4.0
2021,초6,,1.162075906222663,3.3333333333333335,3.0,,3.0,4.0,3.0,3.0
2021,초6,,1.162075906222663,3.3333333333333335,2.0,,3.0,4.0,3.0,2.0
2021,초6,,1.162075906222663,2.0,1.0,,1.0,4.0,1.0,1.0
2021,초6,,1.3120852118445856,3.3333333333333335,3.0,,3.0,4.0,3.0,3.0
2021,초6,,1.3120852118445856,2.6666666666666665,3.0,,3.0,4.0,1.0,3.0
2021,초6,,1.3120852118445856,3.3333333333333335,3.0,,3.0,4.0,3.0,3.0
2021,초6,,1.3120852118445856,3.6666666666666665,3.0,,4.0,4.0,3.0,3.0
2021,초6,,1.3120852118445856,3.0,4.0,,3.0,3.0,3.0,4.0
2021,초6,,1.3120852118445856,2.6666666666666665,3.0,,1.0,4.0,3.0,3.0
2021,초6,,1.3120852118445856,4.0,3.0,,4.0,4.0,4.0,3.0
2021,초6,,1.3120852118445856,3.0,2.0,,3.0,3.0,3.0,2.0
2021,초6,,1.3120852118445856,3.0,3.0,,3.0,3.0,3.0,3.0
2021,초6,,1.3120852118445856,2.6666666666666665,2.0,,3.0,3.0,2.0,2.0
2021,초6,,1.3120852118445856,3.0,3.0,,3.0,3.0,3.0,3.0
2021,초6,,1.3120852118445856,1.0,1.0,,1.0,1.0,1.0,1.0
2021,초4,,1.0545796518769706,3.3333333333333335,3.0,,3.0,4.0,3.0,3.0
2021,초4,,1.0545796518769706,4.0,4.0,,4.0,4.0,4.0,4.0
2021,초4,,1.0545796518769706,3.3333333333333335,3.0,,3.0,4.0,3.0,3.0
2021,초4,,1.0545796518769706,3.3333333333333335,4.0,,3.0,4.0,3.0,4.0
2021,초4,,1.0545796518769706,3.0,3.0,,3.0,3.0,3.0,3.0
2021,초4,,1.0545796518769706,3.3333333333333335,3.0,,3.0,4.0,3.0,3.0
2021,초4,,1.0545796518769706,3.0,2.0,,3.0,4.0,2.0,2.0
2021,초4,,1.0545796518769706,2.3333333333333335,2.0,,2.0,3.0,2.0,2.0
2021,초4,,1.0545796518769706,3.3333333333333335,3.0,,3.0,4.0,3.0,3.0
2021,초4,,1.0545796518769706,3.3333333333333335,3.0,,4.0,4.0,2.0,3.0
2021,초4,,1.0545796518769706,2.0,2.0,,1.0,3.0,2.0,2.0
2021,초4,,1.0545796518769706,4.0,3.0,,4.0,4.0,4.0,3.0
2021,초4,,1.0545796518769706,3.0,2.0,,3.0,4.0,2.0,2.0
2021,초4,,1.0545796518769706,3.6666666666666665,3.0,,3.0,4.0,4.0,3.0
2021,초4,,1.0545796518769706,3.3333333333333335,3.0,,3.0,4.0,3.0,3.0
2021,초4,,0.9971110175354759,4.0,4.0,,4.0,4.0,4.0,4.0
2021,초4,,0.9971110175354759,3.3333333333333335,3.0,,3.0,4.0,3.0,3.0
2021,초4,,0.9971110175354759,3.3333333333333335,4.0,,3.0,4.0,3.0,4.0
2021,초4,,0.9971110175354759,2.0,2.0,,2.0,3.0,1.0,2.0
2021,초4,,0.9971110175354759,3.3333333333333335,2.0,,3.0,4.0,3.0,2.0
2021,초4,,0.9971110175354759,2.6666666666666665,3.0,,2.0,4.0,2.0,3.0
2021,초4,,0.9971110175354759,4.0,4.0,,4.0,4.0,4.0,4.0
2021,초4,,0.9971110175354759,4.0,4.0,,4.0,4.0,4.0,4.0
2021,초4,,0.9971110175354759,3.0,2.0,,3.0,4.0,2.0,2.0
2021,초4,,0.9971110175354759,3.0,2.0,,3.0,4.0,2.0,2.0
2021,초4,,1.0985204707051777,2.6666666666666665,3.0,,3.0,3.0,2.0,3.0
2021,초4,,1.0985204707051777,2.3333333333333335,1.0,,2.0,3.0,2.0,1.0
2021,초4,,1.0985204707051777,2.0,2.0,,1.0,4.0,1.0,2.0
2021,초4,,1.0985204707051777,4.0,4.0,,4.0,4.0,4.0,4.0
2021,초4,,1.0386573099327874,3.6666666666666665,4.0,,4.0,4.0,3.0,4.0
2021,초4,,1.0386573099327874,3.0,3.0,,3.0,3.0,3.0,3.0
2021,초4,,1.0386573099327874,4.0,4.0,,4.0,4.0,4.0,4.0
2021,초4,,1.0386573099327874,4.0,4.0,,4.0,4.0,4.0,4.0
2021,초4,,1.0386573099327874,3.6666666666666665,4.0,,3.0,4.0,4.0,4.0
2021,초4,,1.0386573099327874,2.6666666666666665,3.0,,3.0,3.0,2.0,3.0
2021,초4,,1.0386573099327874,4.0,4.0,,4.0,4.0,4.0,4.0
2021,초4,,1.0386573099327874,3.6666666666666665,4.0,,3.0,4.0,4.0,4.0
2021,초4,,1.0386573099327874,3.6666666666666665,4.0,,3.0,4.0,4.0,4.0
2021,초4,,1.0386573099327874,4.0,4.0,,4.0,4.0,4.0,4.0
2021,초4,,1.0386573099327874,3.0,3.0,,3.0,3.0,3.0,3.0
2021,초4,,1.0985204707051777,3.3333333333333335,4.0,,3.0,3.0,4.0,4.0
2021,초4,,1.0985204707051777,4.0,4.0,,4.0,4.0,4.0,4.0
2021,초4,,1.0985204707051777,3.0,2.0,,3.0,3.0,3.0,2.0
2021,초4,,1.0985204707051777,3.6666666666666665,4.0,,4.0,4.0,3.0,4.0
2021,초4,,1.0985204707051777,3.6666666666666665,4.0,,3.0,4.0,4.0,4.0
2021,초4,,1.0985204707051777,3.0,3.0,,3.0,3.0,3.0,3.0
2021,초4,,1.0985204707051777,2.6666666666666665,3.0,,2.0,3.0,3.0,3.0
2021,초6,,1.0219052307173742,3.0,3.0,,3.0,3.0,3.0,3.0
2021,초6,,1.0219052307173742,3.6666666666666665,4.0,,3.0,4.0,4.0,4.0
2021,초6,,1.0219052307173742,3.0,3.0,,3.0,4.0,2.0,3.0
2021,초6,,1.0219052307173742,4.0,4.0,,4.0,4.0,4.0,4.0
2021,초6,,1.0219052307173742,3.3333333333333335,3.0,,4.0,4.0,2.0,3.0
2021,초6,,1.0219052307173742,3.6666666666666665,3.0,,4.0,4.0,3.0,3.0
2021,초6,,1.0219052307173742,3.6666666666666665,4.0,,4.0,4.0,3.0,4.0
2021,초6,,1.0219052307173742,3.6666666666666665,3.0,,4.0,4.0,3.0,3.0
2021,초6,,1.0219052307173742,3.6666666666666665,4.0,,4.0,4.0,3.0,4.0
2021,초6,,1.0219052307173742,3.6666666666666665,4.0,,4.0,4.0,3.0,4.0
2021,초6,,1.0219052307173742,3.0,3.0,,3.0,4.0,2.0,3.0
2021,초6,,1.0219052307173742,3.6666666666666665,3.0,,4.0,4.0,3.0,3.0
2021,초6,,1.0219052307173742,3.3333333333333335,2.0,,3.0,4.0,3.0,2.0
2021,초6,,1.1664621013232963,3.6666666666666665,4.0,,4.0,4.0,3.0,4.0
2021,초6,,1.1664621013232963,3.6666666666666665,3.0,,4.0,4.0,3.0,3.0
2021,초6,,1.1664621013232963,2.3333333333333335,4.0,,1.0,3.0,3.0,4.0
2021,초6,,1.1664621013232963,4.0,4.0,,4.0,4.0,4.0,4.0
2021,초6,,1.1664621013232963,3.6666666666666665,4.0,,3.0,4.0,4.0,4.0
2021,초6,,1.1664621013232963,3.3333333333333335,4.0,,3.0,3.0,4.0,4.0
2021,초6,,1.1664621013232963,3.0,3.0,,3.0,3.0,3.0,3.0
2021,초6,,1.1664621013232963,2.3333333333333335,3.0,,3.0,3.0,1.0,3.0
2021,초6,,1.1664621013232963,4.0,4.0,,4.0,4.0,4.0,4.0
2021,초6,,1.1664621013232963,3.6666666666666665,4.0,,3.0,4.0,4.0,4.0
2021,초6,,1.1664621013232963,3.3333333333333335,4.0,,3.0,3.0,4.0,4.0
2021,초6,,1.1664621013232963,3.6666666666666665,3.0,,4.0,4.0,3.0,3.0
2021,초4,,1.1905128662990343,3.3333333333333335,3.0,,3.0,4.0,3.0,3.0
2021,초4,,1.1905128662990343,3.3333333333333335,2.0,,3.0,4.0,3.0,2.0
2021,초4,,1.1905128662990343,3.6666666666666665,4.0,,3.0,4.0,4.0,4.0
2021,초4,,1.1905128662990343,3.6666666666666665,4.0,,4.0,4.0,3.0,4.0
2021,초4,,1.1905128662990343,3.6666666666666665,4.0,,3.0,4.0,4.0,4.0
2021,초4,,1.1905128662990343,3.0,3.0,,2.0,4.0,3.0,3.0
2021,초4,,1.1905128662990343,2.6666666666666665,1.0,,2.0,4.0,2.0,1.0
2021,초4,,1.1905128662990343,3.3333333333333335,4.0,,3.0,3.0,4.0,4.0
2021,초4,,1.1905128662990343,3.6666666666666665,4.0,,3.0,4.0,4.0,4.0
2021,초4,,1.1905128662990343,4.0,4.0,,4.0,4.0,4.0,4.0
2021,초4,,1.1905128662990343,3.6666666666666665,3.0,,4.0,4.0,3.0,3.0
2021,초4,,1.3396276091486101,3.6666666666666665,4.0,,4.0,4.0,3.0,4.0
2021,초4,,1.3396276091486101,4.0,4.0,,4.0,4.0,4.0,4.0
2021,초4,,1.3396276091486101,3.6666666666666665,4.0,,4.0,4.0,3.0,4.0
2021,초4,,1.3396276091486101,4.0,4.0,,4.0,4.0,4.0,4.0
2021,초4,,1.3396276091486101,3.3333333333333335,3.0,,3.0,4.0,3.0,3.0
2021,초4,,1.3396276091486101,3.3333333333333335,3.0,,3.0,4.0,3.0,3.0
2021,초4,,1.3396276091486101,3.0,4.0,,3.0,3.0,3.0,4.0
2021,초4,,1.3396276091486101,3.3333333333333335,3.0,,3.0,4.0,3.0,3.0
2021,초4,,1.3396276091486101,3.0,3.0,,2.0,4.0,3.0,3.0
2021,초4,,1.3396276091486101,3.6666666666666665,4.0,,3.0,4.0,4.0,4.0
2021,초5,,1.0503288620523372,3.0,1.0,,3.0,3.0,3.0,1.0
2021,초5,,1.0503288620523372,3.6666666666666665,4.0,,3.0,4.0,4.0,4.0
2021,초5,,1.0503288620523372,4.0,3.0,,4.0,4.0,4.0,3.0
2021,초5,,1.0503288620523372,3.3333333333333335,4.0,,3.0,4.0,3.0,4.0
2021,초5,,1.0503288620523372,3.3333333333333335,2.0,,3.0,4.0,3.0,2.0
2021,초5,,1.0503288620523372,3.0,2.0,,2.0,4.0,3.0,2.0
2021,초5,,1.0503288620523372,3.6666666666666665,3.0,,4.0,4.0,3.0,3.0
2021,초5,,1.0503288620523372,4.0,4.0,,4.0,4.0,4.0,4.0
2021,초5,,1.0503288620523372,4.0,4.0,,4.0,4.0,4.0,4.0
2021,초5,,1.0503288620523372,3.6666666666666665,3.0,,3.0,4.0,4.0,3.0
2021,초5,,1.0503288620523372,3.6666666666666665,3.0,,4.0,4.0,3.0,3.0
2021,초5,,1.0503288620523372,3.0,3.0,,3.0,3.0,3.0,3.0
2021,초5,,1.0503288620523372,3.3333333333333335,3.0,,3.0,4.0,3.0,3.0
2021,초5,,1.1838541834338505,3.0,3.0,,3.0,3.0,3.0,3.0
2021,초5,,1.1838541834338505,3.3333333333333335,3.0,,3.0,4.0,3.0,3.0
2021,초5,,1.1838541834338505,3.0,3.0,,3.0,4.0,2.0,3.0
2021,초5,,1.1838541834338505,3.6666666666666665,3.0,,3.0,4.0,4.0,3.0
2021,초5,,1.1838541834338505,3.6666666666666665,3.0,,4.0,4.0,3.0,3.0
2021,초5,,1.1838541834338505,4.0,4.0,,4.0,4.0,4.0,4.0
2021,초5,,1.1838541834338505,3.3333333333333335,4.0,,3.0,4.0,3.0,4.0
2021,초5,,1.1838541834338505,2.6666666666666665,2.0,,3.0,3.0,2.0,2.0
2021,초5,,1.1838541834338505,3.0,3.0,,3.0,3.0,3.0,3.0
2021,초5,,1.1838541834338505,3.3333333333333335,4.0,,3.0,4.0,3.0,4.0
2021,초5,,1.1838541834338505,3.0,2.0,,3.0,4.0,2.0,2.0
2021,초4,,1.1842058475116908,3.3333333333333335,3.0,,3.0,4.0,3.0,3.0
2021,초4,,1.1842058475116908,2.6666666666666665,2.0,,3.0,4.0,1.0,2.0
2021,초4,,1.1842058475116908,3.6666666666666665,3.0,,4.0,4.0,3.0,3.0
2021,초4,,1.1842058475116908,4.0,4.0,,4.0,4.0,4.0,4.0
2021,초4,,1.1842058475116908,3.3333333333333335,3.0,,4.0,3.0,3.0,3.0
2021,초4,,1.1842058475116908,3.0,3.0,,3.0,3.0,3.0,3.0
2021,초4,,1.1842058475116908,4.0,4.0,,4.0,4.0,4.0,4.0
2021,초4,,1.1842058475116908,2.6666666666666665,3.0,,2.0,3.0,3.0,3.0
2021,초4,,1.1842058475116908,3.0,3.0,,3.0,3.0,3.0,3.0
2021,초4,,1.1842058475116908,3.6666666666666665,3.0,,3.0,4.0,4.0,3.0
2021,초4,,1.1842058475116908,3.3333333333333335,3.0,,3.0,4.0,3.0,3.0
2021,초4,,1.1842058475116908,3.0,1.0,,4.0,3.0,2.0,1.0
2021,초4,,1.1842058475116908,3.6666666666666665,3.0,,4.0,4.0,3.0,3.0
2021,초4,,1.2788952229056805,3.6666666666666665,3.0,,4.0,4.0,3.0,3.0
2021,초4,,1.2788952229056805,4.0,4.0,,4.0,4.0,4.0,4.0
2021,초4,,1.2788952229056805,3.6666666666666665,4.0,,3.0,4.0,4.0,4.0
2021,초4,,1.2788952229056805,3.0,3.0,,3.0,4.0,2.0,3.0
2021,초4,,1.2788952229056805,2.3333333333333335,3.0,,2.0,3.0,2.0,3.0
2021,초4,,1.2788952229056805,3.3333333333333335,3.0,,3.0,4.0,3.0,3.0
2021,초4,,1.2788952229056805,3.0,4.0,,3.0,3.0,3.0,4.0
2021,초4,,1.2788952229056805,3.6666666666666665,4.0,,4.0,4.0,3.0,4.0
2021,초4,,1.2788952229056805,4.0,4.0,,4.0,4.0,4.0,4.0
2021,초4,,1.2788952229056805,3.6666666666666665,4.0,,3.0,4.0,4.0,4.0
2021,초4,,1.2788952229056805,2.6666666666666665,3.0,,2.0,3.0,3.0,3.0
2021,초4,,1.2788952229056805,4.0,4.0,,4.0,4.0,4.0,4.0
2021,초4,,1.2788952229056805,3.0,3.0,,3.0,4.0,2.0,3.0
2021,초5,,1.604599016815656,4.0,4.0,,4.0,4.0,4.0,4.0
2021,초5,,1.604599016815656,4.0,4.0,,4.0,4.0,4.0,4.0
2021,초5,,1.604599016815656,3.6666666666666665,4.0,,3.0,4.0,4.0,4.0
2021,초5,,1.604599016815656,2.6666666666666665,3.0,,3.0,3.0,2.0,3.0
2021,초5,,1.604599016815656,3.0,4.0,,3.0,4.0,2.0,4.0
2021,초5,,1.604599016815656,3.3333333333333335,4.0,,3.0,4.0,3.0,4.0
2021,초5,,1.604599016815656,3.0,3.0,,2.0,4.0,3.0,3.0
2021,초5,,1.604599016815656,3.0,2.0,,3.0,3.0,3.0,2.0
2021,초5,,1.604599016815656,4.0,4.0,,4.0,4.0,4.0,4.0
2021,초5,,1.1221087425368703,3.0,3.0,,3.0,3.0,3.0,3.0
2021,초5,,1.1221087425368703,4.0,4.0,,4.0,4.0,4.0,4.0
2021,초5,,1.1221087425368703,4.0,4.0,,4.0,4.0,4.0,4.0
2021,초5,,1.1221087425368703,3.0,3.0,,3.0,3.0,3.0,3.0
2021,초5,,1.1221087425368703,3.6666666666666665,3.0,,3.0,4.0,4.0,3.0
2021,초5,,1.1221087425368703,3.0,1.0,,4.0,4.0,1.0,1.0
2021,초5,,1.1221087425368703,4.0,4.0,,4.0,4.0,4.0,4.0
2021,초5,,1.1221087425368703,3.3333333333333335,3.0,,3.0,4.0,3.0,3.0
2021,초5,,1.1221087425368703,3.3333333333333335,3.0,,3.0,4.0,3.0,3.0
2021,초5,,1.1221087425368703,3.0,3.0,,3.0,3.0,3.0,3.0
2021,초5,,1.1221087425368703,3.6666666666666665,2.0,,4.0,4.0,3.0,2.0
2021,초5,,1.1221087425368703,1.0,1.0,,1.0,1.0,1.0,1.0
2021,초5,,1.1221087425368703,4.0,4.0,,4.0,4.0,4.0,4.0
2021,초5,,1.1221087425368703,3.0,3.0,,2.0,4.0,3.0,3.0
2021,초6,,1.3521267188253951,4.0,4.0,,4.0,4.0,4.0,4.0
2021,초6,,1.3521267188253951,3.3333333333333335,3.0,,3.0,4.0,3.0,3.0
2021,초6,,1.3521267188253951,3.3333333333333335,4.0,,3.0,4.0,3.0,4.0
2021,초6,,1.3521267188253951,4.0,4.0,,4.0,4.0,4.0,4.0
2021,초6,,1.3521267188253951,3.3333333333333335,4.0,,3.0,4.0,3.0,4.0
2021,초6,,1.3521267188253951,3.3333333333333335,4.0,,3.0,4.0,3.0,4.0
2021,초6,,1.3521267188253951,3.0,3.0,,3.0,3.0,3.0,3.0
2021,초6,,1.3521267188253951,3.6666666666666665,3.0,,4.0,4.0,3.0,3.0
2021,초6,,1.3521267188253951,2.6666666666666665,2.0,,3.0,3.0,2.0,2.0
2021,초6,,1.3521267188253951,3.0,3.0,,3.0,3.0,3.0,3.0
2021,초6,,1.3521267188253951,3.6666666666666665,4.0,,3.0,4.0,4.0,4.0
2021,초6,,1.3521267188253951,3.0,3.0,,3.0,4.0,2.0,3.0
2021,초6,,1.1419908684284017,4.0,4.0,,4.0,4.0,4.0,4.0
2021,초6,,1.1419908684284017,3.0,3.0,,3.0,3.0,3.0,3.0
2021,초6,,1.1419908684284017,3.0,2.0,,3.0,4.0,2.0,2.0
2021,초6,,1.1419908684284017,3.0,3.0,,3.0,3.0,3.0,3.0
2021,초6,,1.1419908684284017,3.0,3.0,,3.0,3.0,3.0,3.0
2021,초6,,1.1419908684284017,3.6666666666666665,4.0,,4.0,4.0,3.0,4.0
2021,초6,,1.1419908684284017,4.0,4.0,,4.0,4.0,4.0,4.0
2021,초6,,1.1419908684284017,2.6666666666666665,3.0,,3.0,3.0,2.0,3.0
2021,초6,,1.1419908684284017,3.6666666666666665,3.0,,4.0,4.0,3.0,3.0
2021,초6,,1.1419908684284017,3.3333333333333335,2.0,,4.0,4.0,2.0,2.0
2021,초6,,1.1419908684284017,4.0,3.0,,4.0,4.0,4.0,3.0
2021,초6,,1.1419908684284017,4.0,4.0,,4.0,4.0,4.0,4.0
2021,초6,,1.1419908684284017,3.6666666666666665,4.0,,3.0,4.0,4.0,4.0
2021,초4,,0.8116083855985118,2.6666666666666665,,,4.0,3.0,1.0,
2021,초4,,0.8116083855985118,2.6666666666666665,2.0,,3.0,3.0,2.0,2.0
2021,초4,,0.8116083855985118,3.3333333333333335,3.0,,4.0,3.0,3.0,3.0
2021,초4,,0.8116083855985118,3.6666666666666665,3.0,,4.0,4.0,3.0,3.0
2021,초4,,0.8116083855985118,3.3333333333333335,3.0,,3.0,4.0,3.0,3.0
2021,초4,,0.8116083855985118,2.6666666666666665,4.0,,2.0,3.0,3.0,4.0
2021,초4,,0.8116083855985118,3.3333333333333335,2.0,,3.0,4.0,3.0,2.0
2021,초4,,0.8116083855985118,3.0,3.0,,3.0,4.0,2.0,3.0
2021,초4,,0.8116083855985118,3.3333333333333335,3.0,,3.0,4.0,3.0,3.0
2021,초4,,0.8116083855985118,3.3333333333333335,3.0,,4.0,4.0,2.0,3.0
2021,초4,,0.8116083855985118,3.6666666666666665,4.0,,4.0,4.0,3.0,4.0
2021,초4,,0.8116083855985118,3.6666666666666665,4.0,,3.0,4.0,4.0,4.0
2021,초4,,0.8116083855985118,3.6666666666666665,4.0,,4.0,3.0,4.0,4.0
2021,초4,,0.8116083855985118,3.3333333333333335,3.0,,3.0,4.0,3.0,3.0
2021,초4,,0.8357617894455203,3.3333333333333335,3.0,,3.0,4.0,3.0,3.0
2021,초4,,0.8357617894455203,2.3333333333333335,1.0,,3.0,3.0,1.0,1.0
2021,초4,,0.8357617894455203,4.0,4.0,,4.0,4.0,4.0,4.0
2021,초4,,0.8357617894455203,3.6666666666666665,3.0,,4.0,4.0,3.0,3.0
2021,초4,,0.8357617894455203,3.3333333333333335,4.0,,3.0,4.0,3.0,4.0
2021,초4,,0.8357617894455203,3.0,3.0,,2.0,4.0,3.0,3.0
2021,초4,,0.8357617894455203,3.6666666666666665,4.0,,4.0,3.0,4.0,4.0
2021,초4,,0.8357617894455203,3.6666666666666665,3.0,,4.0,4.0,3.0,3.0
2021,초4,,0.8357617894455203,3.3333333333333335,3.0,,4.0,3.0,3.0,3.0
2021,초4,,0.8357617894455203,4.0,4.0,,4.0,4.0,4.0,4.0
2021,초4,,0.8357617894455203,3.3333333333333335,3.0,,3.0,4.0,3.0,3.0
2021,초4,,0.8357617894455203,3.3333333333333335,4.0,,3.0,4.0,3.0,4.0
2021,초4,,0.8357617894455203,3.3333333333333335,2.0,,3.0,4.0,3.0,2.0
2021,초5,,0.6137398914179085,4.0,4.0,,4.0,4.0,4.0,4.0
2021,초5,,0.6137398914179085,3.6666666666666665,3.0,,4.0,4.0,3.0,3.0
2021,초5,,0.6137398914179085,2.6666666666666665,2.0,,3.0,3.0,2.0,2.0
2021,초5,,0.6137398914179085,3.6666666666666665,4.0,,3.0,4.0,4.0,4.0
2021,초5,,0.6137398914179085,3.3333333333333335,2.0,,4.0,4.0,2.0,2.0
2021,초5,,0.6137398914179085,3.0,2.0,,2.0,4.0,3.0,2.0
2021,초5,,0.6137398914179085,3.0,3.0,,3.0,3.0,3.0,3.0
2021,초5,,0.6137398914179085,3.6666666666666665,4.0,,4.0,4.0,3.0,4.0
2021,초5,,0.6137398914179085,3.6666666666666665,3.0,,4.0,4.0,3.0,3.0
2021,초5,,0.6137398914179085,3.6666666666666665,4.0,,3.0,4.0,4.0,4.0
2021,초5,,0.6137398914179085,3.3333333333333335,3.0,,3.0,4.0,3.0,3.0
2021,초5,,0.6137398914179085,3.3333333333333335,1.0,,4.0,3.0,3.0,1.0
2021,초5,,0.6137398914179085,3.3333333333333335,4.0,,3.0,4.0,3.0,4.0
2021,초5,,0.6137398914179085,2.6666666666666665,1.0,,3.0,4.0,1.0,1.0
2021,초5,,0.6137398914179085,3.3333333333333335,3.0,,3.0,4.0,3.0,3.0
2021,초5,,0.6137398914179085,3.0,3.0,,3.0,3.0,3.0,3.0
2021,초5,,0.7110171378441038,3.0,3.0,,3.0,4.0,2.0,3.0
2021,초5,,0.7110171378441038,2.6666666666666665,3.0,,3.0,3.0,2.0,3.0
2021,초5,,0.7110171378441038,4.0,3.0,,4.0,4.0,4.0,3.0
2021,초5,,0.7110171378441038,3.3333333333333335,4.0,,3.0,4.0,3.0,4.0
2021,초5,,0.7110171378441038,4.0,4.0,,4.0,4.0,4.0,4.0
2021,초5,,0.7110171378441038,4.0,4.0,,4.0,4.0,4.0,4.0
2021,초5,,0.7110171378441038,3.0,3.0,,3.0,3.0,3.0,3.0
2021,초5,,0.7110171378441038,3.3333333333333335,2.0,,3.0,4.0,3.0,2.0
2021,초5,,0.7110171378441038,3.3333333333333335,4.0,,2.0,4.0,4.0,4.0
2021,초5,,0.7110171378441038,4.0,3.0,,4.0,4.0,4.0,3.0
2021,초5,,0.7110171378441038,4.0,4.0,,4.0,4.0,4.0,4.0
2021,초5,,0.7110171378441038,3.0,4.0,,1.0,4.0,4.0,4.0
2021,초5,,0.7110171378441038,3.3333333333333335,2.0,,3.0,4.0,3.0,2.0
2021,초5,,0.7110171378441038,3.0,3.0,,3.0,3.0,3.0,3.0
2021,초5,,0.7110171378441038,3.0,1.0,,3.0,4.0,2.0,1.0
2021,초5,,0.7110171378441038,3.3333333333333335,4.0,,4.0,3.0,3.0,4.0
2021,초5,,0.8750980158081278,3.0,3.0,,3.0,3.0,3.0,3.0
2021,초5,,0.8750980158081278,4.0,4.0,,4.0,4.0,4.0,4.0
2021,초5,,0.8750980158081278,2.3333333333333335,3.0,,3.0,3.0,1.0,3.0
2021,초5,,0.8750980158081278,2.3333333333333335,2.0,,2.0,3.0,2.0,2.0
2021,초5,,0.8750980158081278,3.6666666666666665,4.0,,3.0,4.0,4.0,4.0
2021,초5,,0.8750980158081278,3.6666666666666665,3.0,,3.0,4.0,4.0,3.0
2021,초5,,0.8750980158081278,3.3333333333333335,4.0,,3.0,3.0,4.0,4.0
2021,초5,,0.8750980158081278,4.0,4.0,,4.0,4.0,4.0,4.0
2021,초5,,0.8750980158081278,3.0,3.0,,3.0,3.0,3.0,3.0
2021,초5,,0.8750980158081278,3.6666666666666665,4.0,,3.0,4.0,4.0,4.0
2021,초5,,0.8750980158081278,3.6666666666666665,1.0,,4.0,4.0,3.0,1.0
2021,초5,,0.8750980158081278,1.6666666666666667,1.0,,1.0,3.0,1.0,1.0
2021,초5,,0.7553721740528107,3.0,2.0,,3.0,3.0,3.0,2.0
2021,초5,,0.7553721740528107,3.0,3.0,,3.0,3.0,3.0,3.0
2021,초5,,0.7553721740528107,2.6666666666666665,3.0,,3.0,3.0,2.0,3.0
2021,초5,,0.7553721740528107,3.6666666666666665,4.0,,4.0,4.0,3.0,4.0
2021,초5,,0.7553721740528107,3.3333333333333335,4.0,,3.0,4.0,3.0,4.0
2021,초5,,0.7553721740528107,2.6666666666666665,3.0,,4.0,3.0,1.0,3.0
2021,초5,,0.7553721740528107,3.6666666666666665,4.0,,4.0,4.0,3.0,4.0
2021,초5,,0.7553721740528107,4.0,3.0,,4.0,4.0,4.0,3.0
2021,초5,,0.7553721740528107,3.0,3.0,,3.0,4.0,2.0,3.0
2021,초5,,0.7553721740528107,3.6666666666666665,4.0,,4.0,4.0,3.0,4.0
2021,초5,,0.7553721740528107,2.3333333333333335,2.0,,3.0,2.0,2.0,2.0
2021,초5,,0.7553721740528107,3.0,3.0,,3.0,3.0,3.0,3.0
2021,초5,,0.7553721740528107,3.6666666666666665,3.0,,4.0,4.0,3.0,3.0
2021,초5,,0.7553721740528107,2.6666666666666665,2.0,,3.0,4.0,1.0,2.0
2021,초4,,0.8059131541081802,2.6666666666666665,4.0,,3.0,1.0,4.0,4.0
2021,초4,,0.8059131541081802,4.0,4.0,,4.0,4.0,4.0,4.0
2021,초4,,0.8059131541081802,2.6666666666666665,4.0,,2.0,4.0,2.0,4.0
2021,초4,,0.8059131541081802,3.6666666666666665,4.0,,3.0,4.0,4.0,4.0
2021,초4,,0.8059131541081802,3.3333333333333335,3.0,,3.0,4.0,3.0,3.0
2021,초4,,0.8059131541081802,3.3333333333333335,3.0,,3.0,4.0,3.0,3.0
2021,초4,,0.8059131541081802,4.0,4.0,,4.0,4.0,4.0,4.0
2021,초4,,0.8059131541081802,3.3333333333333335,3.0,,3.0,4.0,3.0,3.0
2021,초4,,0.8059131541081802,3.6666666666666665,3.0,,4.0,4.0,3.0,3.0
2021,초4,,0.8059131541081802,3.3333333333333335,3.0,,3.0,4.0,3.0,3.0
2021,초4,,0.8059131541081802,3.3333333333333335,2.0,,3.0,4.0,3.0,2.0
2021,초4,,0.8059131541081802,3.6666666666666665,4.0,,4.0,4.0,3.0,4.0
2021,초4,,0.8059131541081802,2.0,2.0,,1.0,3.0,2.0,2.0
2021,초4,,0.7826223718271363,3.3333333333333335,2.0,,3.0,4.0,3.0,2.0
2021,초4,,0.7826223718271363,3.3333333333333335,3.0,,3.0,4.0,3.0,3.0
2021,초4,,0.7826223718271363,3.3333333333333335,3.0,,3.0,4.0,3.0,3.0
2021,초4,,0.7826223718271363,3.3333333333333335,3.0,,3.0,4.0,3.0,3.0
2021,초4,,0.7826223718271363,4.0,3.0,,4.0,4.0,4.0,3.0
2021,초4,,0.7826223718271363,3.3333333333333335,2.0,,3.0,4.0,3.0,2.0
2021,초4,,0.7826223718271363,2.3333333333333335,2.0,,2.0,3.0,2.0,2.0
2021,초4,,0.7826223718271363,2.6666666666666665,2.0,,3.0,3.0,2.0,2.0
2021,초4,,0.7826223718271363,2.3333333333333335,2.0,,1.0,4.0,2.0,2.0
2021,초4,,0.7826223718271363,4.0,4.0,,4.0,4.0,4.0,4.0
2021,초4,,0.7826223718271363,3.6666666666666665,4.0,,3.0,4.0,4.0,4.0
2021,초4,,0.7826223718271363,4.0,4.0,,4.0,4.0,4.0,4.0
2021,초4,,0.7826223718271363,3.6666666666666665,3.0,,3.0,4.0,4.0,3.0
2021,초4,,0.7826223718271363,3.6666666666666665,3.0,,4.0,4.0,3.0,3.0
2021,초4,,0.7826223718271363,3.6666666666666665,3.0,,4.0,4.0,3.0,3.0
2021,초6,,0.7199665053137742,3.3333333333333335,3.0,,3.0,4.0,3.0,3.0
2021,초6,,0.7199665053137742,4.0,4.0,,4.0,4.0,4.0,4.0
2021,초6,,0.7199665053137742,4.0,4.0,,4.0,4.0,4.0,4.0
2021,초6,,0.7199665053137742,3.0,3.0,,3.0,3.0,3.0,3.0
2021,초6,,0.7199665053137742,3.0,4.0,,3.0,3.0,3.0,4.0
2021,초6,,0.7199665053137742,3.6666666666666665,3.0,,4.0,4.0,3.0,3.0
2021,초6,,0.7199665053137742,3.0,2.0,,3.0,4.0,2.0,2.0
2021,초6,,0.7199665053137742,3.6666666666666665,2.0,,4.0,4.0,3.0,2.0
2021,초6,,0.7199665053137742,4.0,4.0,,4.0,4.0,4.0,4.0
2021,초6,,0.7199665053137742,3.6666666666666665,3.0,,4.0,4.0,3.0,3.0
2021,초6,,0.7199665053137742,2.6666666666666665,3.0,,3.0,3.0,2.0,3.0
2021,초6,,0.7199665053137742,3.0,2.0,,3.0,4.0,2.0,2.0
2021,초6,,0.7199665053137742,3.0,3.0,,3.0,3.0,3.0,3.0
2021,초6,,0.7199665053137742,4.0,4.0,,4.0,4.0,4.0,4.0
2021,초6,,0.7199665053137742,3.6666666666666665,3.0,,4.0,4.0,3.0,3.0
2021,초6,,0.7901846228073436,3.6666666666666665,3.0,,4.0,4.0,3.0,3.0
2021,초6,,0.7901846228073436,3.3333333333333335,3.0,,3.0,4.0,3.0,3.0
2021,초6,,0.7901846228073436,2.6666666666666665,3.0,,3.0,3.0,2.0,3.0
2021,초6,,0.7901846228073436,3.6666666666666665,4.0,,3.0,4.0,4.0,4.0
2021,초6,,0.7901846228073436,4.0,4.0,,4.0,4.0,4.0,4.0
2021,초6,,0.7901846228073436,4.0,4.0,,4.0,4.0,4.0,4.0
2021,초6,,0.7901846228073436,3.3333333333333335,3.0,,3.0,4.0,3.0,3.0
2021,초6,,0.7901846228073436,3.0,3.0,,3.0,3.0,3.0,3.0
2021,초6,,0.7901846228073436,3.3333333333333335,4.0,,3.0,4.0,3.0,4.0
2021,초6,,0.7901846228073436,3.3333333333333335,4.0,,3.0,4.0,3.0,4.0
2021,초6,,0.7901846228073436,3.3333333333333335,3.0,,3.0,4.0,3.0,3.0
2021,초6,,0.7901846228073436,2.6666666666666665,1.0,,3.0,4.0,1.0,1.0
2021,초6,,0.7901846228073436,3.3333333333333335,3.0,,3.0,4.0,3.0,3.0
2021,초6,,0.7901846228073436,3.3333333333333335,4.0,,3.0,3.0,4.0,4.0
2021,초6,,0.8813597715928061,3.0,3.0,,3.0,3.0,3.0,3.0
2021,초6,,0.8813597715928061,3.6666666666666665,3.0,,4.0,4.0,3.0,3.0
2021,초6,,0.8813597715928061,3.3333333333333335,3.0,,3.0,4.0,3.0,3.0
2021,초6,,0.8813597715928061,3.3333333333333335,3.0,,3.0,4.0,3.0,3.0
2021,초6,,0.8813597715928061,4.0,3.0,,4.0,4.0,4.0,3.0
2021,초6,,0.8813597715928061,2.3333333333333335,2.0,,2.0,3.0,2.0,2.0
2021,초6,,0.8813597715928061,3.6666666666666665,3.0,,4.0,4.0,3.0,3.0
2021,초6,,0.8813597715928061,3.3333333333333335,3.0,,3.0,4.0,3.0,3.0
2021,초6,,0.8813597715928061,3.3333333333333335,2.0,,3.0,4.0,3.0,2.0
2021,초6,,0.8813597715928061,3.0,1.0,,2.0,4.0,3.0,1.0
2021,초6,,0.8813597715928061,4.0,4.0,,4.0,4.0,4.0,4.0
2021,초6,,0.8813597715928061,2.6666666666666665,1.0,,3.0,3.0,2.0,1.0
2021,초6,,0.8813597715928061,3.0,1.0,,3.0,4.0,2.0,1.0
2021,초6,,0.8030395636192095,3.3333333333333335,3.0,,4.0,3.0,3.0,3.0
2021,초6,,0.8030395636192095,4.0,4.0,,4.0,4.0,4.0,4.0
2021,초6,,0.8030395636192095,3.0,3.0,,3.0,4.0,2.0,3.0
2021,초6,,0.8030395636192095,3.0,3.0,,3.0,3.0,3.0,3.0
2021,초6,,0.8030395636192095,4.0,4.0,,4.0,4.0,4.0,4.0
2021,초6,,0.8030395636192095,3.0,4.0,,4.0,4.0,1.0,4.0
2021,초6,,0.8030395636192095,4.0,4.0,,4.0,4.0,4.0,4.0
2021,초6,,0.8030395636192095,3.0,3.0,,3.0,3.0,3.0,3.0
2021,초6,,0.8030395636192095,3.6666666666666665,3.0,,4.0,4.0,3.0,3.0
2021,초6,,0.8030395636192095,3.3333333333333335,2.0,,3.0,4.0,3.0,2.0
2021,초6,,0.8030395636192095,3.6666666666666665,4.0,,4.0,4.0,3.0,4.0
2021,초6,,0.8030395636192095,3.6666666666666665,3.0,,4.0,4.0,3.0,3.0
2021,초6,,0.8030395636192095,4.0,4.0,,4.0,4.0,4.0,4.0
2021,초6,,1.5370625252676238,3.6666666666666665,3.0,,4.0,4.0,3.0,3.0
2021,초6,,1.5370625252676238,3.6666666666666665,3.0,,4.0,4.0,3.0,3.0
2021,초6,,1.5370625252676238,3.0,3.0,,3.0,3.0,3.0,3.0
2021,초6,,1.5370625252676238,3.3333333333333335,4.0,,3.0,4.0,3.0,4.0
2021,초6,,1.5370625252676238,3.0,3.0,,3.0,4.0,2.0,3.0
2021,초6,,1.5370625252676238,2.6666666666666665,1.0,,3.0,3.0,2.0,1.0
2021,초6,,1.5370625252676238,3.0,3.0,,3.0,4.0,2.0,3.0
2021,초6,,1.5370625252676238,3.0,3.0,,3.0,3.0,3.0,3.0
2021,초6,,1.5370625252676238,3.6666666666666665,2.0,,4.0,4.0,3.0,2.0
2021,초6,,1.5370625252676238,3.6666666666666665,3.0,,4.0,4.0,3.0,3.0
2021,초6,,1.5370625252676238,3.0,1.0,,3.0,3.0,3.0,1.0
2021,초6,,1.5370625252676238,3.3333333333333335,2.0,,3.0,4.0,3.0,2.0
2021,초6,,1.5448144247226137,4.0,4.0,,4.0,4.0,4.0,4.0
2021,초6,,1.5448144247226137,3.6666666666666665,4.0,,4.0,4.0,3.0,4.0
2021,초6,,1.5448144247226137,3.3333333333333335,3.0,,3.0,4.0,3.0,3.0
2021,초6,,1.5448144247226137,4.0,4.0,,4.0,4.0,4.0,4.0
2021,초6,,1.5448144247226137,3.0,3.0,,3.0,4.0,2.0,3.0
2021,초6,,1.5448144247226137,3.0,4.0,,3.0,3.0,3.0,4.0
2021,초6,,1.5448144247226137,3.3333333333333335,3.0,,3.0,4.0,3.0,3.0
2021,초6,,1.5448144247226137,4.0,3.0,,4.0,4.0,4.0,3.0
2021,초6,,1.5448144247226137,3.0,2.0,,3.0,4.0,2.0,2.0
2021,초6,,1.5448144247226137,3.6666666666666665,3.0,,4.0,4.0,3.0,3.0
2021,초6,,1.5448144247226137,2.6666666666666665,4.0,,3.0,3.0,2.0,4.0
2021,초4,,1.7386516644279009,3.3333333333333335,3.0,,3.0,4.0,3.0,3.0
2021,초4,,1.7386516644279009,3.6666666666666665,4.0,,3.0,4.0,4.0,4.0
2021,초4,,1.7386516644279009,2.6666666666666665,2.0,,3.0,3.0,2.0,2.0
2021,초4,,1.7386516644279009,3.0,3.0,,3.0,3.0,3.0,3.0
2021,초4,,1.7386516644279009,4.0,4.0,,4.0,4.0,4.0,4.0
2021,초4,,1.7386516644279009,4.0,3.0,,4.0,4.0,4.0,3.0
2021,초4,,1.7386516644279009,3.6666666666666665,3.0,,4.0,4.0,3.0,3.0
2021,초4,,1.7386516644279009,3.3333333333333335,2.0,,4.0,4.0,2.0,2.0
2021,초4,,1.7386516644279009,4.0,4.0,,4.0,4.0,4.0,4.0
2021,초4,,1.7386516644279009,3.3333333333333335,3.0,,3.0,4.0,3.0,3.0
2021,초4,,1.1534801543193467,4.0,4.0,,4.0,4.0,4.0,4.0
2021,초4,,1.1534801543193467,3.0,3.0,,3.0,3.0,3.0,3.0
2021,초4,,1.1534801543193467,2.3333333333333335,1.0,,2.0,4.0,1.0,1.0
2021,초4,,1.1534801543193467,3.6666666666666665,3.0,,4.0,3.0,4.0,3.0
2021,초4,,1.1534801543193467,3.3333333333333335,3.0,,3.0,4.0,3.0,3.0
2021,초4,,1.1534801543193467,3.6666666666666665,4.0,,3.0,4.0,4.0,4.0
2021,초4,,1.1534801543193467,4.0,4.0,,4.0,4.0,4.0,4.0
2021,초4,,1.1534801543193467,3.3333333333333335,2.0,,4.0,4.0,2.0,2.0
2021,초4,,1.1534801543193467,3.6666666666666665,3.0,,4.0,4.0,3.0,3.0
2021,초4,,1.1534801543193467,3.3333333333333335,3.0,,3.0,4.0,3.0,3.0
2021,초4,,1.1534801543193467,4.0,4.0,,4.0,4.0,4.0,4.0
2021,초4,,1.1534801543193467,3.3333333333333335,4.0,,3.0,4.0,3.0,4.0
2021,초4,,1.1534801543193467,4.0,4.0,,4.0,4.0,4.0,4.0
2021,초4,,1.1534801543193467,3.6666666666666665,4.0,,4.0,4.0,3.0,4.0
2021,초4,,1.1534801543193467,3.6666666666666665,4.0,,4.0,4.0,3.0,4.0
2021,초4,,1.1534801543193467,2.6666666666666665,2.0,,2.0,4.0,2.0,2.0
2021,초5,,1.3703469953221667,3.0,4.0,,3.0,3.0,3.0,4.0
2021,초5,,1.3703469953221667,3.0,2.0,,3.0,4.0,2.0,2.0
2021,초5,,1.3703469953221667,4.0,4.0,,4.0,4.0,4.0,4.0
2021,초5,,1.3703469953221667,3.3333333333333335,3.0,,3.0,4.0,3.0,3.0
2021,초5,,1.3703469953221667,3.6666666666666665,3.0,,3.0,4.0,4.0,3.0
2021,초5,,1.3703469953221667,3.0,3.0,,3.0,3.0,3.0,3.0
2021,초5,,1.3703469953221667,3.6666666666666665,4.0,,3.0,4.0,4.0,4.0
2021,초5,,1.3703469953221667,3.6666666666666665,3.0,,3.0,4.0,4.0,3.0
2021,초5,,1.3703469953221667,3.0,3.0,,3.0,3.0,3.0,3.0
2021,초5,,1.3703469953221667,3.6666666666666665,3.0,,4.0,4.0,3.0,3.0
2021,초5,,1.3703469953221667,3.0,3.0,,3.0,3.0,3.0,3.0
2021,초5,,1.3703469953221667,4.0,4.0,,4.0,4.0,4.0,4.0
2021,초5,,1.4485119814933154,3.0,2.0,,3.0,3.0,3.0,2.0
2021,초5,,1.4485119814933154,3.6666666666666665,4.0,,3.0,4.0,4.0,4.0
2021,초5,,1.4485119814933154,4.0,3.0,,4.0,4.0,4.0,3.0
2021,초5,,1.4485119814933154,2.6666666666666665,1.0,,3.0,3.0,2.0,1.0
2021,초5,,1.4485119814933154,3.6666666666666665,4.0,,4.0,4.0,3.0,4.0
2021,초5,,1.4485119814933154,3.0,3.0,,3.0,3.0,3.0,3.0
2021,초5,,1.4485119814933154,3.3333333333333335,3.0,,3.0,4.0,3.0,3.0
2021,초5,,1.4485119814933154,3.3333333333333335,3.0,,3.0,4.0,3.0,3.0
2021,초5,,1.4485119814933154,3.0,4.0,,2.0,3.0,4.0,4.0
2021,초5,,1.4485119814933154,3.6666666666666665,4.0,,3.0,4.0,4.0,4.0
2021,초5,,1.4485119814933154,4.0,1.0,,4.0,4.0,4.0,1.0
2021,초5,,1.4485119814933154,1.3333333333333333,1.0,,2.0,1.0,1.0,1.0
2021,초6,,1.3599614377190068,4.0,4.0,,4.0,4.0,4.0,4.0
2021,초6,,1.3599614377190068,2.6666666666666665,3.0,,3.0,3.0,2.0,3.0
2021,초6,,1.3599614377190068,3.0,3.0,,3.0,3.0,3.0,3.0
2021,초6,,1.3599614377190068,3.6666666666666665,3.0,,4.0,4.0,3.0,3.0
2021,초6,,1.3599614377190068,3.0,3.0,,3.0,3.0,3.0,3.0
2021,초6,,1.3599614377190068,3.0,2.0,,3.0,3.0,3.0,2.0
2021,초6,,1.3599614377190068,3.3333333333333335,4.0,,3.0,3.0,4.0,4.0
2021,초6,,1.3599614377190068,2.0,2.0,,2.0,2.0,2.0,2.0
2021,초6,,1.3599614377190068,3.0,3.0,,3.0,4.0,2.0,3.0
2021,초6,,1.3599614377190068,2.6666666666666665,3.0,,3.0,3.0,2.0,3.0
2021,초6,,1.3599614377190068,2.6666666666666665,3.0,,3.0,3.0,2.0,3.0
2021,초6,,1.3599614377190068,3.6666666666666665,3.0,,4.0,4.0,3.0,3.0
2021,초6,,1.1697417510927148,2.6666666666666665,2.0,,3.0,3.0,2.0,2.0
2021,초6,,1.1697417510927148,3.0,2.0,,3.0,4.0,2.0,2.0
2021,초6,,1.1697417510927148,3.0,,,3.0,3.0,3.0,
2021,초6,,1.1697417510927148,3.6666666666666665,2.0,,4.0,4.0,3.0,2.0
2021,초6,,1.1697417510927148,3.3333333333333335,2.0,,3.0,4.0,3.0,2.0
2021,초6,,1.1697417510927148,3.6666666666666665,4.0,,4.0,4.0,3.0,4.0
2021,초6,,1.1697417510927148,2.6666666666666665,2.0,,3.0,3.0,2.0,2.0
2021,초6,,1.1697417510927148,3.3333333333333335,3.0,,3.0,4.0,3.0,3.0
2021,초6,,1.1697417510927148,3.3333333333333335,3.0,,3.0,4.0,3.0,3.0
2021,초6,,1.1697417510927148,2.6666666666666665,2.0,,3.0,3.0,2.0,2.0
2021,초6,,1.1697417510927148,2.6666666666666665,3.0,,2.0,3.0,3.0,3.0
2021,초6,,1.1697417510927148,2.6666666666666665,3.0,,3.0,3.0,2.0,3.0
2021,초6,,1.1697417510927148,3.6666666666666665,4.0,,3.0,4.0,4.0,4.0
2021,초6,,1.1697417510927148,2.6666666666666665,2.0,,3.0,3.0,2.0,2.0
2021,초6,,1.1697417510927148,2.6666666666666665,2.0,,3.0,3.0,2.0,2.0
2021,초4,,1.1988941934875497,3.3333333333333335,3.0,,3.0,4.0,3.0,3.0
2021,초4,,1.1988941934875497,3.0,3.0,,3.0,3.0,3.0,3.0
2021,초4,,1.1988941934875497,2.6666666666666665,2.0,,3.0,3.0,2.0,2.0
2021,초4,,1.1988941934875497,2.0,4.0,,2.0,2.0,2.0,4.0
2021,초4,,1.1988941934875497,1.0,1.0,,1.0,1.0,1.0,1.0
2021,초4,,1.1988941934875497,3.3333333333333335,2.0,,3.0,4.0,3.0,2.0
2021,초4,,1.1988941934875497,2.0,1.0,,2.0,3.0,1.0,1.0
2021,초4,,1.1988941934875497,3.0,3.0,,3.0,3.0,3.0,3.0
2021,초4,,1.1988941934875497,4.0,4.0,,4.0,4.0,4.0,4.0
2021,초4,,1.1988941934875497,3.0,2.0,,2.0,4.0,3.0,2.0
2021,초4,,1.1988941934875497,2.3333333333333335,2.0,,2.0,3.0,2.0,2.0
2021,초4,,1.1988941934875497,2.0,1.0,,2.0,3.0,1.0,1.0
2021,초4,,1.1988941934875497,3.6666666666666665,3.0,,4.0,4.0,3.0,3.0
2021,초4,,1.1988941934875497,2.6666666666666665,1.0,,3.0,4.0,1.0,1.0
2021,초4,,1.1988941934875497,3.0,1.0,,2.0,4.0,3.0,1.0
2021,초4,,1.658846853372043,3.3333333333333335,4.0,,3.0,4.0,3.0,4.0
2021,초4,,1.658846853372043,3.6666666666666665,4.0,,3.0,4.0,4.0,4.0
2021,초4,,1.658846853372043,4.0,4.0,,4.0,4.0,4.0,4.0
2021,초4,,1.658846853372043,3.3333333333333335,4.0,,3.0,4.0,3.0,4.0
2021,초4,,1.658846853372043,3.6666666666666665,3.0,,3.0,4.0,4.0,3.0
2021,초4,,1.658846853372043,3.0,2.0,,3.0,4.0,2.0,2.0
2021,초4,,1.658846853372043,3.3333333333333335,4.0,,3.0,4.0,3.0,4.0
2021,초4,,1.658846853372043,3.6666666666666665,4.0,,3.0,4.0,4.0,4.0
2021,초4,,1.658846853372043,3.0,4.0,,1.0,4.0,4.0,4.0
2021,초4,,1.658846853372043,3.0,3.0,,3.0,3.0,3.0,3.0
2021,초5,,1.4643139303823332,2.3333333333333335,3.0,,2.0,2.0,3.0,3.0
2021,초5,,1.4643139303823332,2.3333333333333335,3.0,,2.0,2.0,3.0,3.0
2021,초5,,1.4643139303823332,3.3333333333333335,3.0,,3.0,4.0,3.0,3.0
2021,초5,,1.4643139303823332,3.0,3.0,,3.0,3.0,3.0,3.0
2021,초5,,1.4643139303823332,3.3333333333333335,4.0,,4.0,3.0,3.0,4.0
2021,초5,,1.4643139303823332,3.0,3.0,,3.0,3.0,3.0,3.0
2021,초5,,1.4643139303823332,3.0,1.0,,3.0,4.0,2.0,1.0
2021,초5,,1.4643139303823332,4.0,4.0,,4.0,4.0,4.0,4.0
2021,초5,,1.4643139303823332,3.3333333333333335,3.0,,4.0,3.0,3.0,3.0
2021,초5,,1.4643139303823332,3.3333333333333335,4.0,,3.0,4.0,3.0,4.0
2021,초5,,1.4643139303823332,2.6666666666666665,3.0,,2.0,4.0,2.0,3.0
2021,초5,,1.39476216582784,2.0,1.0,,3.0,2.0,1.0,1.0
2021,초5,,1.39476216582784,3.3333333333333335,4.0,,4.0,3.0,3.0,4.0
2021,초5,,1.39476216582784,2.6666666666666665,3.0,,3.0,3.0,2.0,3.0
2021,초5,,1.39476216582784,3.0,3.0,,3.0,3.0,3.0,3.0
2021,초5,,1.39476216582784,3.0,3.0,,2.0,4.0,3.0,3.0
2021,초5,,1.39476216582784,3.0,3.0,,3.0,3.0,3.0,3.0
2021,초5,,1.39476216582784,3.0,3.0,,3.0,3.0,3.0,3.0
2021,초5,,1.39476216582784,3.0,3.0,,3.0,3.0,3.0,3.0
2021,초5,,1.39476216582784,4.0,4.0,,4.0,4.0,4.0,4.0
2021,초5,,1.39476216582784,3.0,3.0,,3.0,3.0,3.0,3.0
2021,초5,,1.39476216582784,3.3333333333333335,4.0,,3.0,3.0,4.0,4.0
2021,초5,,1.39476216582784,3.0,3.0,,3.0,3.0,3.0,3.0
2021,초4,,0.9899496688614984,4.0,4.0,,4.0,4.0,4.0,4.0
2021,초4,,0.9899496688614984,3.6666666666666665,3.0,,4.0,4.0,3.0,3.0
2021,초4,,0.9899496688614984,2.6666666666666665,1.0,,3.0,3.0,2.0,1.0
2021,초4,,0.9899496688614984,3.6666666666666665,4.0,,3.0,4.0,4.0,4.0
2021,초4,,0.9899496688614984,3.0,3.0,,3.0,3.0,3.0,3.0
2021,초4,,0.9899496688614984,3.0,3.0,,3.0,3.0,3.0,3.0
2021,초4,,0.9899496688614984,2.6666666666666665,2.0,,3.0,4.0,1.0,2.0
2021,초4,,0.9899496688614984,3.3333333333333335,3.0,,3.0,4.0,3.0,3.0
2021,초4,,0.9899496688614984,3.0,3.0,,3.0,3.0,3.0,3.0
2021,초4,,0.9899496688614984,2.3333333333333335,3.0,,1.0,3.0,3.0,3.0
2021,초4,,0.9899496688614984,3.3333333333333335,3.0,,3.0,4.0,3.0,3.0
2021,초4,,0.9899496688614984,3.3333333333333335,3.0,,3.0,3.0,4.0,3.0
2021,초4,,0.9899496688614984,3.0,3.0,,3.0,3.0,3.0,3.0
2021,초4,,0.8275074207680977,3.3333333333333335,3.0,,3.0,4.0,3.0,3.0
2021,초4,,0.8275074207680977,2.6666666666666665,1.0,,3.0,3.0,2.0,1.0
2021,초4,,0.8275074207680977,3.0,2.0,,3.0,3.0,3.0,2.0
2021,초4,,0.8275074207680977,4.0,3.0,,4.0,4.0,4.0,3.0
2021,초4,,0.8275074207680977,4.0,3.0,,4.0,4.0,4.0,3.0
2021,초4,,0.8275074207680977,3.0,3.0,,3.0,3.0,3.0,3.0
2021,초4,,0.8275074207680977,2.6666666666666665,2.0,,3.0,3.0,2.0,2.0
2021,초4,,0.8275074207680977,3.0,2.0,,3.0,4.0,2.0,2.0
2021,초4,,0.8275074207680977,3.6666666666666665,4.0,,4.0,3.0,4.0,4.0
2021,초4,,0.8275074207680977,3.0,3.0,,2.0,4.0,3.0,3.0
2021,초4,,0.8275074207680977,3.3333333333333335,3.0,,3.0,4.0,3.0,3.0
2021,초4,,0.8275074207680977,3.3333333333333335,3.0,,3.0,4.0,3.0,3.0
2021,초4,,0.8275074207680977,2.6666666666666665,4.0,,3.0,3.0,2.0,4.0
2021,초6,,0.7602689250060923,3.3333333333333335,3.0,,3.0,4.0,3.0,3.0
2021,초6,,0.7602689250060923,3.3333333333333335,4.0,,3.0,3.0,4.0,4.0
2021,초6,,0.7602689250060923,3.0,3.0,,3.0,3.0,3.0,3.0
2021,초6,,0.7602689250060923,3.0,3.0,,3.0,3.0,3.0,3.0
2021,초6,,0.7602689250060923,3.0,4.0,,3.0,3.0,3.0,4.0
2021,초6,,0.7602689250060923,3.0,3.0,,3.0,3.0,3.0,3.0
2021,초6,,0.7602689250060923,3.3333333333333335,4.0,,3.0,4.0,3.0,4.0
2021,초6,,0.7602689250060923,3.3333333333333335,3.0,,3.0,4.0,3.0,3.0
2021,초6,,0.7602689250060923,3.6666666666666665,3.0,,4.0,4.0,3.0,3.0
2021,초6,,0.7602689250060923,3.3333333333333335,4.0,,3.0,4.0,3.0,4.0
2021,초6,,0.7602689250060923,3.6666666666666665,2.0,,3.0,4.0,4.0,2.0
2021,초6,,0.7602689250060923,3.0,3.0,,3.0,3.0,3.0,3.0
2021,초6,,0.8527089400488953,4.0,3.0,,4.0,4.0,4.0,3.0
2021,초6,,0.8527089400488953,4.0,1.0,,4.0,4.0,4.0,1.0
2021,초6,,0.8527089400488953,3.3333333333333335,3.0,,3.0,4.0,3.0,3.0
2021,초6,,0.8527089400488953,3.3333333333333335,3.0,,3.0,4.0,3.0,3.0
2021,초6,,0.8527089400488953,3.0,3.0,,3.0,4.0,2.0,3.0
2021,초6,,0.8527089400488953,4.0,4.0,,4.0,4.0,4.0,4.0
2021,초6,,0.8527089400488953,3.0,2.0,,3.0,4.0,2.0,2.0
2021,초6,,0.8527089400488953,3.0,3.0,,3.0,3.0,3.0,3.0
2021,초6,,0.8527089400488953,3.0,3.0,,3.0,3.0,3.0,3.0
2021,초6,,0.8527089400488953,2.3333333333333335,3.0,,1.0,3.0,3.0,3.0
2021,초6,,0.8527089400488953,4.0,4.0,,4.0,4.0,4.0,4.0
2021,초6,,0.8527089400488953,4.0,4.0,,4.0,4.0,4.0,4.0
2021,초6,,0.8527089400488953,4.0,4.0,,4.0,4.0,4.0,4.0
2021,초6,,0.8527089400488953,3.6666666666666665,4.0,,3.0,4.0,4.0,4.0
2021,초6,,0.8527089400488953,3.6666666666666665,4.0,,3.0,4.0,4.0,4.0
2021,초6,,0.8527089400488953,4.0,4.0,,4.0,4.0,4.0,4.0
2021,초6,,0.8527089400488953,4.0,4.0,,4.0,4.0,4.0,4.0
2021,초6,,0.7349266275058893,4.0,4.0,,4.0,4.0,4.0,4.0
2021,초6,,0.7349266275058893,2.6666666666666665,3.0,,3.0,3.0,2.0,3.0
2021,초6,,0.7349266275058893,4.0,4.0,,4.0,4.0,4.0,4.0
2021,초6,,0.7349266275058893,2.6666666666666665,2.0,,3.0,3.0,2.0,2.0
2021,초6,,0.7349266275058893,3.6666666666666665,3.0,,3.0,4.0,4.0,3.0
2021,초6,,0.7349266275058893,3.3333333333333335,3.0,,3.0,3.0,4.0,3.0
2021,초6,,0.7349266275058893,3.6666666666666665,3.0,,4.0,4.0,3.0,3.0
2021,초6,,0.7349266275058893,4.0,4.0,,4.0,4.0,4.0,4.0
2021,초6,,0.7349266275058893,3.3333333333333335,3.0,,3.0,4.0,3.0,3.0
2021,초6,,0.7349266275058893,3.3333333333333335,2.0,,3.0,4.0,3.0,2.0
2021,초6,,0.7349266275058893,3.0,3.0,,3.0,3.0,3.0,3.0
2021,초6,,0.7349266275058893,3.0,3.0,,3.0,3.0,3.0,3.0
2021,초6,,0.7349266275058893,3.0,4.0,,3.0,3.0,3.0,4.0
2021,초6,,0.7349266275058893,2.6666666666666665,2.0,,3.0,3.0,2.0,2.0
2021,초6,,0.7349266275058893,3.6666666666666665,2.0,,3.0,4.0,4.0,2.0
2021,초6,,0.7349266275058893,3.3333333333333335,3.0,,3.0,3.0,4.0,3.0
2021,초6,,0.7349266275058893,2.6666666666666665,2.0,,3.0,3.0,2.0,2.0
2021,초6,,0.7349266275058893,2.6666666666666665,3.0,,3.0,3.0,2.0,3.0
2021,초6,,0.8242853087139322,3.6666666666666665,3.0,,3.0,4.0,4.0,3.0
2021,초6,,0.8242853087139322,3.0,3.0,,3.0,3.0,3.0,3.0
2021,초6,,0.8242853087139322,2.0,1.0,,2.0,3.0,1.0,1.0
2021,초6,,0.8242853087139322,2.6666666666666665,1.0,,2.0,3.0,3.0,1.0
2021,초6,,0.8242853087139322,2.0,1.0,,2.0,3.0,1.0,1.0
2021,초6,,0.8242853087139322,3.6666666666666665,3.0,,4.0,4.0,3.0,3.0
2021,초6,,0.8242853087139322,2.0,1.0,,2.0,3.0,1.0,1.0
2021,초6,,0.8242853087139322,3.3333333333333335,3.0,,3.0,4.0,3.0,3.0
2021,초6,,0.8242853087139322,4.0,4.0,,4.0,4.0,4.0,4.0
2021,초6,,0.8242853087139322,3.0,3.0,,3.0,3.0,3.0,3.0
2021,초6,,0.8242853087139322,3.3333333333333335,2.0,,3.0,4.0,3.0,2.0
2021,초6,,0.8242853087139322,3.6666666666666665,3.0,,4.0,4.0,3.0,3.0
2021,초5,,0.959621060423419,2.0,1.0,,3.0,1.0,2.0,1.0
2021,초5,,0.959621060423419,2.6666666666666665,2.0,,3.0,2.0,3.0,2.0
2021,초5,,0.959621060423419,3.3333333333333335,3.0,,3.0,3.0,4.0,3.0
2021,초5,,0.959621060423419,3.0,2.0,,3.0,3.0,3.0,2.0
2021,초5,,0.959621060423419,3.0,4.0,,4.0,2.0,3.0,4.0
2021,초5,,0.959621060423419,3.0,3.0,,3.0,3.0,3.0,3.0
2021,초5,,0.959621060423419,3.0,4.0,,4.0,1.0,4.0,4.0
2021,초5,,0.959621060423419,3.0,2.0,,3.0,3.0,3.0,2.0
2021,초5,,0.959621060423419,3.0,3.0,,3.0,3.0,3.0,3.0
2021,초5,,0.959621060423419,2.6666666666666665,2.0,,3.0,3.0,2.0,2.0
2021,초5,,0.959621060423419,3.0,4.0,,3.0,3.0,3.0,4.0
2021,초5,,0.959621060423419,2.6666666666666665,4.0,,3.0,2.0,3.0,4.0
2021,초5,,0.8448206321067635,1.6666666666666667,2.0,,1.0,2.0,2.0,2.0
2021,초5,,0.8448206321067635,3.3333333333333335,4.0,,3.0,3.0,4.0,4.0
2021,초5,,0.8448206321067635,3.3333333333333335,4.0,,3.0,3.0,4.0,4.0
2021,초5,,0.8448206321067635,3.3333333333333335,3.0,,3.0,4.0,3.0,3.0
2021,초5,,0.8448206321067635,3.3333333333333335,3.0,,3.0,4.0,3.0,3.0
2021,초5,,0.8448206321067635,3.0,4.0,,3.0,2.0,4.0,4.0
2021,초5,,0.8448206321067635,3.0,3.0,,3.0,3.0,3.0,3.0
2021,초5,,0.8448206321067635,2.6666666666666665,2.0,,3.0,3.0,2.0,2.0
2021,초5,,0.8448206321067635,3.3333333333333335,4.0,,3.0,3.0,4.0,4.0
2021,초5,,0.8448206321067635,3.6666666666666665,4.0,,4.0,3.0,4.0,4.0
2021,초5,,0.8448206321067635,3.0,3.0,,3.0,3.0,3.0,3.0
2021,초5,,0.8448206321067635,3.0,3.0,,3.0,3.0,3.0,3.0
2021,초5,,0.8448206321067635,3.3333333333333335,4.0,,3.0,4.0,3.0,4.0
2021,초5,,0.9600234455758675,4.0,4.0,,4.0,4.0,4.0,4.0
2021,초5,,0.9600234455758675,3.0,4.0,,3.0,3.0,3.0,4.0
2021,초5,,0.9600234455758675,3.3333333333333335,4.0,,3.0,4.0,3.0,4.0
2021,초5,,0.9600234455758675,3.6666666666666665,4.0,,3.0,4.0,4.0,4.0
2021,초5,,0.9600234455758675,4.0,4.0,,4.0,4.0,4.0,4.0
2021,초5,,0.9600234455758675,4.0,4.0,,4.0,4.0,4.0,4.0
2021,초5,,0.9600234455758675,4.0,4.0,,4.0,4.0,4.0,4.0
2021,초5,,0.9600234455758675,3.6666666666666665,4.0,,3.0,4.0,4.0,4.0
2021,초5,,0.9600234455758675,3.3333333333333335,4.0,,3.0,4.0,3.0,4.0
2021,초5,,0.9600234455758675,2.6666666666666665,2.0,,3.0,3.0,2.0,2.0
2021,초5,,0.9600234455758675,3.3333333333333335,4.0,,3.0,4.0,3.0,4.0
2021,초5,,1.0904784777538852,3.0,3.0,,2.0,4.0,3.0,3.0
2021,초5,,1.0904784777538852,3.3333333333333335,3.0,,3.0,4.0,3.0,3.0
2021,초5,,1.0904784777538852,3.6666666666666665,4.0,,3.0,4.0,4.0,4.0
2021,초5,,1.0904784777538852,3.3333333333333335,3.0,,2.0,4.0,4.0,3.0
2021,초5,,1.0904784777538852,4.0,4.0,,4.0,4.0,4.0,4.0
2021,초5,,1.0904784777538852,3.0,1.0,,3.0,3.0,3.0,1.0
2021,초5,,1.0904784777538852,2.6666666666666665,3.0,,2.0,3.0,3.0,3.0
2021,초5,,1.0904784777538852,3.6666666666666665,3.0,,4.0,4.0,3.0,3.0
2021,초5,,1.0904784777538852,3.0,3.0,,3.0,3.0,3.0,3.0
2021,초5,,1.0904784777538852,3.6666666666666665,4.0,,3.0,4.0,4.0,4.0
2021,초5,,1.0904784777538852,3.0,3.0,,3.0,3.0,3.0,3.0
2021,초4,,0.7968589977766867,4.0,4.0,,4.0,4.0,4.0,4.0
2021,초4,,0.7968589977766867,4.0,4.0,,4.0,4.0,4.0,4.0
2021,초4,,0.7968589977766867,4.0,4.0,,4.0,4.0,4.0,4.0
2021,초4,,0.7968589977766867,3.3333333333333335,1.0,,2.0,4.0,4.0,1.0
2021,초4,,0.7968589977766867,3.6666666666666665,4.0,,3.0,4.0,4.0,4.0
2021,초4,,0.7968589977766867,3.6666666666666665,4.0,,4.0,4.0,3.0,4.0
2021,초4,,0.7968589977766867,3.0,3.0,,3.0,3.0,3.0,3.0
2021,초4,,0.7968589977766867,3.0,3.0,,3.0,3.0,3.0,3.0
2021,초4,,0.7968589977766867,3.6666666666666665,4.0,,4.0,4.0,3.0,4.0
2021,초4,,0.7968589977766867,3.6666666666666665,4.0,,4.0,4.0,3.0,4.0
2021,초4,,0.7968589977766867,3.3333333333333335,4.0,,3.0,4.0,3.0,4.0
2021,초4,,0.7968589977766867,3.3333333333333335,3.0,,3.0,4.0,3.0,3.0
2021,초4,,0.7968589977766867,3.0,4.0,,4.0,3.0,2.0,4.0
2021,초4,,0.7968589977766867,3.0,3.0,,3.0,3.0,3.0,3.0
2021,초4,,0.7968589977766867,2.6666666666666665,2.0,,3.0,3.0,2.0,2.0
2021,초4,,0.9532848663110725,3.6666666666666665,4.0,,3.0,4.0,4.0,4.0
2021,초4,,0.9532848663110725,3.0,3.0,,3.0,4.0,2.0,3.0
2021,초4,,0.9532848663110725,4.0,4.0,,4.0,4.0,4.0,4.0
2021,초4,,0.9532848663110725,4.0,4.0,,4.0,4.0,4.0,4.0
2021,초4,,0.9532848663110725,3.6666666666666665,4.0,,4.0,3.0,4.0,4.0
2021,초4,,0.9532848663110725,4.0,4.0,,4.0,4.0,4.0,4.0
2021,초4,,0.9532848663110725,3.0,3.0,,3.0,3.0,3.0,3.0
2021,초4,,0.9532848663110725,3.0,3.0,,3.0,3.0,3.0,3.0
2021,초4,,0.9532848663110725,3.3333333333333335,3.0,,3.0,4.0,3.0,3.0
2021,초4,,0.9532848663110725,2.6666666666666665,2.0,,3.0,3.0,2.0,2.0
2021,초4,,0.9532848663110725,2.3333333333333335,3.0,,2.0,3.0,2.0,3.0
2021,초4,,0.9532848663110725,3.3333333333333335,3.0,,4.0,3.0,3.0,3.0
2021,초4,,0.9078019171227869,3.6666666666666665,4.0,,3.0,4.0,4.0,4.0
2021,초4,,0.9078019171227869,3.3333333333333335,4.0,,3.0,4.0,3.0,4.0
2021,초4,,0.9078019171227869,3.6666666666666665,3.0,,4.0,4.0,3.0,3.0
2021,초4,,0.9078019171227869,3.3333333333333335,4.0,,3.0,4.0,3.0,4.0
2021,초4,,0.9078019171227869,4.0,4.0,,4.0,4.0,4.0,4.0
2021,초4,,0.9078019171227869,3.3333333333333335,3.0,,3.0,4.0,3.0,3.0
2021,초4,,0.9078019171227869,3.3333333333333335,4.0,,3.0,4.0,3.0,4.0
2021,초4,,0.9078019171227869,4.0,3.0,,4.0,4.0,4.0,3.0
2021,초4,,0.9078019171227869,3.6666666666666665,4.0,,4.0,4.0,3.0,4.0
2021,초4,,0.9078019171227869,2.6666666666666665,2.0,,3.0,3.0,2.0,2.0
2021,초4,,0.9078019171227869,3.6666666666666665,4.0,,3.0,4.0,4.0,4.0
2021,초4,,0.9078019171227869,3.6666666666666665,3.0,,4.0,4.0,3.0,3.0
2021,초4,,1.0656331156653311,3.6666666666666665,3.0,,4.0,4.0,3.0,3.0
2021,초4,,1.0656331156653311,3.3333333333333335,3.0,,3.0,4.0,3.0,3.0
2021,초4,,1.0656331156653311,3.0,1.0,,4.0,4.0,1.0,1.0
2021,초4,,1.0656331156653311,2.6666666666666665,3.0,,3.0,2.0,3.0,3.0
2021,초4,,1.0656331156653311,3.6666666666666665,4.0,,3.0,4.0,4.0,4.0
2021,초4,,1.0656331156653311,3.6666666666666665,3.0,,4.0,4.0,3.0,3.0
2021,초4,,1.0656331156653311,4.0,4.0,,4.0,4.0,4.0,4.0
2021,초4,,1.0656331156653311,3.6666666666666665,3.0,,4.0,4.0,3.0,3.0
2021,초4,,1.0656331156653311,3.6666666666666665,4.0,,4.0,4.0,3.0,4.0
2021,초4,,1.0656331156653311,4.0,4.0,,4.0,4.0,4.0,4.0
2021,초4,,1.0656331156653311,3.6666666666666665,3.0,,3.0,4.0,4.0,3.0
2021,초4,,1.0656331156653311,4.0,4.0,,4.0,4.0,4.0,4.0
2021,초5,,0.7894294706695077,4.0,4.0,,4.0,4.0,4.0,4.0
2021,초5,,0.7894294706695077,2.3333333333333335,1.0,,3.0,3.0,1.0,1.0
2021,초5,,0.7894294706695077,3.3333333333333335,3.0,,3.0,4.0,3.0,3.0
2021,초5,,0.7894294706695077,3.3333333333333335,3.0,,3.0,3.0,4.0,3.0
2021,초5,,0.7894294706695077,3.3333333333333335,4.0,,3.0,4.0,3.0,4.0
2021,초5,,0.7894294706695077,2.6666666666666665,3.0,,3.0,3.0,2.0,3.0
2021,초5,,0.7894294706695077,4.0,4.0,,4.0,4.0,4.0,4.0
2021,초5,,0.7894294706695077,3.6666666666666665,4.0,,4.0,4.0,3.0,4.0
2021,초5,,0.7894294706695077,4.0,4.0,,4.0,4.0,4.0,4.0
2021,초5,,0.7894294706695077,4.0,4.0,,4.0,4.0,4.0,4.0
2021,초5,,0.7894294706695077,2.6666666666666665,3.0,,3.0,2.0,3.0,3.0
2021,초5,,0.7894294706695077,3.6666666666666665,4.0,,3.0,4.0,4.0,4.0
2021,초5,,0.7894294706695077,3.0,3.0,,3.0,3.0,3.0,3.0
2021,초5,,0.8019942628840595,4.0,4.0,,4.0,4.0,4.0,4.0
2021,초5,,0.8019942628840595,3.6666666666666665,4.0,,3.0,4.0,4.0,4.0
2021,초5,,0.8019942628840595,3.6666666666666665,4.0,,3.0,4.0,4.0,4.0
2021,초5,,0.8019942628840595,3.6666666666666665,4.0,,3.0,4.0,4.0,4.0
2021,초5,,0.8019942628840595,2.6666666666666665,3.0,,2.0,3.0,3.0,3.0
2021,초5,,0.8019942628840595,3.6666666666666665,4.0,,3.0,4.0,4.0,4.0
2021,초5,,0.8019942628840595,3.3333333333333335,4.0,,3.0,4.0,3.0,4.0
2021,초5,,0.8019942628840595,3.6666666666666665,3.0,,3.0,4.0,4.0,3.0
2021,초5,,0.8019942628840595,3.3333333333333335,3.0,,3.0,4.0,3.0,3.0
2021,초5,,0.8019942628840595,3.3333333333333335,3.0,,3.0,4.0,3.0,3.0
2021,초5,,0.8019942628840595,3.3333333333333335,4.0,,4.0,3.0,3.0,4.0
2021,초5,,0.8019942628840595,3.6666666666666665,4.0,,3.0,4.0,4.0,4.0
2021,초5,,0.8019942628840595,3.3333333333333335,4.0,,3.0,3.0,4.0,4.0
2021,초5,,0.8019942628840595,3.6666666666666665,4.0,,3.0,4.0,4.0,4.0
2021,초5,,0.8019942628840595,4.0,4.0,,4.0,4.0,4.0,4.0
2021,초6,,0.8553658715076651,3.3333333333333335,4.0,,3.0,4.0,3.0,4.0
2021,초6,,0.8553658715076651,3.6666666666666665,2.0,,4.0,4.0,3.0,2.0
2021,초6,,0.8553658715076651,3.3333333333333335,4.0,,3.0,4.0,3.0,4.0
2021,초6,,0.8553658715076651,3.6666666666666665,4.0,,4.0,4.0,3.0,4.0
2021,초6,,0.8553658715076651,4.0,3.0,,4.0,4.0,4.0,3.0
2021,초6,,0.8553658715076651,2.6666666666666665,2.0,,3.0,3.0,2.0,2.0
2021,초6,,0.8553658715076651,3.0,3.0,,3.0,3.0,3.0,3.0
2021,초6,,0.8553658715076651,3.0,3.0,,3.0,3.0,3.0,3.0
2021,초6,,0.8553658715076651,3.0,3.0,,3.0,3.0,3.0,3.0
2021,초6,,0.8553658715076651,3.6666666666666665,3.0,,4.0,4.0,3.0,3.0
2021,초6,,0.8553658715076651,3.0,1.0,,4.0,3.0,2.0,1.0
2021,초6,,0.8553658715076651,3.3333333333333335,2.0,,3.0,4.0,3.0,2.0
2021,초6,,0.8553658715076651,3.3333333333333335,3.0,,3.0,4.0,3.0,3.0
2021,초6,,0.8553658715076651,4.0,4.0,,4.0,4.0,4.0,4.0
2021,초6,,0.8553658715076651,3.0,2.0,,3.0,3.0,3.0,2.0
2021,초6,,0.866775871590017,3.3333333333333335,3.0,,3.0,4.0,3.0,3.0
2021,초6,,0.866775871590017,3.0,2.0,,3.0,3.0,3.0,2.0
2021,초6,,0.866775871590017,2.3333333333333335,1.0,,3.0,3.0,1.0,1.0
2021,초6,,0.866775871590017,3.6666666666666665,4.0,,3.0,4.0,4.0,4.0
2021,초6,,0.866775871590017,3.0,3.0,,3.0,3.0,3.0,3.0
2021,초6,,0.866775871590017,2.3333333333333335,1.0,,3.0,3.0,1.0,1.0
2021,초6,,0.866775871590017,3.3333333333333335,4.0,,4.0,3.0,3.0,4.0
2021,초6,,0.866775871590017,4.0,4.0,,4.0,4.0,4.0,4.0
2021,초6,,0.866775871590017,3.3333333333333335,4.0,,3.0,4.0,3.0,4.0
2021,초6,,0.866775871590017,3.3333333333333335,3.0,,4.0,3.0,3.0,3.0
2021,초6,,0.866775871590017,2.6666666666666665,1.0,,1.0,4.0,3.0,1.0
2021,초6,,0.866775871590017,3.6666666666666665,3.0,,4.0,4.0,3.0,3.0
2021,초5,,0.7622077647843524,3.6666666666666665,4.0,,3.0,4.0,4.0,4.0
2021,초5,,0.7622077647843524,3.6666666666666665,3.0,,3.0,4.0,4.0,3.0
2021,초5,,0.7622077647843524,4.0,4.0,,4.0,4.0,4.0,4.0
2021,초5,,0.7622077647843524,4.0,4.0,,4.0,4.0,4.0,4.0
2021,초5,,0.7622077647843524,4.0,4.0,,4.0,4.0,4.0,4.0
2021,초5,,0.7622077647843524,3.6666666666666665,4.0,,4.0,4.0,3.0,4.0
2021,초5,,0.7622077647843524,4.0,4.0,,4.0,4.0,4.0,4.0
2021,초5,,0.7622077647843524,3.6666666666666665,3.0,,4.0,4.0,3.0,3.0
2021,초5,,0.7622077647843524,4.0,3.0,,4.0,4.0,4.0,3.0
2021,초5,,0.7622077647843524,3.6666666666666665,4.0,,3.0,4.0,4.0,4.0
2021,초5,,0.7622077647843524,3.6666666666666665,3.0,,4.0,4.0,3.0,3.0
2021,초5,,0.7622077647843524,4.0,3.0,,4.0,4.0,4.0,3.0
2021,초5,,0.7622077647843524,4.0,4.0,,4.0,4.0,4.0,4.0
2021,초5,,0.7743392883018506,3.3333333333333335,3.0,,3.0,4.0,3.0,3.0
2021,초5,,0.7743392883018506,3.3333333333333335,3.0,,3.0,4.0,3.0,3.0
2021,초5,,0.7743392883018506,3.6666666666666665,4.0,,4.0,4.0,3.0,4.0
2021,초5,,0.7743392883018506,2.0,1.0,,2.0,3.0,1.0,1.0
2021,초5,,0.7743392883018506,4.0,4.0,,4.0,4.0,4.0,4.0
2021,초5,,0.7743392883018506,2.6666666666666665,3.0,,2.0,3.0,3.0,3.0
2021,초5,,0.7743392883018506,3.3333333333333335,3.0,,3.0,4.0,3.0,3.0
2021,초5,,0.7743392883018506,2.6666666666666665,3.0,,1.0,4.0,3.0,3.0
2021,초5,,0.7743392883018506,3.6666666666666665,4.0,,3.0,4.0,4.0,4.0
2021,초5,,0.7743392883018506,3.3333333333333335,2.0,,3.0,4.0,3.0,2.0
2021,초5,,0.7743392883018506,3.3333333333333335,3.0,,3.0,4.0,3.0,3.0
2021,초5,,0.7743392883018506,3.6666666666666665,3.0,,4.0,4.0,3.0,3.0
2021,초5,,0.7743392883018506,3.3333333333333335,4.0,,2.0,4.0,4.0,4.0
2021,초5,,0.7743392883018506,4.0,4.0,,4.0,4.0,4.0,4.0
2021,초5,,0.7743392883018506,3.0,3.0,,3.0,4.0,2.0,3.0
2021,초6,,0.866775871590017,3.6666666666666665,3.0,,4.0,4.0,3.0,3.0
2021,초6,,0.866775871590017,3.6666666666666665,3.0,,3.0,4.0,4.0,3.0
2021,초6,,0.866775871590017,3.6666666666666665,4.0,,3.0,4.0,4.0,4.0
2021,초6,,0.866775871590017,3.0,3.0,,3.0,3.0,3.0,3.0
2021,초6,,0.866775871590017,3.3333333333333335,3.0,,3.0,4.0,3.0,3.0
2021,초6,,0.866775871590017,2.3333333333333335,1.0,,2.0,4.0,1.0,1.0
2021,초6,,0.866775871590017,4.0,4.0,,4.0,4.0,4.0,4.0
2021,초6,,0.866775871590017,3.6666666666666665,4.0,,3.0,4.0,4.0,4.0
2021,초6,,0.866775871590017,4.0,4.0,,4.0,4.0,4.0,4.0
2021,초6,,0.866775871590017,3.3333333333333335,3.0,,3.0,4.0,3.0,3.0
2021,초6,,0.866775871590017,3.6666666666666665,4.0,,4.0,4.0,3.0,4.0
2021,초6,,0.866775871590017,3.3333333333333335,3.0,,3.0,4.0,3.0,3.0
2021,초6,,0.866775871590017,3.0,2.0,,3.0,4.0,2.0,2.0
2021,초6,,0.866775871590017,2.6666666666666665,1.0,,3.0,4.0,1.0,1.0
2021,초6,,0.866775871590017,2.3333333333333335,2.0,,2.0,3.0,2.0,2.0
2021,초6,,0.8553658715076651,3.6666666666666665,3.0,,3.0,4.0,4.0,3.0
2021,초6,,0.8553658715076651,3.0,3.0,,3.0,3.0,3.0,3.0
2021,초6,,0.8553658715076651,3.3333333333333335,3.0,,4.0,3.0,3.0,3.0
2021,초6,,0.8553658715076651,3.6666666666666665,3.0,,4.0,4.0,3.0,3.0
2021,초6,,0.8553658715076651,3.0,3.0,,3.0,3.0,3.0,3.0
2021,초6,,0.8553658715076651,3.0,3.0,,3.0,4.0,2.0,3.0
2021,초6,,0.8553658715076651,2.6666666666666665,4.0,,2.0,3.0,3.0,4.0
2021,초6,,0.8553658715076651,3.3333333333333335,3.0,,3.0,3.0,4.0,3.0
2021,초6,,0.8553658715076651,3.0,3.0,,3.0,3.0,3.0,3.0
2021,초6,,0.8553658715076651,3.0,3.0,,3.0,3.0,3.0,3.0
2021,초6,,0.8553658715076651,3.0,2.0,,3.0,3.0,3.0,2.0
2021,초6,,0.866775871590017,3.6666666666666665,3.0,,4.0,4.0,3.0,3.0
2021,초4,,1.1625088534530885,3.6666666666666665,3.0,,3.0,4.0,4.0,3.0
2021,초4,,1.1625088534530885,4.0,4.0,,4.0,4.0,4.0,4.0
2021,초4,,1.1625088534530885,4.0,4.0,,4.0,4.0,4.0,4.0
2021,초4,,1.1625088534530885,3.3333333333333335,3.0,,3.0,4.0,3.0,3.0
2021,초4,,1.1625088534530885,3.6666666666666665,3.0,,4.0,4.0,3.0,3.0
2021,초4,,1.1625088534530885,3.0,2.0,,3.0,4.0,2.0,2.0
2021,초4,,1.1625088534530885,3.3333333333333335,3.0,,3.0,4.0,3.0,3.0
2021,초4,,1.1625088534530885,4.0,4.0,,4.0,4.0,4.0,4.0
2021,초4,,1.1625088534530885,3.3333333333333335,3.0,,3.0,4.0,3.0,3.0
2021,초4,,1.1625088534530885,2.3333333333333335,2.0,,2.0,3.0,2.0,2.0
2021,초4,,1.1625088534530885,3.0,1.0,,4.0,3.0,2.0,1.0
2021,초4,,0.9903293641339492,4.0,4.0,,4.0,4.0,4.0,4.0
2021,초4,,0.9903293641339492,3.6666666666666665,3.0,,3.0,4.0,4.0,3.0
2021,초4,,0.9903293641339492,3.0,3.0,,3.0,4.0,2.0,3.0
2021,초4,,0.9903293641339492,1.0,1.0,,1.0,1.0,1.0,1.0
2021,초4,,0.9903293641339492,3.6666666666666665,4.0,,3.0,4.0,4.0,4.0
2021,초4,,0.9903293641339492,3.0,3.0,,3.0,3.0,3.0,3.0
2021,초4,,0.9903293641339492,3.3333333333333335,3.0,,3.0,4.0,3.0,3.0
2021,초4,,0.9903293641339492,3.3333333333333335,3.0,,4.0,3.0,3.0,3.0
2021,초4,,0.9903293641339492,4.0,4.0,,4.0,4.0,4.0,4.0
2021,초4,,0.9903293641339492,3.0,2.0,,3.0,3.0,3.0,2.0
2021,초4,,0.9903293641339492,3.0,3.0,,3.0,3.0,3.0,3.0
2021,초4,,1.0230077910387179,3.6666666666666665,4.0,,3.0,4.0,4.0,4.0
2021,초4,,1.0230077910387179,3.6666666666666665,4.0,,3.0,4.0,4.0,4.0
2021,초4,,1.0230077910387179,4.0,4.0,,4.0,4.0,4.0,4.0
2021,초4,,1.0230077910387179,3.3333333333333335,3.0,,3.0,4.0,3.0,3.0
2021,초4,,1.0230077910387179,4.0,4.0,,4.0,4.0,4.0,4.0
2021,초4,,1.0230077910387179,4.0,4.0,,4.0,4.0,4.0,4.0
2021,초4,,1.0230077910387179,4.0,4.0,,4.0,4.0,4.0,4.0
2021,초4,,1.0230077910387179,3.3333333333333335,3.0,,3.0,4.0,3.0,3.0
2021,초4,,1.0230077910387179,4.0,4.0,,4.0,4.0,4.0,4.0
2021,초4,,1.0230077910387179,3.6666666666666665,3.0,,3.0,4.0,4.0,3.0
2021,초4,,1.0230077910387179,3.6666666666666665,3.0,,4.0,4.0,3.0,3.0
2021,초4,,0.8714898404378754,2.3333333333333335,2.0,,2.0,3.0,2.0,2.0
2021,초4,,0.8714898404378754,4.0,4.0,,4.0,4.0,4.0,4.0
2021,초4,,0.8714898404378754,3.6666666666666665,4.0,,3.0,4.0,4.0,4.0
2021,초4,,0.8714898404378754,3.3333333333333335,4.0,,3.0,4.0,3.0,4.0
2021,초4,,0.8714898404378754,3.6666666666666665,4.0,,3.0,4.0,4.0,4.0
2021,초4,,0.8714898404378754,3.3333333333333335,4.0,,3.0,4.0,3.0,4.0
2021,초4,,0.8714898404378754,3.3333333333333335,4.0,,3.0,3.0,4.0,4.0
2021,초4,,0.8714898404378754,3.6666666666666665,3.0,,4.0,4.0,3.0,3.0
2021,초4,,0.8714898404378754,3.6666666666666665,3.0,,3.0,4.0,4.0,3.0
2021,초4,,0.8714898404378754,4.0,4.0,,4.0,4.0,4.0,4.0
2021,초4,,0.8714898404378754,3.3333333333333335,3.0,,3.0,4.0,3.0,3.0
2021,초4,,0.8714898404378754,3.3333333333333335,4.0,,3.0,3.0,4.0,4.0
2021,초4,,0.8714898404378754,3.0,3.0,,3.0,3.0,3.0,3.0
2021,초4,,0.8714898404378754,3.3333333333333335,3.0,,3.0,4.0,3.0,3.0
2021,초6,,0.9751228555387691,3.3333333333333335,3.0,,3.0,4.0,3.0,3.0
2021,초6,,0.9622866054461232,3.6666666666666665,4.0,,4.0,4.0,3.0,4.0
2021,초6,,0.9751228555387691,4.0,4.0,,4.0,4.0,4.0,4.0
2021,초6,,0.9622866054461232,3.3333333333333335,1.0,,3.0,4.0,3.0,1.0
2021,초6,,0.9622866054461232,4.0,4.0,,4.0,4.0,4.0,4.0
2021,초6,,0.9622866054461232,3.3333333333333335,3.0,,3.0,4.0,3.0,3.0
2021,초6,,0.9622866054461232,4.0,4.0,,4.0,4.0,4.0,4.0
2021,초6,,0.9751228555387691,2.6666666666666665,2.0,,3.0,3.0,2.0,2.0
2021,초6,,0.9751228555387691,3.6666666666666665,4.0,,4.0,4.0,3.0,4.0
2021,초6,,0.9751228555387691,3.0,1.0,,4.0,4.0,1.0,1.0
2021,초6,,0.9751228555387691,3.3333333333333335,2.0,,3.0,4.0,3.0,2.0
2021,초6,,0.9751228555387691,4.0,4.0,,4.0,4.0,4.0,4.0
2021,초6,,0.9751228555387691,4.0,4.0,,4.0,4.0,4.0,4.0
2021,초6,,0.9751228555387691,3.0,4.0,,3.0,3.0,3.0,4.0
2021,초6,,0.9622866054461232,2.6666666666666665,3.0,,3.0,3.0,2.0,3.0
2021,초6,,0.9622866054461232,3.0,4.0,,3.0,3.0,3.0,4.0
2021,초6,,0.9622866054461232,2.6666666666666665,4.0,,3.0,3.0,2.0,4.0
2021,초6,,0.9622866054461232,4.0,4.0,,4.0,4.0,4.0,4.0
2021,초6,,0.9622866054461232,3.6666666666666665,4.0,,4.0,4.0,3.0,4.0
2021,초6,,0.9751228555387691,3.0,3.0,,3.0,3.0,3.0,3.0
2021,초6,,0.9622866054461232,3.6666666666666665,3.0,,4.0,4.0,3.0,3.0
2021,초6,,0.9622866054461232,2.6666666666666665,1.0,,4.0,3.0,1.0,1.0
2021,초6,,0.9751228555387691,3.3333333333333335,3.0,,3.0,4.0,3.0,3.0
2021,초6,,0.9751228555387691,3.3333333333333335,2.0,,3.0,4.0,3.0,2.0
2021,초5,,1.0207199709433485,3.3333333333333335,4.0,,3.0,4.0,3.0,4.0
2021,초5,,1.0207199709433485,2.6666666666666665,2.0,,3.0,3.0,2.0,2.0
2021,초5,,1.0207199709433485,3.3333333333333335,4.0,,3.0,4.0,3.0,4.0
2021,초5,,1.0207199709433485,3.6666666666666665,2.0,,4.0,4.0,3.0,2.0
2021,초5,,1.0207199709433485,2.6666666666666665,1.0,,3.0,3.0,2.0,1.0
2021,초5,,1.0207199709433485,3.3333333333333335,3.0,,3.0,4.0,3.0,3.0
2021,초5,,1.0207199709433485,2.6666666666666665,2.0,,3.0,3.0,2.0,2.0
2021,초5,,1.0207199709433485,3.0,3.0,,3.0,3.0,3.0,3.0
2021,초5,,1.0207199709433485,3.0,2.0,,2.0,4.0,3.0,2.0
2021,초5,,1.0207199709433485,2.6666666666666665,2.0,,2.0,4.0,2.0,2.0
2021,초5,,1.0047284172157374,3.6666666666666665,3.0,,3.0,4.0,4.0,3.0
2021,초5,,1.0047284172157374,3.0,3.0,,3.0,3.0,3.0,3.0
2021,초5,,1.0047284172157374,4.0,4.0,,4.0,4.0,4.0,4.0
2021,초5,,1.0047284172157374,4.0,4.0,,4.0,4.0,4.0,4.0
2021,초5,,1.0047284172157374,3.3333333333333335,3.0,,3.0,4.0,3.0,3.0
2021,초5,,1.0047284172157374,3.0,2.0,,2.0,4.0,3.0,2.0
2021,초5,,1.0047284172157374,3.3333333333333335,4.0,,3.0,3.0,4.0,4.0
2021,초5,,1.0047284172157374,3.0,3.0,,3.0,3.0,3.0,3.0
2021,초5,,1.0047284172157374,3.6666666666666665,4.0,,3.0,4.0,4.0,4.0
2021,초5,,1.0047284172157374,3.6666666666666665,3.0,,4.0,4.0,3.0,3.0
2021,초5,,1.0047284172157374,3.6666666666666665,3.0,,4.0,4.0,3.0,3.0
2021,초5,,1.0047284172157374,4.0,4.0,,4.0,4.0,4.0,4.0
2021,초6,,0.5022549361167119,1.3333333333333333,3.0,,1.0,1.0,2.0,3.0
2021,초6,,0.5022549361167119,3.3333333333333335,3.0,,3.0,4.0,3.0,3.0
2021,초6,,0.5022549361167119,3.3333333333333335,3.0,,3.0,4.0,3.0,3.0
2021,초6,,0.5022549361167119,3.3333333333333335,3.0,,3.0,4.0,3.0,3.0
2021,초6,,0.5022549361167119,4.0,4.0,,4.0,4.0,4.0,4.0
2021,초6,,0.5022549361167119,4.0,4.0,,4.0,4.0,4.0,4.0
2021,초6,,0.5022549361167119,2.6666666666666665,2.0,,3.0,3.0,2.0,2.0
2021,초6,,0.5022549361167119,3.0,3.0,,3.0,3.0,3.0,3.0
2021,초6,,0.5022549361167119,3.6666666666666665,3.0,,4.0,4.0,3.0,3.0
2021,초6,,0.5022549361167119,4.0,4.0,,4.0,4.0,4.0,4.0
2021,초6,,0.5022549361167119,3.0,4.0,,3.0,3.0,3.0,4.0
2021,초6,,0.5022549361167119,2.6666666666666665,2.0,,3.0,3.0,2.0,2.0
2021,초6,,0.5022549361167119,4.0,4.0,,4.0,4.0,4.0,4.0
2021,초6,,0.5022549361167119,3.3333333333333335,4.0,,3.0,4.0,3.0,4.0
2021,초6,,0.533333522026919,4.0,4.0,,4.0,4.0,4.0,4.0
2021,초6,,0.533333522026919,3.6666666666666665,3.0,,4.0,4.0,3.0,3.0
2021,초6,,0.533333522026919,3.0,3.0,,3.0,3.0,3.0,3.0
2021,초6,,0.533333522026919,3.3333333333333335,3.0,,3.0,4.0,3.0,3.0
2021,초6,,0.533333522026919,2.6666666666666665,4.0,,1.0,4.0,3.0,4.0
2021,초6,,0.533333522026919,3.0,2.0,,3.0,3.0,3.0,2.0
2021,초6,,0.533333522026919,3.0,4.0,,3.0,3.0,3.0,4.0
2021,초6,,0.533333522026919,3.0,3.0,,3.0,3.0,3.0,3.0
2021,초6,,0.533333522026919,3.6666666666666665,4.0,,3.0,4.0,4.0,4.0
2021,초6,,0.533333522026919,4.0,4.0,,4.0,4.0,4.0,4.0
2021,초6,,0.533333522026919,3.3333333333333335,4.0,,3.0,4.0,3.0,4.0
2021,초6,,0.533333522026919,3.0,3.0,,3.0,4.0,2.0,3.0
2021,초4,,0.4553247096543139,3.3333333333333335,3.0,,3.0,4.0,3.0,3.0
2021,초4,,0.4553247096543139,3.3333333333333335,3.0,,4.0,3.0,3.0,3.0
2021,초4,,0.4553247096543139,4.0,4.0,,4.0,4.0,4.0,4.0
2021,초4,,0.4553247096543139,3.0,3.0,,3.0,3.0,3.0,3.0
2021,초4,,0.4553247096543139,3.3333333333333335,3.0,,3.0,3.0,4.0,3.0
2021,초4,,0.4553247096543139,3.0,3.0,,3.0,3.0,3.0,3.0
2021,초4,,0.4553247096543139,4.0,4.0,,4.0,4.0,4.0,4.0
2021,초4,,0.4553247096543139,4.0,4.0,,4.0,4.0,4.0,4.0
2021,초4,,0.4553247096543139,4.0,4.0,,4.0,4.0,4.0,4.0
2021,초4,,0.4553247096543139,3.6666666666666665,4.0,,4.0,4.0,3.0,4.0
2021,초4,,0.4553247096543139,3.6666666666666665,3.0,,4.0,4.0,3.0,3.0
2021,초4,,0.4553247096543139,4.0,4.0,,4.0,4.0,4.0,4.0
2021,초4,,0.4553247096543139,3.6666666666666665,4.0,,4.0,4.0,3.0,4.0
2021,초4,,0.4553247096543139,3.6666666666666665,4.0,,3.0,4.0,4.0,4.0
2021,초4,,0.4553247096543139,4.0,4.0,,4.0,4.0,4.0,4.0
2021,초4,,0.4553247096543139,3.0,3.0,,3.0,3.0,3.0,3.0
2021,초4,,0.7779329253061459,4.0,4.0,,4.0,4.0,4.0,4.0
2021,초4,,0.7779329253061459,3.6666666666666665,3.0,,4.0,4.0,3.0,3.0
2021,초4,,0.7779329253061459,3.0,3.0,,2.0,4.0,3.0,3.0
2021,초4,,0.7779329253061459,3.6666666666666665,4.0,,3.0,4.0,4.0,4.0
2021,초4,,0.7779329253061459,4.0,1.0,,4.0,4.0,4.0,1.0
2021,초4,,0.7779329253061459,3.3333333333333335,4.0,,3.0,4.0,3.0,4.0
2021,초4,,0.7779329253061459,3.6666666666666665,4.0,,3.0,4.0,4.0,4.0
2021,초4,,0.7779329253061459,3.6666666666666665,3.0,,4.0,4.0,3.0,3.0
2021,초4,,0.7779329253061459,3.0,3.0,,3.0,3.0,3.0,3.0
2021,초4,,0.7779329253061459,3.6666666666666665,4.0,,3.0,4.0,4.0,4.0
2021,초5,,0.5346670059991001,3.3333333333333335,4.0,,3.0,4.0,3.0,4.0
2021,초5,,0.5346670059991001,3.0,3.0,,3.0,3.0,3.0,3.0
2021,초5,,0.5346670059991001,3.3333333333333335,2.0,,3.0,4.0,3.0,2.0
2021,초5,,0.5346670059991001,2.6666666666666665,4.0,,3.0,3.0,2.0,4.0
2021,초5,,0.5346670059991001,4.0,4.0,,4.0,4.0,4.0,4.0
2021,초5,,0.5346670059991001,3.3333333333333335,4.0,,3.0,3.0,4.0,4.0
2021,초5,,0.5346670059991001,4.0,4.0,,4.0,4.0,4.0,4.0
2021,초5,,0.5346670059991001,3.3333333333333335,3.0,,3.0,4.0,3.0,3.0
2021,초5,,0.5346670059991001,4.0,4.0,,4.0,4.0,4.0,4.0
2021,초5,,0.5346670059991001,2.6666666666666665,2.0,,3.0,3.0,2.0,2.0
2021,초5,,0.5346670059991001,3.6666666666666665,4.0,,3.0,4.0,4.0,4.0
2021,초5,,0.5346670059991001,3.0,2.0,,3.0,3.0,3.0,2.0
2021,초5,,0.5346670059991001,3.6666666666666665,4.0,,4.0,4.0,3.0,4.0
2021,초5,,0.575031926238101,3.0,3.0,,3.0,3.0,3.0,3.0
2021,초5,,0.575031926238101,4.0,4.0,,4.0,4.0,4.0,4.0
2021,초5,,0.575031926238101,3.3333333333333335,3.0,,3.0,3.0,4.0,3.0
2021,초5,,0.575031926238101,3.3333333333333335,2.0,,3.0,4.0,3.0,2.0
2021,초5,,0.575031926238101,1.6666666666666667,1.0,,2.0,1.0,2.0,1.0
2021,초5,,0.575031926238101,3.0,3.0,,3.0,3.0,3.0,3.0
2021,초5,,0.575031926238101,3.6666666666666665,3.0,,4.0,4.0,3.0,3.0
2021,초5,,0.575031926238101,3.6666666666666665,2.0,,4.0,4.0,3.0,2.0
2021,초5,,0.575031926238101,3.0,3.0,,4.0,3.0,2.0,3.0
2021,초5,,0.575031926238101,3.3333333333333335,3.0,,3.0,4.0,3.0,3.0
2021,초5,,0.575031926238101,4.0,4.0,,4.0,4.0,4.0,4.0
2021,초5,,0.575031926238101,3.3333333333333335,3.0,,3.0,4.0,3.0,3.0
2021,초5,,0.575031926238101,3.0,3.0,,3.0,3.0,3.0,3.0
2022,초5,,1.2953514127580317,3.6666666666666665,3.0,,4.0,4.0,3.0,3.0
2022,초5,,1.2953514127580317,3.6666666666666665,3.0,,4.0,4.0,3.0,3.0
2022,초5,,1.2953514127580317,4.0,4.0,,4.0,4.0,4.0,4.0
2022,초5,,1.2953514127580317,3.3333333333333335,2.0,,3.0,4.0,3.0,2.0
2022,초5,,1.2953514127580317,3.0,1.0,,3.0,4.0,2.0,1.0
2022,초5,,1.2953514127580317,3.6666666666666665,3.0,,4.0,4.0,3.0,3.0
2022,초5,,1.2953514127580317,4.0,4.0,,4.0,4.0,4.0,4.0
2022,초5,,1.2953514127580317,3.6666666666666665,4.0,,3.0,4.0,4.0,4.0
2022,초5,,1.2953514127580317,4.0,4.0,,4.0,4.0,4.0,4.0
2022,초5,,1.2953514127580317,4.0,4.0,,4.0,4.0,4.0,4.0
2022,초5,,1.2953514127580317,3.3333333333333335,3.0,,3.0,4.0,3.0,3.0
2022,초5,,1.2953514127580317,2.0,1.0,,1.0,1.0,4.0,1.0
2022,초5,,1.2953514127580317,2.6666666666666665,2.0,,3.0,3.0,2.0,2.0
2022,초5,,1.4738897494939274,3.6666666666666665,4.0,,4.0,4.0,3.0,4.0
2022,초5,,1.4738897494939274,3.6666666666666665,2.0,,4.0,4.0,3.0,2.0
2022,초5,,1.4738897494939274,3.0,3.0,,3.0,3.0,3.0,3.0
2022,초5,,1.4738897494939274,3.6666666666666665,3.0,,4.0,4.0,3.0,3.0
2022,초5,,1.4738897494939274,3.3333333333333335,3.0,,3.0,4.0,3.0,3.0
2022,초5,,1.4738897494939274,3.0,3.0,,3.0,3.0,3.0,3.0
2022,초5,,1.4738897494939274,3.6666666666666665,4.0,,4.0,4.0,3.0,4.0
2022,초5,,1.4738897494939274,4.0,3.0,,4.0,4.0,4.0,3.0
2022,초5,,1.4738897494939274,3.3333333333333335,2.0,,4.0,4.0,2.0,2.0
2022,초4,,1.6510055251641838,3.0,3.0,,3.0,3.0,3.0,3.0
2022,초4,,1.6510055251641838,2.6666666666666665,1.0,,3.0,3.0,2.0,1.0
2022,초4,,1.6510055251641838,3.3333333333333335,3.0,,3.0,4.0,3.0,3.0
2022,초4,,1.6510055251641838,3.6666666666666665,3.0,,4.0,4.0,3.0,3.0
2022,초4,,1.6510055251641838,3.3333333333333335,4.0,,3.0,4.0,3.0,4.0
2022,초4,,1.6510055251641838,3.6666666666666665,3.0,,4.0,4.0,3.0,3.0
2022,초4,,1.6510055251641838,3.3333333333333335,3.0,,3.0,4.0,3.0,3.0
2022,초4,,1.6510055251641838,3.6666666666666665,3.0,,4.0,4.0,3.0,3.0
2022,초4,,1.6510055251641838,4.0,4.0,,4.0,4.0,4.0,4.0
2022,초4,,1.6510055251641838,3.6666666666666665,4.0,,3.0,4.0,4.0,4.0
2022,초4,,1.6510055251641838,3.6666666666666665,3.0,,3.0,4.0,4.0,3.0
2022,초4,,1.5140339197030284,2.6666666666666665,4.0,,3.0,3.0,2.0,4.0
2022,초4,,1.5140339197030284,3.6666666666666665,4.0,,3.0,4.0,4.0,4.0
2022,초4,,1.5140339197030284,3.3333333333333335,3.0,,3.0,4.0,3.0,3.0
2022,초4,,1.5140339197030284,3.6666666666666665,3.0,,4.0,4.0,3.0,3.0
2022,초4,,1.5140339197030284,3.6666666666666665,4.0,,4.0,4.0,3.0,4.0
2022,초4,,1.5140339197030284,2.6666666666666665,2.0,,3.0,3.0,2.0,2.0
2022,초4,,1.5140339197030284,4.0,4.0,,4.0,4.0,4.0,4.0
2022,초4,,1.5140339197030284,3.6666666666666665,4.0,,3.0,4.0,4.0,4.0
2022,초6,,1.087141820717448,3.6666666666666665,3.0,,4.0,4.0,3.0,3.0
2022,초6,,1.2436873764206107,3.3333333333333335,2.0,,4.0,4.0,2.0,2.0
2022,초6,,1.087141820717448,3.0,3.0,,3.0,3.0,3.0,3.0
2022,초6,,1.087141820717448,3.0,1.0,,4.0,4.0,1.0,1.0
2022,초6,,1.2436873764206107,3.6666666666666665,3.0,,4.0,4.0,3.0,3.0
2022,초6,,1.087141820717448,3.3333333333333335,3.0,,4.0,4.0,2.0,3.0
2022,초6,,1.087141820717448,2.3333333333333335,1.0,,1.0,3.0,3.0,1.0
2022,초6,,1.087141820717448,3.0,3.0,,4.0,2.0,3.0,3.0
2022,초6,,1.087141820717448,3.6666666666666665,4.0,,4.0,4.0,3.0,4.0
2022,초6,,1.087141820717448,3.6666666666666665,3.0,,4.0,4.0,3.0,3.0
2022,초6,,1.087141820717448,3.0,1.0,,4.0,3.0,2.0,1.0
2022,초6,,1.2436873764206107,3.3333333333333335,3.0,,4.0,3.0,3.0,3.0
2022,초6,,1.087141820717448,3.6666666666666665,3.0,,4.0,4.0,3.0,3.0
2022,초6,,1.2436873764206107,3.0,2.0,,3.0,4.0,2.0,2.0
2022,초6,,1.2436873764206107,3.0,3.0,,3.0,3.0,3.0,3.0
2022,초6,,1.2436873764206107,3.0,1.0,,3.0,4.0,2.0,1.0
2022,초6,,1.2436873764206107,3.6666666666666665,2.0,,4.0,4.0,3.0,2.0
2022,초6,,1.2436873764206107,3.6666666666666665,3.0,,4.0,4.0,3.0,3.0
2022,초6,,1.087141820717448,3.0,2.0,,3.0,3.0,3.0,2.0
2022,초6,,1.087141820717448,4.0,4.0,,4.0,4.0,4.0,4.0
2022,초6,,1.2436873764206107,3.3333333333333335,3.0,,3.0,4.0,3.0,3.0
2022,초6,,1.087141820717448,3.0,2.0,,4.0,3.0,2.0,2.0
2022,초6,,1.2436873764206107,3.0,3.0,,3.0,3.0,3.0,3.0
2022,초6,,1.2436873764206107,3.0,3.0,,3.0,4.0,2.0,3.0
2022,초6,,1.087141820717448,2.3333333333333335,2.0,,3.0,3.0,1.0,2.0
2022,초4,,1.1986101864315641,3.3333333333333335,3.0,,3.0,4.0,3.0,3.0
2022,초4,,1.1986101864315641,4.0,4.0,,4.0,4.0,4.0,4.0
2022,초4,,1.1986101864315641,4.0,4.0,,4.0,4.0,4.0,4.0
2022,초4,,1.1986101864315641,4.0,4.0,,4.0,4.0,4.0,4.0
2022,초4,,1.1986101864315641,3.6666666666666665,3.0,,4.0,4.0,3.0,3.0
2022,초4,,1.1986101864315641,3.3333333333333335,4.0,,3.0,4.0,3.0,4.0
2022,초4,,1.1986101864315641,3.6666666666666665,3.0,,4.0,4.0,3.0,3.0
2022,초4,,1.1986101864315641,3.3333333333333335,3.0,,3.0,4.0,3.0,3.0
2022,초4,,1.1986101864315641,3.3333333333333335,3.0,,3.0,4.0,3.0,3.0
2022,초4,,1.1986101864315641,4.0,4.0,,4.0,4.0,4.0,4.0
2022,초4,,1.1986101864315641,4.0,4.0,,4.0,4.0,4.0,4.0
2022,초4,,1.1986101864315641,4.0,4.0,,4.0,4.0,4.0,4.0
2022,초4,,1.1986101864315641,3.6666666666666665,4.0,,4.0,4.0,3.0,4.0
2022,초4,,1.3070460407549787,3.3333333333333335,3.0,,3.0,4.0,3.0,3.0
2022,초4,,1.3070460407549787,3.6666666666666665,4.0,,4.0,3.0,4.0,4.0
2022,초4,,1.3070460407549787,3.3333333333333335,3.0,,3.0,4.0,3.0,3.0
2022,초4,,1.3070460407549787,4.0,4.0,,4.0,4.0,4.0,4.0
2022,초4,,1.3070460407549787,4.0,4.0,,4.0,4.0,4.0,4.0
2022,초4,,1.3070460407549787,3.3333333333333335,3.0,,3.0,4.0,3.0,3.0
2022,초4,,1.3070460407549787,4.0,4.0,,4.0,4.0,4.0,4.0
2022,초4,,1.3070460407549787,2.6666666666666665,3.0,,2.0,4.0,2.0,3.0
2022,초4,,1.3070460407549787,3.6666666666666665,2.0,,3.0,4.0,4.0,2.0
2022,초4,,1.3070460407549787,3.6666666666666665,3.0,,4.0,4.0,3.0,3.0
2022,초4,,1.3070460407549787,3.3333333333333335,3.0,,3.0,4.0,3.0,3.0
2022,초5,,1.2471374803410158,3.0,3.0,,3.0,3.0,3.0,3.0
2022,초5,,1.2471374803410158,3.0,2.0,,3.0,4.0,2.0,2.0
2022,초5,,1.2471374803410158,3.6666666666666665,4.0,,4.0,4.0,3.0,4.0
2022,초5,,1.2471374803410158,3.0,2.0,,3.0,4.0,2.0,2.0
2022,초5,,1.2471374803410158,3.6666666666666665,4.0,,3.0,4.0,4.0,4.0
2022,초5,,1.2471374803410158,3.3333333333333335,3.0,,3.0,4.0,3.0,3.0
2022,초5,,1.2471374803410158,3.0,2.0,,2.0,4.0,3.0,2.0
2022,초5,,1.2471374803410158,3.6666666666666665,3.0,,4.0,4.0,3.0,3.0
2022,초5,,1.2471374803410158,2.6666666666666665,3.0,,3.0,3.0,2.0,3.0
2022,초5,,1.2471374803410158,3.3333333333333335,4.0,,3.0,3.0,4.0,4.0
2022,초5,,1.2471374803410158,3.0,3.0,,3.0,3.0,3.0,3.0
2022,초5,,1.2471374803410158,3.3333333333333335,3.0,,3.0,4.0,3.0,3.0
2022,초5,,1.2471374803410158,3.6666666666666665,3.0,,4.0,4.0,3.0,3.0
2022,초5,,1.2471374803410158,4.0,4.0,,4.0,4.0,4.0,4.0
2022,초5,,1.096066580026027,3.0,2.0,,3.0,4.0,2.0,2.0
2022,초5,,1.096066580026027,4.0,4.0,,4.0,4.0,4.0,4.0
2022,초5,,1.096066580026027,3.6666666666666665,3.0,,3.0,4.0,4.0,3.0
2022,초5,,1.096066580026027,3.0,3.0,,3.0,3.0,3.0,3.0
2022,초5,,1.096066580026027,3.0,2.0,,3.0,3.0,3.0,2.0
2022,초5,,1.096066580026027,3.3333333333333335,3.0,,3.0,4.0,3.0,3.0
2022,초5,,1.096066580026027,4.0,4.0,,4.0,4.0,4.0,4.0
2022,초5,,1.096066580026027,3.0,3.0,,3.0,3.0,3.0,3.0
2022,초5,,1.096066580026027,3.3333333333333335,2.0,,3.0,4.0,3.0,2.0
2022,초5,,1.096066580026027,3.3333333333333335,3.0,,3.0,4.0,3.0,3.0
2022,초5,,1.096066580026027,3.3333333333333335,3.0,,3.0,4.0,3.0,3.0
2022,초6,,1.1515623855746395,3.3333333333333335,3.0,,3.0,4.0,3.0,3.0
2022,초6,,1.1515623855746395,3.3333333333333335,3.0,,3.0,3.0,4.0,3.0
2022,초6,,1.1515623855746395,3.3333333333333335,3.0,,3.0,4.0,3.0,3.0
2022,초6,,1.1515623855746395,3.3333333333333335,3.0,,4.0,4.0,2.0,3.0
2022,초6,,1.1515623855746395,3.6666666666666665,3.0,,4.0,4.0,3.0,3.0
2022,초6,,1.1515623855746395,1.0,1.0,,1.0,1.0,1.0,1.0
2022,초6,,1.1515623855746395,3.6666666666666665,3.0,,4.0,4.0,3.0,3.0
2022,초6,,1.1515623855746395,3.6666666666666665,4.0,,3.0,4.0,4.0,4.0
2022,초6,,1.1515623855746395,4.0,4.0,,4.0,4.0,4.0,4.0
2022,초6,,1.1515623855746395,3.6666666666666665,4.0,,3.0,4.0,4.0,4.0
2022,초6,,1.1515623855746395,2.0,1.0,,2.0,3.0,1.0,1.0
2022,초6,,1.1515623855746395,3.6666666666666665,3.0,,3.0,4.0,4.0,3.0
2022,초6,,1.1515623855746395,4.0,4.0,,4.0,4.0,4.0,4.0
2022,초6,,1.1515623855746395,3.3333333333333335,4.0,,3.0,4.0,3.0,4.0
2022,초6,,1.0066127969605998,3.0,3.0,,3.0,3.0,3.0,3.0
2022,초6,,1.0066127969605998,3.0,3.0,,3.0,3.0,3.0,3.0
2022,초6,,1.0066127969605998,4.0,3.0,,4.0,4.0,4.0,3.0
2022,초6,,1.0066127969605998,3.0,3.0,,3.0,3.0,3.0,3.0
2022,초6,,1.0066127969605998,4.0,4.0,,4.0,4.0,4.0,4.0
2022,초6,,1.0066127969605998,3.0,3.0,,3.0,4.0,2.0,3.0
2022,초6,,1.0066127969605998,4.0,4.0,,4.0,4.0,4.0,4.0
2022,초6,,1.0066127969605998,3.3333333333333335,4.0,,3.0,4.0,3.0,4.0
2022,초6,,1.0066127969605998,3.6666666666666665,4.0,,3.0,4.0,4.0,4.0
2022,초6,,1.0066127969605998,4.0,4.0,,4.0,4.0,4.0,4.0
2022,초6,,1.0066127969605998,4.0,4.0,,4.0,4.0,4.0,4.0
2022,초6,,1.0066127969605998,3.3333333333333335,4.0,,3.0,4.0,3.0,4.0
2022,초6,,1.0066127969605998,3.6666666666666665,4.0,,4.0,4.0,3.0,4.0
2022,초6,,0.8767272747721353,2.6666666666666665,2.0,,1.0,4.0,3.0,2.0
2022,초6,,0.8767272747721353,3.0,1.0,,4.0,3.0,2.0,1.0
2022,초6,,0.8767272747721353,3.6666666666666665,3.0,,4.0,4.0,3.0,3.0
2022,초6,,0.8767272747721353,3.0,3.0,,3.0,3.0,3.0,3.0
2022,초6,,0.8767272747721353,3.6666666666666665,4.0,,3.0,4.0,4.0,4.0
2022,초6,,0.8767272747721353,3.0,3.0,,3.0,3.0,3.0,3.0
2022,초6,,0.8767272747721353,4.0,4.0,,4.0,4.0,4.0,4.0
2022,초6,,0.8767272747721353,4.0,4.0,,4.0,4.0,4.0,4.0
2022,초6,,0.8767272747721353,3.0,2.0,,3.0,4.0,2.0,2.0
2022,초6,,0.8767272747721353,4.0,4.0,,4.0,4.0,4.0,4.0
2022,초6,,0.8767272747721353,3.0,3.0,,3.0,3.0,3.0,3.0
2022,초6,,0.8767272747721353,3.6666666666666665,4.0,,3.0,4.0,4.0,4.0
2022,초6,,0.8767272747721353,3.0,3.0,,3.0,3.0,3.0,3.0
2022,초6,,0.8767272747721353,4.0,4.0,,4.0,4.0,4.0,4.0
2022,초6,,0.8767272747721353,3.3333333333333335,1.0,,3.0,4.0,3.0,1.0
2022,초6,,0.8767272747721353,3.3333333333333335,3.0,,4.0,3.0,3.0,3.0
2022,초6,,0.8767272747721353,4.0,4.0,,4.0,4.0,4.0,4.0
2022,초6,,1.0029736906617828,3.3333333333333335,4.0,,3.0,3.0,4.0,4.0
2022,초6,,1.0029736906617828,4.0,4.0,,4.0,4.0,4.0,4.0
2022,초6,,1.0029736906617828,3.3333333333333335,3.0,,3.0,4.0,3.0,3.0
2022,초6,,1.0029736906617828,2.6666666666666665,2.0,,3.0,3.0,2.0,2.0
2022,초6,,1.0029736906617828,4.0,4.0,,4.0,4.0,4.0,4.0
2022,초6,,1.0029736906617828,3.6666666666666665,3.0,,4.0,4.0,3.0,3.0
2022,초6,,1.0029736906617828,3.3333333333333335,3.0,,3.0,4.0,3.0,3.0
2022,초6,,1.0029736906617828,3.6666666666666665,3.0,,3.0,4.0,4.0,3.0
2022,초6,,1.0029736906617828,3.6666666666666665,4.0,,4.0,4.0,3.0,4.0
2022,초6,,1.0029736906617828,3.0,3.0,,3.0,3.0,3.0,3.0
2022,초6,,1.0029736906617828,3.3333333333333335,3.0,,3.0,4.0,3.0,3.0
2022,초6,,1.0029736906617828,4.0,4.0,,4.0,4.0,4.0,4.0
2022,초6,,1.0029736906617828,4.0,4.0,,4.0,4.0,4.0,4.0
2022,초6,,1.0029736906617828,3.3333333333333335,2.0,,4.0,4.0,2.0,2.0
2022,초4,,1.1986101864315641,4.0,4.0,,4.0,4.0,4.0,4.0
2022,초4,,1.1986101864315641,4.0,3.0,,4.0,4.0,4.0,3.0
2022,초4,,1.1986101864315641,4.0,4.0,,4.0,4.0,4.0,4.0
2022,초4,,1.1986101864315641,3.6666666666666665,4.0,,4.0,4.0,3.0,4.0
2022,초4,,1.1986101864315641,3.6666666666666665,4.0,,3.0,4.0,4.0,4.0
2022,초4,,1.1986101864315641,4.0,4.0,,4.0,4.0,4.0,4.0
2022,초4,,1.1986101864315641,2.6666666666666665,2.0,,3.0,3.0,2.0,2.0
2022,초4,,1.1986101864315641,3.3333333333333335,2.0,,3.0,4.0,3.0,2.0
2022,초4,,1.1986101864315641,4.0,4.0,,4.0,4.0,4.0,4.0
2022,초4,,1.1986101864315641,4.0,4.0,,4.0,4.0,4.0,4.0
2022,초4,,1.1986101864315641,4.0,3.0,,4.0,4.0,4.0,3.0
2022,초4,,1.1986101864315641,3.3333333333333335,3.0,,3.0,4.0,3.0,3.0
2022,초4,,1.1986101864315641,3.0,3.0,,3.0,3.0,3.0,3.0
2022,초4,,1.3070460407549787,3.3333333333333335,3.0,,3.0,4.0,3.0,3.0
2022,초4,,1.3070460407549787,4.0,4.0,,4.0,4.0,4.0,4.0
2022,초4,,1.3070460407549787,3.6666666666666665,3.0,,4.0,4.0,3.0,3.0
2022,초4,,1.3070460407549787,3.6666666666666665,3.0,,4.0,4.0,3.0,3.0
2022,초4,,1.3070460407549787,3.3333333333333335,1.0,,4.0,4.0,2.0,1.0
2022,초4,,1.3070460407549787,3.0,2.0,,3.0,4.0,2.0,2.0
2022,초4,,1.3070460407549787,3.3333333333333335,4.0,,3.0,4.0,3.0,4.0
2022,초4,,1.3070460407549787,3.3333333333333335,3.0,,3.0,4.0,3.0,3.0
2022,초4,,1.3070460407549787,3.3333333333333335,3.0,,3.0,4.0,3.0,3.0
2022,초4,,1.3070460407549787,3.6666666666666665,4.0,,3.0,4.0,4.0,4.0
2022,초4,,1.3070460407549787,3.6666666666666665,4.0,,3.0,4.0,4.0,4.0
2022,초6,,1.4805802100245364,3.3333333333333335,3.0,,3.0,4.0,3.0,3.0
2022,초6,,1.4805802100245364,3.6666666666666665,4.0,,4.0,3.0,4.0,4.0
2022,초6,,1.4805802100245364,3.0,3.0,,3.0,3.0,3.0,3.0
2022,초6,,1.4805802100245364,2.6666666666666665,2.0,,3.0,3.0,2.0,2.0
2022,초6,,1.4805802100245364,3.6666666666666665,4.0,,4.0,4.0,3.0,4.0
2022,초6,,1.4805802100245364,4.0,4.0,,4.0,4.0,4.0,4.0
2022,초6,,1.4805802100245364,2.6666666666666665,2.0,,3.0,3.0,2.0,2.0
2022,초6,,1.4805802100245364,4.0,4.0,,4.0,4.0,4.0,4.0
2022,초6,,1.4805802100245364,2.0,1.0,,2.0,3.0,1.0,1.0
2022,초6,,1.4805802100245364,3.6666666666666665,4.0,,4.0,4.0,3.0,4.0
2022,초6,,1.2942164532350569,1.3333333333333333,1.0,,1.0,1.0,2.0,1.0
2022,초6,,1.2942164532350569,3.6666666666666665,4.0,,3.0,4.0,4.0,4.0
2022,초6,,1.2942164532350569,2.6666666666666665,2.0,,3.0,3.0,2.0,2.0
2022,초6,,1.2942164532350569,3.3333333333333335,3.0,,3.0,4.0,3.0,3.0
2022,초6,,1.2942164532350569,3.3333333333333335,3.0,,3.0,4.0,3.0,3.0
2022,초6,,1.2942164532350569,3.3333333333333335,3.0,,3.0,4.0,3.0,3.0
2022,초6,,1.2942164532350569,2.6666666666666665,3.0,,3.0,3.0,2.0,3.0
2022,초6,,1.2942164532350569,3.6666666666666665,4.0,,3.0,4.0,4.0,4.0
2022,초6,,1.2942164532350569,2.6666666666666665,2.0,,3.0,3.0,2.0,2.0
2022,초6,,1.2942164532350569,3.0,2.0,,3.0,3.0,3.0,2.0
2022,초5,,1.544074975660305,4.0,4.0,,4.0,4.0,4.0,4.0
2022,초5,,1.544074975660305,3.0,3.0,,3.0,3.0,3.0,3.0
2022,초5,,1.544074975660305,2.3333333333333335,3.0,,2.0,2.0,3.0,3.0
2022,초5,,1.544074975660305,4.0,4.0,,4.0,4.0,4.0,4.0
2022,초5,,1.544074975660305,3.3333333333333335,3.0,,4.0,3.0,3.0,3.0
2022,초5,,1.544074975660305,2.6666666666666665,3.0,,3.0,3.0,2.0,3.0
2022,초5,,1.544074975660305,3.0,3.0,,3.0,3.0,3.0,3.0
2022,초5,,1.544074975660305,3.6666666666666665,3.0,,4.0,4.0,3.0,3.0
2022,초5,,1.544074975660305,4.0,4.0,,4.0,4.0,4.0,4.0
2022,초5,,1.544074975660305,3.3333333333333335,3.0,,4.0,3.0,3.0,3.0
2022,초5,,1.3570348133655568,3.3333333333333335,4.0,,3.0,3.0,4.0,4.0
2022,초5,,1.3570348133655568,3.3333333333333335,3.0,,3.0,4.0,3.0,3.0
2022,초5,,1.3570348133655568,3.0,2.0,,3.0,3.0,3.0,2.0
2022,초5,,1.3570348133655568,3.6666666666666665,4.0,,3.0,4.0,4.0,4.0
2022,초5,,1.3570348133655568,3.0,2.0,,3.0,3.0,3.0,2.0
2022,초5,,1.3570348133655568,3.6666666666666665,4.0,,3.0,4.0,4.0,4.0
2022,초5,,1.3570348133655568,4.0,4.0,,4.0,4.0,4.0,4.0
2022,초5,,1.3570348133655568,3.3333333333333335,4.0,,3.0,3.0,4.0,4.0
2022,초5,,1.3570348133655568,3.0,2.0,,3.0,3.0,3.0,2.0
2022,초5,,1.3570348133655568,3.0,3.0,,3.0,3.0,3.0,3.0
2022,초5,,1.3570348133655568,3.3333333333333335,4.0,,3.0,3.0,4.0,4.0
2022,초4,,1.438332223717877,3.0,3.0,,3.0,3.0,3.0,3.0
2022,초4,,1.438332223717877,3.6666666666666665,3.0,,4.0,4.0,3.0,3.0
2022,초4,,1.438332223717877,3.3333333333333335,4.0,,3.0,4.0,3.0,4.0
2022,초4,,1.438332223717877,3.0,1.0,,2.0,4.0,3.0,1.0
2022,초4,,1.438332223717877,2.3333333333333335,3.0,,3.0,2.0,2.0,3.0
2022,초4,,1.438332223717877,3.3333333333333335,3.0,,3.0,4.0,3.0,3.0
2022,초4,,1.438332223717877,3.3333333333333335,4.0,,3.0,4.0,3.0,4.0
2022,초4,,1.438332223717877,3.3333333333333335,4.0,,3.0,3.0,4.0,4.0
2022,초4,,1.438332223717877,3.6666666666666665,4.0,,3.0,4.0,4.0,4.0
2022,초4,,1.438332223717877,2.6666666666666665,3.0,,3.0,3.0,2.0,3.0
2022,초4,,1.438332223717877,3.0,3.0,,3.0,3.0,3.0,3.0
2022,초4,,1.438332223717877,2.6666666666666665,1.0,,3.0,3.0,2.0,1.0
2022,초4,,1.438332223717877,3.6666666666666665,3.0,,4.0,4.0,3.0,3.0
2022,초4,,1.438332223717877,3.3333333333333335,4.0,,3.0,3.0,4.0,4.0
2022,초4,,1.5684552489059744,3.0,3.0,,3.0,4.0,2.0,3.0
2022,초4,,1.5684552489059744,3.6666666666666665,4.0,,3.0,4.0,4.0,4.0
2022,초4,,1.5684552489059744,3.3333333333333335,3.0,,3.0,4.0,3.0,3.0
2022,초4,,1.5684552489059744,3.0,3.0,,3.0,3.0,3.0,3.0
2022,초4,,1.5684552489059744,3.0,1.0,,3.0,4.0,2.0,1.0
2022,초4,,1.5684552489059744,3.3333333333333335,3.0,,2.0,4.0,4.0,3.0
2022,초5,,1.0808524829622135,4.0,3.0,,4.0,4.0,4.0,3.0
2022,초5,,1.0808524829622135,3.3333333333333335,4.0,,3.0,4.0,3.0,4.0
2022,초5,,1.0808524829622135,3.3333333333333335,4.0,,3.0,3.0,4.0,4.0
2022,초5,,1.0808524829622135,3.3333333333333335,4.0,,3.0,4.0,3.0,4.0
2022,초5,,1.0808524829622135,2.3333333333333335,3.0,,3.0,3.0,1.0,3.0
2022,초5,,1.0808524829622135,3.0,3.0,,3.0,3.0,3.0,3.0
2022,초5,,1.0808524829622135,3.6666666666666665,4.0,,4.0,4.0,3.0,4.0
2022,초5,,1.0808524829622135,3.3333333333333335,3.0,,3.0,4.0,3.0,3.0
2022,초5,,1.0808524829622135,3.0,3.0,,2.0,4.0,3.0,3.0
2022,초5,,1.0808524829622135,4.0,4.0,,4.0,4.0,4.0,4.0
2022,초5,,1.0808524829622135,3.3333333333333335,3.0,,3.0,4.0,3.0,3.0
2022,초5,,1.0808524829622135,3.0,3.0,,3.0,3.0,3.0,3.0
2022,초5,,1.0808524829622135,4.0,4.0,,4.0,4.0,4.0,4.0
2022,초5,,1.0808524829622135,2.6666666666666665,2.0,,3.0,3.0,2.0,2.0
2022,초5,,0.9499243693558899,3.3333333333333335,3.0,,3.0,4.0,3.0,3.0
2022,초5,,0.9499243693558899,4.0,4.0,,4.0,4.0,4.0,4.0
2022,초5,,0.9499243693558899,3.3333333333333335,3.0,,3.0,4.0,3.0,3.0
2022,초5,,0.9499243693558899,3.0,2.0,,3.0,3.0,3.0,2.0
2022,초5,,0.9499243693558899,2.6666666666666665,1.0,,3.0,3.0,2.0,1.0
2022,초5,,0.9499243693558899,3.6666666666666665,4.0,,3.0,4.0,4.0,4.0
2022,초5,,0.9499243693558899,2.6666666666666665,4.0,,3.0,3.0,2.0,4.0
2022,초5,,0.9499243693558899,3.0,2.0,,3.0,4.0,2.0,2.0
2022,초5,,0.9499243693558899,3.6666666666666665,3.0,,4.0,4.0,3.0,3.0
2022,초5,,0.9499243693558899,3.6666666666666665,3.0,,3.0,4.0,4.0,3.0
2022,초5,,0.9499243693558899,2.6666666666666665,2.0,,3.0,3.0,2.0,2.0
2022,초5,,0.9499243693558899,2.6666666666666665,1.0,,3.0,3.0,2.0,1.0
2022,초5,,0.9499243693558899,3.3333333333333335,1.0,,3.0,4.0,3.0,1.0
2022,초5,,0.9499243693558899,2.3333333333333335,2.0,,3.0,3.0,1.0,2.0
2022,초5,,0.9499243693558899,3.0,2.0,,3.0,3.0,3.0,2.0
2022,초5,,0.9499243693558899,3.0,2.0,,2.0,4.0,3.0,2.0
2022,초6,,1.0453286737667769,3.3333333333333335,4.0,,3.0,4.0,3.0,4.0
2022,초6,,1.0453286737667769,3.3333333333333335,3.0,,3.0,4.0,3.0,3.0
2022,초6,,1.0453286737667769,3.6666666666666665,3.0,,4.0,4.0,3.0,3.0
2022,초6,,1.0453286737667769,3.6666666666666665,3.0,,4.0,4.0,3.0,3.0
2022,초6,,1.0453286737667769,3.0,3.0,,2.0,4.0,3.0,3.0
2022,초6,,1.0453286737667769,4.0,3.0,,4.0,4.0,4.0,3.0
2022,초6,,1.0453286737667769,3.3333333333333335,3.0,,4.0,4.0,2.0,3.0
2022,초6,,1.0453286737667769,3.3333333333333335,3.0,,3.0,4.0,3.0,3.0
2022,초6,,1.0453286737667769,3.3333333333333335,2.0,,4.0,4.0,2.0,2.0
2022,초6,,1.0453286737667769,2.6666666666666665,1.0,,2.0,4.0,2.0,1.0
2022,초6,,1.0453286737667769,2.6666666666666665,3.0,,3.0,3.0,2.0,3.0
2022,초6,,1.0453286737667769,3.3333333333333335,4.0,,3.0,4.0,3.0,4.0
2022,초6,,1.0453286737667769,3.3333333333333335,3.0,,3.0,4.0,3.0,3.0
2022,초6,,1.0453286737667769,3.0,2.0,,3.0,3.0,3.0,2.0
2022,초6,,1.1958532465582794,3.6666666666666665,3.0,,4.0,4.0,3.0,3.0
2022,초6,,1.1958532465582794,2.6666666666666665,4.0,,3.0,3.0,2.0,4.0
2022,초6,,1.1958532465582794,3.3333333333333335,3.0,,3.0,4.0,3.0,3.0
2022,초6,,1.1958532465582794,3.3333333333333335,3.0,,3.0,4.0,3.0,3.0
2022,초6,,1.1958532465582794,4.0,4.0,,4.0,4.0,4.0,4.0
2022,초6,,1.1958532465582794,3.0,1.0,,3.0,4.0,2.0,1.0
2022,초6,,1.1958532465582794,3.3333333333333335,3.0,,3.0,4.0,3.0,3.0
2022,초6,,1.1958532465582794,4.0,4.0,,4.0,4.0,4.0,4.0
2022,초6,,1.1958532465582794,3.3333333333333335,4.0,,3.0,4.0,3.0,4.0
2022,초6,,1.1958532465582794,4.0,4.0,,4.0,4.0,4.0,4.0
2022,초6,,1.1958532465582794,3.0,3.0,,3.0,4.0,2.0,3.0
2022,초6,,1.1958532465582794,3.3333333333333335,2.0,,4.0,4.0,2.0,2.0
2022,초4,,0.9588881491452513,3.3333333333333335,3.0,,3.0,4.0,3.0,3.0
2022,초4,,0.9588881491452513,3.0,3.0,,2.0,4.0,3.0,3.0
2022,초4,,0.9588881491452513,3.6666666666666665,4.0,,3.0,4.0,4.0,4.0
2022,초4,,0.9588881491452513,3.6666666666666665,4.0,,3.0,4.0,4.0,4.0
2022,초4,,0.9588881491452513,3.6666666666666665,4.0,,4.0,4.0,3.0,4.0
2022,초4,,0.9588881491452513,3.3333333333333335,4.0,,3.0,4.0,3.0,4.0
2022,초4,,0.9588881491452513,4.0,4.0,,4.0,4.0,4.0,4.0
2022,초4,,0.9588881491452513,4.0,4.0,,4.0,4.0,4.0,4.0
2022,초4,,0.9588881491452513,4.0,4.0,,4.0,4.0,4.0,4.0
2022,초4,,0.9588881491452513,4.0,4.0,,4.0,4.0,4.0,4.0
2022,초4,,0.9588881491452513,2.6666666666666665,2.0,,3.0,3.0,2.0,2.0
2022,초4,,0.9588881491452513,4.0,4.0,,4.0,4.0,4.0,4.0
2022,초4,,0.9588881491452513,3.3333333333333335,3.0,,3.0,4.0,3.0,3.0
2022,초4,,0.9588881491452513,4.0,4.0,,4.0,4.0,4.0,4.0
2022,초4,,1.045636832603983,3.3333333333333335,2.0,,3.0,4.0,3.0,2.0
2022,초4,,1.045636832603983,4.0,4.0,,4.0,4.0,4.0,4.0
2022,초4,,1.045636832603983,3.6666666666666665,4.0,,3.0,4.0,4.0,4.0
2022,초4,,1.045636832603983,4.0,4.0,,4.0,4.0,4.0,4.0
2022,초4,,1.045636832603983,3.3333333333333335,4.0,,4.0,3.0,3.0,4.0
2022,초4,,1.045636832603983,3.3333333333333335,3.0,,3.0,4.0,3.0,3.0
2022,초4,,1.045636832603983,3.0,3.0,,3.0,2.0,4.0,3.0
2022,초4,,1.045636832603983,3.3333333333333335,3.0,,4.0,3.0,3.0,3.0
2022,초4,,1.045636832603983,3.6666666666666665,4.0,,3.0,4.0,4.0,4.0
2022,초4,,1.045636832603983,4.0,4.0,,4.0,4.0,4.0,4.0
2022,초4,,1.045636832603983,2.6666666666666665,1.0,,3.0,3.0,2.0,1.0
2022,초4,,1.045636832603983,3.0,2.0,,3.0,4.0,2.0,2.0
2022,초4,,1.045636832603983,2.6666666666666665,3.0,,1.0,4.0,3.0,3.0
2022,초4,,1.045636832603983,3.6666666666666665,3.0,,3.0,4.0,4.0,3.0
2022,초4,,1.045636832603983,2.3333333333333335,2.0,,2.0,3.0,2.0,2.0
2022,초4,,1.045636832603983,3.6666666666666665,3.0,,4.0,4.0,3.0,3.0
2022,초5,,1.544074975660305,3.3333333333333335,3.0,,4.0,3.0,3.0,3.0
2022,초5,,1.544074975660305,4.0,4.0,,4.0,4.0,4.0,4.0
2022,초5,,1.544074975660305,3.0,3.0,,2.0,4.0,3.0,3.0
2022,초5,,1.544074975660305,3.6666666666666665,4.0,,4.0,4.0,3.0,4.0
2022,초5,,1.544074975660305,3.3333333333333335,3.0,,4.0,4.0,2.0,3.0
2022,초5,,1.544074975660305,3.0,3.0,,3.0,4.0,2.0,3.0
2022,초5,,1.544074975660305,3.6666666666666665,4.0,,3.0,4.0,4.0,4.0
2022,초5,,1.544074975660305,3.6666666666666665,3.0,,3.0,4.0,4.0,3.0
2022,초5,,1.544074975660305,3.0,3.0,,3.0,3.0,3.0,3.0
2022,초5,,1.544074975660305,3.6666666666666665,4.0,,3.0,4.0,4.0,4.0
2022,초5,,1.3570348133655568,4.0,4.0,,4.0,4.0,4.0,4.0
2022,초5,,1.3570348133655568,3.6666666666666665,3.0,,4.0,4.0,3.0,3.0
2022,초5,,1.3570348133655568,4.0,3.0,,4.0,4.0,4.0,3.0
2022,초5,,1.3570348133655568,2.6666666666666665,2.0,,3.0,3.0,2.0,2.0
2022,초5,,1.3570348133655568,3.6666666666666665,3.0,,4.0,4.0,3.0,3.0
2022,초5,,1.3570348133655568,4.0,4.0,,4.0,4.0,4.0,4.0
2022,초5,,1.3570348133655568,3.6666666666666665,4.0,,4.0,4.0,3.0,4.0
2022,초5,,1.3570348133655568,3.3333333333333335,4.0,,3.0,4.0,3.0,4.0
2022,초5,,1.3570348133655568,4.0,4.0,,4.0,4.0,4.0,4.0
2022,초5,,1.3570348133655568,4.0,4.0,,4.0,4.0,4.0,4.0
2022,초5,,1.3570348133655568,3.3333333333333335,3.0,,3.0,3.0,4.0,3.0
2022,초4,,1.7828078710691255,2.6666666666666665,1.0,,3.0,3.0,2.0,1.0
2022,초4,,1.7828078710691255,4.0,4.0,,4.0,4.0,4.0,4.0
2022,초4,,1.7828078710691255,4.0,4.0,,4.0,4.0,4.0,4.0
2022,초4,,1.7828078710691255,3.3333333333333335,3.0,,4.0,3.0,3.0,3.0
2022,초4,,1.7828078710691255,3.6666666666666665,3.0,,4.0,4.0,3.0,3.0
2022,초4,,1.7828078710691255,3.3333333333333335,2.0,,4.0,3.0,3.0,2.0
2022,초4,,1.7828078710691255,2.3333333333333335,3.0,,3.0,3.0,1.0,3.0
2022,초4,,1.7828078710691255,3.3333333333333335,3.0,,3.0,4.0,3.0,3.0
2022,초4,,1.7828078710691255,4.0,4.0,,4.0,4.0,4.0,4.0
2022,초4,,1.6322182775006442,2.6666666666666665,2.0,,2.0,4.0,2.0,2.0
2022,초4,,1.6322182775006442,3.0,3.0,,3.0,3.0,3.0,3.0
2022,초4,,1.6322182775006442,3.0,1.0,,3.0,4.0,2.0,1.0
2022,초4,,1.6322182775006442,4.0,3.0,,4.0,4.0,4.0,3.0
2022,초4,,1.6322182775006442,2.6666666666666665,4.0,,3.0,3.0,2.0,4.0
2022,초4,,1.6322182775006442,3.3333333333333335,3.0,,3.0,4.0,3.0,3.0
2022,초4,,1.6322182775006442,3.6666666666666665,3.0,,3.0,4.0,4.0,3.0
2022,초4,,1.6322182775006442,3.0,2.0,,3.0,3.0,3.0,2.0
2022,초5,,1.1179311775752983,3.3333333333333335,4.0,,3.0,4.0,3.0,4.0
2022,초5,,1.1179311775752983,3.6666666666666665,3.0,,4.0,4.0,3.0,3.0
2022,초5,,1.1179311775752983,2.6666666666666665,2.0,,3.0,3.0,2.0,2.0
2022,초5,,1.1179311775752983,4.0,4.0,,4.0,4.0,4.0,4.0
2022,초5,,1.1179311775752983,3.0,3.0,,3.0,3.0,3.0,3.0
2022,초5,,1.1179311775752983,3.3333333333333335,2.0,,3.0,4.0,3.0,2.0
2022,초5,,1.1179311775752983,4.0,4.0,,4.0,4.0,4.0,4.0
2022,초5,,1.1179311775752983,3.6666666666666665,2.0,,4.0,4.0,3.0,2.0
2022,초5,,1.1179311775752983,4.0,4.0,,4.0,4.0,4.0,4.0
2022,초5,,1.1179311775752983,4.0,4.0,,4.0,4.0,4.0,4.0
2022,초5,,1.1179311775752983,3.0,3.0,,4.0,2.0,3.0,3.0
2022,초5,,1.1179311775752983,4.0,4.0,,4.0,4.0,4.0,4.0
2022,초5,,1.0983803459630161,3.0,3.0,,3.0,3.0,3.0,3.0
2022,초5,,1.0983803459630161,4.0,3.0,,4.0,4.0,4.0,3.0
2022,초5,,1.0983803459630161,3.0,2.0,,3.0,4.0,2.0,2.0
2022,초5,,1.0983803459630161,2.3333333333333335,1.0,,3.0,3.0,1.0,1.0
2022,초5,,1.0983803459630161,3.6666666666666665,2.0,,4.0,4.0,3.0,2.0
2022,초5,,1.0983803459630161,3.3333333333333335,3.0,,3.0,4.0,3.0,3.0
2022,초5,,1.0983803459630161,4.0,3.0,,4.0,4.0,4.0,3.0
2022,초5,,1.0983803459630161,3.0,3.0,,3.0,3.0,3.0,3.0
2022,초5,,1.0983803459630161,3.0,3.0,,3.0,3.0,3.0,3.0
2022,초5,,1.0983803459630161,3.6666666666666665,3.0,,4.0,4.0,3.0,3.0
2022,초5,,1.0983803459630161,3.3333333333333335,3.0,,3.0,4.0,3.0,3.0
2022,초5,,1.0983803459630161,3.3333333333333335,2.0,,3.0,4.0,3.0,2.0
2022,초5,,1.0983803459630161,3.3333333333333335,1.0,,3.0,4.0,3.0,1.0
2022,초5,,1.0983803459630161,3.3333333333333335,3.0,,3.0,4.0,3.0,3.0
2022,초5,,1.2637482876938155,3.3333333333333335,3.0,,3.0,4.0,3.0,3.0
2022,초5,,1.2637482876938155,3.0,3.0,,3.0,4.0,2.0,3.0
2022,초5,,1.2637482876938155,4.0,4.0,,4.0,4.0,4.0,4.0
2022,초5,,1.2637482876938155,2.6666666666666665,2.0,,3.0,3.0,2.0,2.0
2022,초5,,1.2637482876938155,3.3333333333333335,3.0,,3.0,4.0,3.0,3.0
2022,초5,,1.2637482876938155,3.6666666666666665,3.0,,4.0,4.0,3.0,3.0
2022,초5,,1.2637482876938155,3.0,3.0,,3.0,3.0,3.0,3.0
2022,초5,,1.2637482876938155,3.3333333333333335,4.0,,3.0,4.0,3.0,4.0
2022,초5,,1.2637482876938155,3.0,1.0,,3.0,4.0,2.0,1.0
2022,초5,,1.2637482876938155,3.3333333333333335,3.0,,3.0,4.0,3.0,3.0
2022,초5,,1.241647347610366,2.6666666666666665,2.0,,3.0,3.0,2.0,2.0
2022,초5,,1.241647347610366,4.0,4.0,,4.0,4.0,4.0,4.0
2022,초5,,1.241647347610366,3.3333333333333335,3.0,,3.0,4.0,3.0,3.0
2022,초5,,1.241647347610366,3.6666666666666665,3.0,,3.0,4.0,4.0,3.0
2022,초5,,1.2637482876938155,3.3333333333333335,3.0,,3.0,4.0,3.0,3.0
2022,초5,,1.241647347610366,2.3333333333333335,2.0,,3.0,3.0,1.0,2.0
2022,초5,,1.241647347610366,4.0,4.0,,4.0,4.0,4.0,4.0
2022,초5,,1.241647347610366,3.6666666666666665,3.0,,3.0,4.0,4.0,3.0
2022,초5,,1.241647347610366,3.0,3.0,,3.0,4.0,2.0,3.0
2022,초5,,1.241647347610366,3.3333333333333335,2.0,,4.0,4.0,2.0,2.0
2022,초5,,1.241647347610366,4.0,3.0,,4.0,4.0,4.0,3.0
2022,초4,,1.2064222051091718,3.6666666666666665,4.0,,3.0,4.0,4.0,4.0
2022,초4,,1.2064222051091718,3.3333333333333335,3.0,,3.0,4.0,3.0,3.0
2022,초4,,1.2064222051091718,3.0,2.0,,3.0,3.0,3.0,2.0
2022,초4,,1.2064222051091718,3.6666666666666665,4.0,,3.0,4.0,4.0,4.0
2022,초4,,1.2064222051091718,3.6666666666666665,4.0,,3.0,4.0,4.0,4.0
2022,초4,,1.2064222051091718,3.6666666666666665,4.0,,3.0,4.0,4.0,4.0
2022,초4,,1.2064222051091718,3.0,2.0,,3.0,3.0,3.0,2.0
2022,초4,,1.2064222051091718,3.6666666666666665,3.0,,3.0,4.0,4.0,3.0
2022,초4,,1.2064222051091718,3.3333333333333335,3.0,,3.0,4.0,3.0,3.0
2022,초4,,1.2064222051091718,2.6666666666666665,3.0,,3.0,3.0,2.0,3.0
2022,초4,,1.3177275568771798,3.6666666666666665,3.0,,4.0,4.0,3.0,3.0
2022,초4,,1.3177275568771798,4.0,4.0,,4.0,4.0,4.0,4.0
2022,초4,,1.3177275568771798,4.0,4.0,,4.0,4.0,4.0,4.0
2022,초4,,1.3177275568771798,4.0,4.0,,4.0,4.0,4.0,4.0
2022,초4,,1.3177275568771798,4.0,4.0,,4.0,4.0,4.0,4.0
2022,초4,,1.3177275568771798,4.0,4.0,,4.0,4.0,4.0,4.0
2022,초4,,1.3177275568771798,4.0,4.0,,4.0,4.0,4.0,4.0
2022,초4,,1.3177275568771798,3.3333333333333335,3.0,,3.0,4.0,3.0,3.0
2022,초4,,1.3177275568771798,3.6666666666666665,3.0,,3.0,4.0,4.0,3.0
2022,초4,,1.3177275568771798,3.6666666666666665,4.0,,3.0,4.0,4.0,4.0
2022,초4,,1.3177275568771798,3.3333333333333335,4.0,,3.0,3.0,4.0,4.0
2022,초4,,1.3177275568771798,3.6666666666666665,4.0,,3.0,4.0,4.0,4.0
2022,초6,,1.1094665314886285,4.0,4.0,,4.0,4.0,4.0,4.0
2022,초6,,1.1094665314886285,3.6666666666666665,4.0,,3.0,4.0,4.0,4.0
2022,초6,,1.1094665314886285,3.6666666666666665,3.0,,4.0,4.0,3.0,3.0
2022,초6,,1.1094665314886285,4.0,4.0,,4.0,4.0,4.0,4.0
2022,초6,,1.1094665314886285,3.6666666666666665,3.0,,4.0,4.0,3.0,3.0
2022,초6,,1.1094665314886285,4.0,3.0,,4.0,4.0,4.0,3.0
2022,초6,,1.1094665314886285,2.6666666666666665,3.0,,3.0,3.0,2.0,3.0
2022,초6,,1.1094665314886285,2.6666666666666665,4.0,,3.0,2.0,3.0,4.0
2022,초6,,1.1094665314886285,3.6666666666666665,3.0,,4.0,4.0,3.0,3.0
2022,초6,,1.1094665314886285,3.0,3.0,,3.0,3.0,3.0,3.0
2022,초6,,1.1094665314886285,3.3333333333333335,3.0,,3.0,4.0,3.0,3.0
2022,초6,,1.1094665314886285,2.6666666666666665,2.0,,3.0,3.0,2.0,2.0
2022,초6,,1.1094665314886285,3.6666666666666665,4.0,,4.0,3.0,4.0,4.0
2022,초6,,0.9892433074698933,4.0,4.0,,4.0,4.0,4.0,4.0
2022,초6,,0.9892433074698933,3.0,2.0,,3.0,3.0,3.0,2.0
2022,초6,,0.9892433074698933,2.3333333333333335,4.0,,3.0,2.0,2.0,4.0
2022,초6,,0.9892433074698933,3.3333333333333335,3.0,,3.0,4.0,3.0,3.0
2022,초6,,0.9892433074698933,3.0,3.0,,3.0,3.0,3.0,3.0
2022,초6,,0.9892433074698933,3.6666666666666665,3.0,,3.0,4.0,4.0,3.0
2022,초6,,0.9892433074698933,3.6666666666666665,4.0,,3.0,4.0,4.0,4.0
2022,초6,,0.9892433074698933,3.6666666666666665,4.0,,3.0,4.0,4.0,4.0
2022,초6,,0.9892433074698933,3.0,3.0,,3.0,3.0,3.0,3.0
2022,초6,,0.9892433074698933,4.0,4.0,,4.0,4.0,4.0,4.0
2022,초6,,0.9892433074698933,3.0,2.0,,3.0,3.0,3.0,2.0
2022,초6,,0.9892433074698933,3.3333333333333335,3.0,,3.0,3.0,4.0,3.0
2022,초6,,0.9892433074698933,3.0,4.0,,3.0,3.0,3.0,4.0
2022,초5,,1.2637482876938155,3.3333333333333335,4.0,,3.0,3.0,4.0,4.0
2022,초5,,1.2637482876938155,3.3333333333333335,4.0,,3.0,4.0,3.0,4.0
2022,초5,,1.2637482876938155,3.0,2.0,,3.0,3.0,3.0,2.0
2022,초5,,1.2637482876938155,3.6666666666666665,4.0,,3.0,4.0,4.0,4.0
2022,초5,,1.2637482876938155,4.0,4.0,,4.0,4.0,4.0,4.0
2022,초5,,1.2637482876938155,3.3333333333333335,3.0,,3.0,4.0,3.0,3.0
2022,초5,,1.2637482876938155,3.3333333333333335,3.0,,3.0,4.0,3.0,3.0
2022,초5,,1.2637482876938155,3.3333333333333335,4.0,,3.0,4.0,3.0,4.0
2022,초5,,1.2637482876938155,2.3333333333333335,4.0,,3.0,2.0,2.0,4.0
2022,초5,,1.2637482876938155,4.0,3.0,,4.0,4.0,4.0,3.0
2022,초5,,1.2637482876938155,3.0,3.0,,3.0,3.0,3.0,3.0
2022,초5,,1.2637482876938155,3.3333333333333335,2.0,,4.0,4.0,2.0,2.0
2022,초5,,1.241647347610366,2.3333333333333335,2.0,,3.0,3.0,1.0,2.0
2022,초5,,1.241647347610366,3.3333333333333335,3.0,,2.0,4.0,4.0,3.0
2022,초5,,1.241647347610366,3.3333333333333335,3.0,,3.0,3.0,4.0,3.0
2022,초5,,1.241647347610366,3.6666666666666665,4.0,,3.0,4.0,4.0,4.0
2022,초5,,1.241647347610366,3.3333333333333335,2.0,,3.0,4.0,3.0,2.0
2022,초5,,1.241647347610366,4.0,4.0,,4.0,4.0,4.0,4.0
2022,초5,,1.241647347610366,3.3333333333333335,3.0,,3.0,4.0,3.0,3.0
2022,초5,,1.241647347610366,2.3333333333333335,2.0,,3.0,2.0,2.0,2.0
2022,초5,,1.241647347610366,3.0,2.0,,3.0,3.0,3.0,2.0
2022,초5,,1.241647347610366,3.3333333333333335,4.0,,2.0,4.0,4.0,4.0
2022,초5,,1.241647347610366,3.3333333333333335,3.0,,3.0,4.0,3.0,3.0
2022,초4,,1.1656820695451975,3.0,3.0,,3.0,3.0,3.0,3.0
2022,초4,,1.1656820695451975,3.6666666666666665,4.0,,4.0,4.0,3.0,4.0
2022,초4,,1.1656820695451975,4.0,4.0,,4.0,4.0,4.0,4.0
2022,초4,,1.1656820695451975,3.3333333333333335,3.0,,4.0,3.0,3.0,3.0
2022,초4,,1.1656820695451975,3.6666666666666665,4.0,,4.0,4.0,3.0,4.0
2022,초4,,1.1656820695451975,4.0,3.0,,4.0,4.0,4.0,3.0
2022,초4,,1.1656820695451975,3.6666666666666665,3.0,,4.0,4.0,3.0,3.0
2022,초4,,1.1656820695451975,3.0,4.0,,3.0,3.0,3.0,4.0
2022,초4,,1.1656820695451975,3.3333333333333335,4.0,,3.0,4.0,3.0,4.0
2022,초4,,1.1656820695451975,3.6666666666666665,4.0,,3.0,4.0,4.0,4.0
2022,초4,,1.1656820695451975,3.0,3.0,,3.0,3.0,3.0,3.0
2022,초4,,1.1656820695451975,2.6666666666666665,2.0,,3.0,3.0,2.0,2.0
2022,초4,,1.0672196429811902,3.0,3.0,,3.0,3.0,3.0,3.0
2022,초4,,1.0672196429811902,3.0,4.0,,1.0,4.0,4.0,4.0
2022,초4,,1.0672196429811902,3.6666666666666665,3.0,,4.0,4.0,3.0,3.0
2022,초4,,1.0672196429811902,3.6666666666666665,4.0,,3.0,4.0,4.0,4.0
2022,초4,,1.0672196429811902,2.6666666666666665,4.0,,2.0,3.0,3.0,4.0
2022,초4,,1.0672196429811902,3.6666666666666665,4.0,,4.0,4.0,3.0,4.0
2022,초4,,1.0672196429811902,3.0,4.0,,1.0,4.0,4.0,4.0
2022,초4,,1.0672196429811902,3.6666666666666665,4.0,,3.0,4.0,4.0,4.0
2022,초4,,1.0672196429811902,4.0,3.0,,4.0,4.0,4.0,3.0
2022,초4,,1.0672196429811902,4.0,4.0,,4.0,4.0,4.0,4.0
2022,초4,,1.0672196429811902,4.0,4.0,,4.0,4.0,4.0,4.0
2022,초4,,1.0672196429811902,3.3333333333333335,3.0,,3.0,4.0,3.0,3.0
2022,초4,,1.0672196429811902,3.6666666666666665,4.0,,3.0,4.0,4.0,4.0
2022,초4,,1.0672196429811902,3.3333333333333335,2.0,,3.0,4.0,3.0,2.0
2022,초4,,1.1656820695451975,3.6666666666666665,4.0,,3.0,4.0,4.0,4.0
2022,초4,,1.1656820695451975,3.0,3.0,,3.0,3.0,3.0,3.0
2022,초4,,1.1656820695451975,3.6666666666666665,4.0,,3.0,4.0,4.0,4.0
2022,초4,,1.1656820695451975,3.3333333333333335,4.0,,3.0,4.0,3.0,4.0
2022,초4,,1.1656820695451975,3.6666666666666665,4.0,,3.0,4.0,4.0,4.0
2022,초4,,1.1656820695451975,4.0,4.0,,4.0,4.0,4.0,4.0
2022,초4,,1.1656820695451975,3.6666666666666665,2.0,,4.0,4.0,3.0,2.0
2022,초4,,1.1656820695451975,3.6666666666666665,4.0,,4.0,4.0,3.0,4.0
2022,초4,,1.1656820695451975,3.0,3.0,,3.0,4.0,2.0,3.0
2022,초4,,1.1656820695451975,3.3333333333333335,4.0,,3.0,3.0,4.0,4.0
2022,초4,,1.1656820695451975,3.0,2.0,,4.0,3.0,2.0,2.0
2022,초4,,1.1656820695451975,3.3333333333333335,2.0,,3.0,4.0,3.0,2.0
2022,초4,,1.0672196429811902,3.6666666666666665,3.0,,4.0,4.0,3.0,3.0
2022,초4,,1.0672196429811902,3.0,2.0,,3.0,3.0,3.0,2.0
2022,초4,,1.0672196429811902,2.3333333333333335,1.0,,3.0,3.0,1.0,1.0
2022,초4,,1.0672196429811902,3.6666666666666665,4.0,,4.0,4.0,3.0,4.0
2022,초4,,1.0672196429811902,3.0,1.0,,2.0,3.0,4.0,1.0
2022,초4,,1.0672196429811902,3.6666666666666665,4.0,,4.0,4.0,3.0,4.0
2022,초4,,1.0672196429811902,3.6666666666666665,4.0,,4.0,4.0,3.0,4.0
2022,초4,,1.0672196429811902,3.6666666666666665,4.0,,4.0,4.0,3.0,4.0
2022,초4,,1.0672196429811902,3.3333333333333335,3.0,,3.0,4.0,3.0,3.0
2022,초4,,1.0672196429811902,3.3333333333333335,2.0,,3.0,4.0,3.0,2.0
2022,초4,,1.0672196429811902,4.0,4.0,,4.0,4.0,4.0,4.0
2022,초4,,1.0672196429811902,3.3333333333333335,3.0,,4.0,3.0,3.0,3.0
2022,초4,,1.0672196429811902,3.3333333333333335,4.0,,3.0,4.0,3.0,4.0
2022,초5,,1.0576995924088304,3.0,2.0,,3.0,4.0,2.0,2.0
2022,초5,,1.0576995924088304,3.6666666666666665,3.0,,4.0,4.0,3.0,3.0
2022,초5,,1.0576995924088304,3.0,2.0,,3.0,3.0,3.0,2.0
2022,초5,,1.0576995924088304,4.0,4.0,,4.0,4.0,4.0,4.0
2022,초5,,1.0576995924088304,2.3333333333333335,2.0,,1.0,4.0,2.0,2.0
2022,초5,,1.0576995924088304,3.0,3.0,,2.0,4.0,3.0,3.0
2022,초5,,1.0576995924088304,3.6666666666666665,3.0,,3.0,4.0,4.0,3.0
2022,초5,,1.0576995924088304,3.3333333333333335,4.0,,3.0,4.0,3.0,4.0
2022,초5,,1.0576995924088304,3.0,2.0,,3.0,4.0,2.0,2.0
2022,초5,,1.0576995924088304,2.3333333333333335,3.0,,2.0,3.0,2.0,3.0
2022,초5,,1.0576995924088304,3.3333333333333335,4.0,,3.0,4.0,3.0,4.0
2022,초5,,1.0576995924088304,4.0,4.0,,4.0,4.0,4.0,4.0
2022,초5,,1.0576995924088304,3.0,4.0,,2.0,3.0,4.0,4.0
2022,초5,,1.0576995924088304,3.3333333333333335,3.0,,3.0,4.0,3.0,3.0
2022,초5,,1.0765263191465835,3.6666666666666665,4.0,,3.0,4.0,4.0,4.0
2022,초5,,1.0765263191465835,4.0,4.0,,4.0,4.0,4.0,4.0
2022,초5,,1.0765263191465835,4.0,4.0,,4.0,4.0,4.0,4.0
2022,초5,,1.0765263191465835,4.0,2.0,,4.0,4.0,4.0,2.0
2022,초5,,1.0765263191465835,4.0,4.0,,4.0,4.0,4.0,4.0
2022,초5,,1.0765263191465835,3.0,3.0,,3.0,3.0,3.0,3.0
2022,초5,,1.0765263191465835,2.6666666666666665,3.0,,2.0,4.0,2.0,3.0
2022,초5,,1.0765263191465835,3.0,3.0,,2.0,4.0,3.0,3.0
2022,초5,,1.0765263191465835,3.0,3.0,,3.0,4.0,2.0,3.0
2022,초5,,1.0765263191465835,3.0,2.0,,3.0,3.0,3.0,2.0
2022,초5,,1.0765263191465835,3.6666666666666665,4.0,,4.0,4.0,3.0,4.0
2022,초5,,1.0765263191465835,2.3333333333333335,3.0,,3.0,2.0,2.0,3.0
2022,초5,,1.0765263191465835,3.0,3.0,,3.0,3.0,3.0,3.0
2022,초5,,1.3211913916798979,3.3333333333333335,4.0,,3.0,3.0,4.0,4.0
2022,초5,,1.3211913916798979,3.6666666666666665,3.0,,4.0,4.0,3.0,3.0
2022,초5,,1.3211913916798979,3.3333333333333335,3.0,,3.0,4.0,3.0,3.0
2022,초5,,1.3211913916798979,3.0,3.0,,3.0,3.0,3.0,3.0
2022,초5,,1.3211913916798979,2.6666666666666665,1.0,,3.0,3.0,2.0,1.0
2022,초5,,1.3211913916798979,3.6666666666666665,4.0,,4.0,4.0,3.0,4.0
2022,초5,,1.3211913916798979,4.0,4.0,,4.0,4.0,4.0,4.0
2022,초5,,1.3211913916798979,4.0,4.0,,4.0,4.0,4.0,4.0
2022,초5,,1.3211913916798979,3.0,2.0,,3.0,3.0,3.0,2.0
2022,초5,,1.3211913916798979,4.0,4.0,,4.0,4.0,4.0,4.0
2022,초5,,1.3211913916798979,3.6666666666666665,4.0,,4.0,4.0,3.0,4.0
2022,초5,,1.3211913916798979,3.6666666666666665,3.0,,4.0,4.0,3.0,3.0
2022,초5,,1.3211913916798979,2.3333333333333335,1.0,,3.0,3.0,1.0,1.0
2022,초5,,1.2980858634108374,3.3333333333333335,3.0,,3.0,4.0,3.0,3.0
2022,초5,,1.2980858634108374,3.3333333333333335,4.0,,3.0,4.0,3.0,4.0
2022,초5,,1.2980858634108374,2.3333333333333335,1.0,,2.0,4.0,1.0,1.0
2022,초5,,1.2980858634108374,3.0,3.0,,3.0,4.0,2.0,3.0
2022,초5,,1.2980858634108374,4.0,4.0,,4.0,4.0,4.0,4.0
2022,초5,,1.2980858634108374,4.0,4.0,,4.0,4.0,4.0,4.0
2022,초5,,1.2980858634108374,3.0,2.0,,3.0,4.0,2.0,2.0
2022,초5,,1.2980858634108374,3.6666666666666665,3.0,,4.0,4.0,3.0,3.0
2022,초5,,1.2980858634108374,3.6666666666666665,4.0,,3.0,4.0,4.0,4.0
2022,초4,,1.2628222420072976,3.6666666666666665,4.0,,4.0,4.0,3.0,4.0
2022,초4,,1.2628222420072976,3.3333333333333335,4.0,,3.0,4.0,3.0,4.0
2022,초4,,1.2628222420072976,4.0,4.0,,4.0,4.0,4.0,4.0
2022,초4,,1.2628222420072976,4.0,4.0,,4.0,4.0,4.0,4.0
2022,초4,,1.2628222420072976,4.0,2.0,,4.0,4.0,4.0,2.0
2022,초4,,1.2628222420072976,3.6666666666666665,4.0,,4.0,4.0,3.0,4.0
2022,초4,,1.2628222420072976,3.0,3.0,,3.0,3.0,3.0,3.0
2022,초4,,1.2628222420072976,3.0,3.0,,3.0,4.0,2.0,3.0
2022,초4,,1.2628222420072976,4.0,4.0,,4.0,4.0,4.0,4.0
2022,초4,,1.2628222420072976,4.0,4.0,,4.0,4.0,4.0,4.0
2022,초4,,1.2628222420072976,3.3333333333333335,2.0,,4.0,3.0,3.0,2.0
2022,초4,,1.156154613229623,3.6666666666666665,3.0,,3.0,4.0,4.0,3.0
2022,초4,,1.156154613229623,4.0,4.0,,4.0,4.0,4.0,4.0
2022,초4,,1.156154613229623,3.3333333333333335,4.0,,3.0,4.0,3.0,4.0
2022,초4,,1.156154613229623,3.6666666666666665,3.0,,4.0,4.0,3.0,3.0
2022,초4,,1.156154613229623,4.0,4.0,,4.0,4.0,4.0,4.0
2022,초4,,1.156154613229623,3.6666666666666665,4.0,,3.0,4.0,4.0,4.0
2022,초4,,1.156154613229623,3.3333333333333335,3.0,,3.0,4.0,3.0,3.0
2022,초4,,1.156154613229623,3.3333333333333335,4.0,,3.0,3.0,4.0,4.0
2022,초4,,1.156154613229623,3.6666666666666665,3.0,,4.0,4.0,3.0,3.0
2022,초4,,1.156154613229623,4.0,3.0,,4.0,4.0,4.0,3.0
2022,초4,,1.156154613229623,3.6666666666666665,3.0,,3.0,4.0,4.0,3.0
2022,초4,,1.156154613229623,4.0,4.0,,4.0,4.0,4.0,4.0
2022,초4,,1.156154613229623,3.6666666666666665,3.0,,4.0,4.0,3.0,3.0
2022,초6,,1.3111877190320156,3.6666666666666665,4.0,,3.0,4.0,4.0,4.0
2022,초6,,1.3111877190320156,4.0,3.0,,4.0,4.0,4.0,3.0
2022,초6,,1.3111877190320156,4.0,4.0,,4.0,4.0,4.0,4.0
2022,초6,,1.3111877190320156,3.0,3.0,,2.0,4.0,3.0,3.0
2022,초6,,1.3111877190320156,4.0,4.0,,4.0,4.0,4.0,4.0
2022,초6,,1.3111877190320156,3.3333333333333335,3.0,,3.0,4.0,3.0,3.0
2022,초6,,1.3111877190320156,3.0,3.0,,3.0,3.0,3.0,3.0
2022,초6,,1.3111877190320156,2.6666666666666665,4.0,,3.0,2.0,3.0,4.0
2022,초6,,1.3111877190320156,3.3333333333333335,4.0,,3.0,4.0,3.0,4.0
2022,초6,,1.3111877190320156,3.3333333333333335,4.0,,3.0,4.0,3.0,4.0
2022,초6,,1.3111877190320156,3.3333333333333335,3.0,,3.0,4.0,3.0,3.0
2022,초6,,1.169105727009874,4.0,4.0,,4.0,4.0,4.0,4.0
2022,초6,,1.169105727009874,3.6666666666666665,3.0,,3.0,4.0,4.0,3.0
2022,초6,,1.169105727009874,3.3333333333333335,3.0,,3.0,4.0,3.0,3.0
2022,초6,,1.169105727009874,2.3333333333333335,1.0,,3.0,3.0,1.0,1.0
2022,초6,,1.169105727009874,4.0,4.0,,4.0,4.0,4.0,4.0
2022,초6,,1.169105727009874,3.3333333333333335,3.0,,3.0,4.0,3.0,3.0
2022,초6,,1.169105727009874,3.3333333333333335,3.0,,3.0,4.0,3.0,3.0
2022,초6,,1.169105727009874,3.3333333333333335,3.0,,3.0,4.0,3.0,3.0
2022,초6,,1.169105727009874,3.0,3.0,,3.0,4.0,2.0,3.0
2022,초6,,1.169105727009874,3.6666666666666665,4.0,,3.0,4.0,4.0,4.0
2022,초6,,1.169105727009874,3.3333333333333335,3.0,,3.0,4.0,3.0,3.0
2022,초4,,1.3776242640079606,3.0,2.0,,3.0,3.0,3.0,2.0
2022,초4,,1.3776242640079606,3.3333333333333335,2.0,,3.0,3.0,4.0,2.0
2022,초4,,1.3776242640079606,3.6666666666666665,4.0,,4.0,4.0,3.0,4.0
2022,초4,,1.3776242640079606,3.6666666666666665,4.0,,4.0,4.0,3.0,4.0
2022,초4,,1.3776242640079606,4.0,4.0,,4.0,4.0,4.0,4.0
2022,초4,,1.3776242640079606,4.0,4.0,,4.0,4.0,4.0,4.0
2022,초4,,1.3776242640079606,3.3333333333333335,3.0,,4.0,3.0,3.0,3.0
2022,초4,,1.3776242640079606,3.6666666666666665,4.0,,4.0,4.0,3.0,4.0
2022,초4,,1.3776242640079606,4.0,4.0,,4.0,4.0,4.0,4.0
2022,초4,,1.3776242640079606,3.6666666666666665,3.0,,4.0,4.0,3.0,3.0
2022,초4,,1.3776242640079606,3.0,2.0,,3.0,3.0,3.0,2.0
2022,초4,,1.3776242640079606,3.6666666666666665,2.0,,4.0,4.0,3.0,2.0
2022,초4,,1.2612595780686795,3.6666666666666665,3.0,,3.0,4.0,4.0,3.0
2022,초4,,1.2612595780686795,4.0,4.0,,4.0,4.0,4.0,4.0
2022,초4,,1.2612595780686795,3.6666666666666665,3.0,,4.0,4.0,3.0,3.0
2022,초4,,1.2612595780686795,3.0,3.0,,3.0,4.0,2.0,3.0
2022,초4,,1.2612595780686795,3.3333333333333335,4.0,,3.0,4.0,3.0,4.0
2022,초4,,1.2612595780686795,3.3333333333333335,2.0,,3.0,4.0,3.0,2.0
2022,초4,,1.2612595780686795,2.6666666666666665,2.0,,3.0,2.0,3.0,2.0
2022,초4,,1.2612595780686795,3.6666666666666665,4.0,,3.0,4.0,4.0,4.0
2022,초4,,1.2612595780686795,3.6666666666666665,4.0,,3.0,4.0,4.0,4.0
2022,초4,,1.2612595780686795,3.3333333333333335,3.0,,3.0,4.0,3.0,3.0
2022,초6,,1.071680249759051,2.6666666666666665,3.0,,3.0,3.0,2.0,3.0
2022,초6,,1.071680249759051,3.0,2.0,,3.0,4.0,2.0,2.0
2022,초6,,1.071680249759051,3.3333333333333335,3.0,,3.0,4.0,3.0,3.0
2022,초6,,1.071680249759051,3.0,2.0,,3.0,4.0,2.0,2.0
2022,초6,,1.071680249759051,2.6666666666666665,2.0,,2.0,3.0,3.0,2.0
2022,초6,,1.071680249759051,3.3333333333333335,3.0,,3.0,4.0,3.0,3.0
2022,초6,,1.071680249759051,3.3333333333333335,4.0,,3.0,3.0,4.0,4.0
2022,초6,,1.071680249759051,3.6666666666666665,2.0,,3.0,4.0,4.0,2.0
2022,초6,,1.071680249759051,3.6666666666666665,2.0,,3.0,4.0,4.0,2.0
2022,초6,,1.071680249759051,4.0,4.0,,4.0,4.0,4.0,4.0
2022,초6,,1.2019220757793476,3.3333333333333335,3.0,,3.0,4.0,3.0,3.0
2022,초6,,1.2019220757793476,4.0,4.0,,4.0,4.0,4.0,4.0
2022,초6,,1.2019220757793476,3.3333333333333335,4.0,,3.0,4.0,3.0,4.0
2022,초6,,1.2019220757793476,4.0,4.0,,4.0,4.0,4.0,4.0
2022,초6,,1.071680249759051,3.3333333333333335,3.0,,3.0,4.0,3.0,3.0
2022,초6,,1.2019220757793476,3.6666666666666665,4.0,,4.0,4.0,3.0,4.0
2022,초6,,1.2019220757793476,3.0,3.0,,3.0,3.0,3.0,3.0
2022,초6,,1.2019220757793476,3.3333333333333335,2.0,,3.0,4.0,3.0,2.0
2022,초6,,1.2019220757793476,2.6666666666666665,3.0,,3.0,3.0,2.0,3.0
2022,초6,,1.2019220757793476,2.6666666666666665,2.0,,2.0,4.0,2.0,2.0
2022,초6,,1.2019220757793476,3.6666666666666665,3.0,,3.0,4.0,4.0,3.0
2022,초6,,1.2019220757793476,3.3333333333333335,1.0,,4.0,4.0,2.0,1.0
2022,초5,,1.3211913916798979,3.3333333333333335,3.0,,3.0,4.0,3.0,3.0
2022,초5,,1.3211913916798979,2.6666666666666665,2.0,,3.0,3.0,2.0,2.0
2022,초5,,1.3211913916798979,2.6666666666666665,2.0,,2.0,3.0,3.0,2.0
2022,초5,,1.3211913916798979,3.0,2.0,,3.0,4.0,2.0,2.0
2022,초5,,1.3211913916798979,2.6666666666666665,2.0,,3.0,3.0,2.0,2.0
2022,초5,,1.3211913916798979,2.6666666666666665,2.0,,3.0,3.0,2.0,2.0
2022,초5,,1.3211913916798979,3.0,3.0,,3.0,4.0,2.0,3.0
2022,초5,,1.3211913916798979,4.0,4.0,,4.0,4.0,4.0,4.0
2022,초5,,1.3211913916798979,3.6666666666666665,3.0,,4.0,4.0,3.0,3.0
2022,초5,,1.3211913916798979,4.0,4.0,,4.0,4.0,4.0,4.0
2022,초5,,1.2980858634108374,2.3333333333333335,1.0,,1.0,4.0,2.0,1.0
2022,초5,,1.2980858634108374,4.0,3.0,,4.0,4.0,4.0,3.0
2022,초5,,1.2980858634108374,3.0,3.0,,3.0,3.0,3.0,3.0
2022,초5,,1.2980858634108374,2.0,2.0,,2.0,3.0,1.0,2.0
2022,초5,,1.2980858634108374,3.6666666666666665,4.0,,4.0,4.0,3.0,4.0
2022,초5,,1.2980858634108374,2.6666666666666665,2.0,,2.0,4.0,2.0,2.0
2022,초5,,1.2980858634108374,3.3333333333333335,2.0,,3.0,4.0,3.0,2.0
2022,초5,,1.2980858634108374,3.3333333333333335,2.0,,3.0,4.0,3.0,2.0
2022,초5,,1.2980858634108374,3.0,2.0,,4.0,4.0,1.0,2.0
2022,초5,,1.2980858634108374,3.3333333333333335,3.0,,3.0,4.0,3.0,3.0
2022,초5,,1.2980858634108374,2.3333333333333335,2.0,,2.0,3.0,2.0,2.0
2022,초4,,1.0672196429811902,3.6666666666666665,4.0,,4.0,4.0,3.0,4.0
2022,초4,,1.0672196429811902,3.0,3.0,,4.0,3.0,2.0,3.0
2022,초4,,1.0672196429811902,3.6666666666666665,4.0,,3.0,4.0,4.0,4.0
2022,초4,,1.0672196429811902,3.0,2.0,,3.0,4.0,2.0,2.0
2022,초4,,1.0672196429811902,3.6666666666666665,4.0,,3.0,4.0,4.0,4.0
2022,초4,,1.0672196429811902,3.3333333333333335,3.0,,3.0,4.0,3.0,3.0
2022,초4,,1.0672196429811902,2.6666666666666665,1.0,,3.0,3.0,2.0,1.0
2022,초4,,1.0672196429811902,3.6666666666666665,3.0,,4.0,4.0,3.0,3.0
2022,초4,,1.0672196429811902,3.3333333333333335,3.0,,3.0,4.0,3.0,3.0
2022,초4,,1.0672196429811902,2.3333333333333335,2.0,,2.0,3.0,2.0,2.0
2022,초4,,1.0672196429811902,2.3333333333333335,2.0,,2.0,3.0,2.0,2.0
2022,초4,,1.0672196429811902,3.0,3.0,,3.0,3.0,3.0,3.0
2022,초4,,1.0672196429811902,3.6666666666666665,3.0,,4.0,4.0,3.0,3.0
2022,초4,,1.1656820695451975,3.3333333333333335,3.0,,4.0,4.0,2.0,3.0
2022,초4,,1.1656820695451975,3.6666666666666665,2.0,,3.0,4.0,4.0,2.0
2022,초4,,1.1656820695451975,3.0,2.0,,3.0,4.0,2.0,2.0
2022,초4,,1.1656820695451975,2.3333333333333335,2.0,,2.0,3.0,2.0,2.0
2022,초4,,1.1656820695451975,3.3333333333333335,2.0,,4.0,3.0,3.0,2.0
2022,초4,,1.1656820695451975,2.6666666666666665,3.0,,3.0,3.0,2.0,3.0
2022,초4,,1.1656820695451975,2.6666666666666665,3.0,,2.0,3.0,3.0,3.0
2022,초4,,1.1656820695451975,3.0,2.0,,3.0,4.0,2.0,2.0
2022,초4,,1.1656820695451975,3.0,2.0,,3.0,4.0,2.0,2.0
2022,초4,,1.1656820695451975,3.3333333333333335,4.0,,3.0,4.0,3.0,4.0
2022,초4,,1.1656820695451975,3.3333333333333335,4.0,,3.0,4.0,3.0,4.0
2022,초4,,1.1656820695451975,2.3333333333333335,1.0,,3.0,3.0,1.0,1.0
2022,초4,,1.1656820695451975,2.3333333333333335,2.0,,2.0,3.0,2.0,2.0
2022,초6,,1.1538451927481737,3.3333333333333335,4.0,,3.0,4.0,3.0,4.0
2022,초6,,1.1538451927481737,3.6666666666666665,4.0,,3.0,4.0,4.0,4.0
2022,초6,,1.1538451927481737,3.6666666666666665,3.0,,4.0,4.0,3.0,3.0
2022,초6,,1.1538451927481737,3.6666666666666665,4.0,,3.0,4.0,4.0,4.0
2022,초6,,1.1538451927481737,3.3333333333333335,4.0,,4.0,3.0,3.0,4.0
2022,초6,,1.1538451927481737,4.0,4.0,,4.0,4.0,4.0,4.0
2022,초6,,1.1538451927481737,3.6666666666666665,3.0,,3.0,4.0,4.0,3.0
2022,초6,,1.1538451927481737,3.0,4.0,,3.0,3.0,3.0,4.0
2022,초6,,1.1538451927481737,3.0,3.0,,2.0,4.0,3.0,3.0
2022,초6,,1.1538451927481737,3.0,2.0,,3.0,3.0,3.0,2.0
2022,초6,,1.1538451927481737,3.6666666666666665,4.0,,3.0,4.0,4.0,4.0
2022,초6,,1.1538451927481737,3.0,2.0,,3.0,3.0,3.0,2.0
2022,초6,,1.028813039768689,4.0,4.0,,4.0,4.0,4.0,4.0
2022,초6,,1.028813039768689,4.0,3.0,,4.0,4.0,4.0,3.0
2022,초6,,1.028813039768689,3.0,3.0,,3.0,3.0,3.0,3.0
2022,초6,,1.028813039768689,3.6666666666666665,3.0,,4.0,4.0,3.0,3.0
2022,초6,,1.028813039768689,3.6666666666666665,4.0,,3.0,4.0,4.0,4.0
2022,초6,,1.028813039768689,3.0,2.0,,3.0,3.0,3.0,2.0
2022,초6,,1.028813039768689,3.3333333333333335,3.0,,3.0,4.0,3.0,3.0
2022,초6,,1.028813039768689,3.3333333333333335,3.0,,3.0,4.0,3.0,3.0
2022,초6,,1.028813039768689,3.0,3.0,,3.0,3.0,3.0,3.0
2022,초6,,1.028813039768689,3.3333333333333335,3.0,,3.0,4.0,3.0,3.0
2022,초6,,1.028813039768689,3.6666666666666665,3.0,,4.0,4.0,3.0,3.0
2022,초6,,1.028813039768689,4.0,4.0,,4.0,4.0,4.0,4.0
2022,초6,,1.028813039768689,4.0,4.0,,4.0,4.0,4.0,4.0
2022,초5,,1.2637482876938155,2.3333333333333335,4.0,,2.0,2.0,3.0,4.0
2022,초5,,1.2637482876938155,3.3333333333333335,3.0,,3.0,4.0,3.0,3.0
2022,초5,,1.2637482876938155,4.0,4.0,,4.0,4.0,4.0,4.0
2022,초5,,1.2637482876938155,3.6666666666666665,4.0,,3.0,4.0,4.0,4.0
2022,초5,,1.2637482876938155,3.3333333333333335,3.0,,3.0,3.0,4.0,3.0
2022,초5,,1.2637482876938155,3.3333333333333335,3.0,,3.0,4.0,3.0,3.0
2022,초5,,1.2637482876938155,3.3333333333333335,3.0,,3.0,4.0,3.0,3.0
2022,초5,,1.2637482876938155,3.6666666666666665,3.0,,4.0,4.0,3.0,3.0
2022,초5,,1.2637482876938155,4.0,4.0,,4.0,4.0,4.0,4.0
2022,초5,,1.2637482876938155,3.3333333333333335,3.0,,3.0,4.0,3.0,3.0
2022,초5,,1.2637482876938155,3.6666666666666665,4.0,,4.0,4.0,3.0,4.0
2022,초5,,1.2637482876938155,4.0,4.0,,4.0,4.0,4.0,4.0
2022,초5,,1.241647347610366,3.3333333333333335,3.0,,3.0,4.0,3.0,3.0
2022,초5,,1.241647347610366,3.3333333333333335,4.0,,3.0,4.0,3.0,4.0
2022,초5,,1.241647347610366,3.3333333333333335,3.0,,3.0,4.0,3.0,3.0
2022,초5,,1.241647347610366,4.0,4.0,,4.0,4.0,4.0,4.0
2022,초5,,1.241647347610366,3.3333333333333335,3.0,,3.0,4.0,3.0,3.0
2022,초5,,1.241647347610366,3.6666666666666665,4.0,,3.0,4.0,4.0,4.0
2022,초5,,1.241647347610366,3.0,2.0,,3.0,3.0,3.0,2.0
2022,초5,,1.241647347610366,3.6666666666666665,3.0,,4.0,4.0,3.0,3.0
2022,초5,,1.241647347610366,4.0,4.0,,4.0,4.0,4.0,4.0
2022,초5,,1.241647347610366,3.6666666666666665,4.0,,3.0,4.0,4.0,4.0
2022,초5,,1.241647347610366,3.3333333333333335,2.0,,3.0,4.0,3.0,2.0
2022,초4,,1.1656820695451975,2.6666666666666665,1.0,,4.0,3.0,1.0,1.0
2022,초4,,1.1656820695451975,4.0,4.0,,4.0,4.0,4.0,4.0
2022,초4,,1.1656820695451975,3.6666666666666665,4.0,,4.0,4.0,3.0,4.0
2022,초4,,1.1656820695451975,3.6666666666666665,3.0,,4.0,4.0,3.0,3.0
2022,초4,,1.1656820695451975,3.0,4.0,,3.0,3.0,3.0,4.0
2022,초4,,1.1656820695451975,4.0,3.0,,4.0,4.0,4.0,3.0
2022,초4,,1.1656820695451975,2.3333333333333335,1.0,,3.0,3.0,1.0,1.0
2022,초4,,1.1656820695451975,4.0,4.0,,4.0,4.0,4.0,4.0
2022,초4,,1.1656820695451975,3.3333333333333335,3.0,,3.0,4.0,3.0,3.0
2022,초4,,1.1656820695451975,2.3333333333333335,2.0,,2.0,3.0,2.0,2.0
2022,초4,,1.1656820695451975,3.6666666666666665,4.0,,4.0,4.0,3.0,4.0
2022,초4,,1.1656820695451975,3.3333333333333335,3.0,,3.0,4.0,3.0,3.0
2022,초4,,1.1656820695451975,4.0,4.0,,4.0,4.0,4.0,4.0
2022,초4,,1.0672196429811902,3.6666666666666665,3.0,,3.0,4.0,4.0,3.0
2022,초4,,1.0672196429811902,3.3333333333333335,4.0,,4.0,2.0,4.0,4.0
2022,초4,,1.0672196429811902,3.0,2.0,,3.0,3.0,3.0,2.0
2022,초4,,1.0672196429811902,3.3333333333333335,4.0,,3.0,3.0,4.0,4.0
2022,초4,,1.0672196429811902,3.0,4.0,,3.0,3.0,3.0,4.0
2022,초4,,1.0672196429811902,3.3333333333333335,3.0,,4.0,3.0,3.0,3.0
2022,초4,,1.0672196429811902,3.0,4.0,,2.0,4.0,3.0,4.0
2022,초4,,1.0672196429811902,3.6666666666666665,4.0,,4.0,4.0,3.0,4.0
2022,초4,,1.0672196429811902,3.3333333333333335,1.0,,3.0,4.0,3.0,1.0
2022,초4,,1.0672196429811902,2.6666666666666665,3.0,,2.0,4.0,2.0,3.0
2022,초4,,1.0672196429811902,3.0,3.0,,3.0,3.0,3.0,3.0
2022,초4,,1.0672196429811902,3.6666666666666665,3.0,,4.0,4.0,3.0,3.0
2022,초4,,1.0672196429811902,2.6666666666666665,3.0,,2.0,3.0,3.0,3.0
2022,초6,,1.068375178470531,3.6666666666666665,2.0,,4.0,4.0,3.0,2.0
2022,초6,,1.068375178470531,3.0,3.0,,3.0,3.0,3.0,3.0
2022,초6,,1.068375178470531,3.3333333333333335,3.0,,3.0,4.0,3.0,3.0
2022,초6,,1.068375178470531,3.6666666666666665,3.0,,4.0,4.0,3.0,3.0
2022,초6,,1.068375178470531,4.0,4.0,,4.0,4.0,4.0,4.0
2022,초6,,1.068375178470531,4.0,4.0,,4.0,4.0,4.0,4.0
2022,초6,,1.068375178470531,3.0,4.0,,4.0,3.0,2.0,4.0
2022,초6,,1.068375178470531,3.3333333333333335,3.0,,3.0,4.0,3.0,3.0
2022,초6,,1.068375178470531,3.6666666666666665,4.0,,3.0,4.0,4.0,4.0
2022,초6,,1.068375178470531,4.0,3.0,,4.0,4.0,4.0,3.0
2022,초6,,1.068375178470531,3.6666666666666665,2.0,,4.0,4.0,3.0,2.0
2022,초6,,1.068375178470531,3.0,3.0,,3.0,3.0,3.0,3.0
2022,초6,,1.068375178470531,3.6666666666666665,4.0,,3.0,4.0,4.0,4.0
2022,초6,,1.068375178470531,3.3333333333333335,3.0,,3.0,4.0,3.0,3.0
2022,초6,,0.9526046664524899,4.0,4.0,,4.0,4.0,4.0,4.0
2022,초6,,0.9526046664524899,3.0,3.0,,2.0,4.0,3.0,3.0
2022,초6,,0.9526046664524899,4.0,4.0,,4.0,4.0,4.0,4.0
2022,초6,,0.9526046664524899,3.0,4.0,,3.0,3.0,3.0,4.0
2022,초6,,0.9526046664524899,3.3333333333333335,4.0,,3.0,3.0,4.0,4.0
2022,초6,,0.9526046664524899,3.0,2.0,,3.0,4.0,2.0,2.0
2022,초6,,0.9526046664524899,3.3333333333333335,3.0,,3.0,4.0,3.0,3.0
2022,초6,,0.9526046664524899,3.3333333333333335,3.0,,3.0,4.0,3.0,3.0
2022,초6,,0.9526046664524899,4.0,4.0,,4.0,4.0,4.0,4.0
2022,초6,,0.9526046664524899,4.0,4.0,,4.0,4.0,4.0,4.0
2022,초6,,0.9526046664524899,4.0,4.0,,4.0,4.0,4.0,4.0
2022,초6,,0.9526046664524899,3.0,2.0,,3.0,3.0,3.0,2.0
2022,초6,,0.9526046664524899,4.0,4.0,,4.0,4.0,4.0,4.0
2022,초4,,1.156154613229623,3.6666666666666665,3.0,,4.0,4.0,3.0,3.0
2022,초4,,1.156154613229623,3.6666666666666665,2.0,,3.0,4.0,4.0,2.0
2022,초4,,1.156154613229623,4.0,4.0,,4.0,4.0,4.0,4.0
2022,초4,,1.156154613229623,3.3333333333333335,3.0,,3.0,4.0,3.0,3.0
2022,초4,,1.156154613229623,4.0,4.0,,4.0,4.0,4.0,4.0
2022,초4,,1.156154613229623,3.3333333333333335,2.0,,3.0,4.0,3.0,2.0
2022,초4,,1.156154613229623,3.6666666666666665,4.0,,3.0,4.0,4.0,4.0
2022,초4,,1.156154613229623,2.6666666666666665,3.0,,3.0,3.0,2.0,3.0
2022,초4,,1.156154613229623,3.6666666666666665,3.0,,4.0,4.0,3.0,3.0
2022,초4,,1.156154613229623,3.6666666666666665,3.0,,3.0,4.0,4.0,3.0
2022,초4,,1.156154613229623,3.6666666666666665,2.0,,4.0,4.0,3.0,2.0
2022,초4,,1.156154613229623,4.0,4.0,,4.0,4.0,4.0,4.0
2022,초4,,1.156154613229623,3.6666666666666665,4.0,,4.0,3.0,4.0,4.0
2022,초4,,1.2628222420072976,3.3333333333333335,2.0,,4.0,4.0,2.0,2.0
2022,초4,,1.2628222420072976,3.6666666666666665,4.0,,3.0,4.0,4.0,4.0
2022,초4,,1.2628222420072976,3.6666666666666665,4.0,,4.0,4.0,3.0,4.0
2022,초4,,1.2628222420072976,3.6666666666666665,2.0,,4.0,4.0,3.0,2.0
2022,초4,,1.2628222420072976,2.6666666666666665,3.0,,3.0,3.0,2.0,3.0
2022,초4,,1.2628222420072976,3.3333333333333335,3.0,,3.0,4.0,3.0,3.0
2022,초4,,1.2628222420072976,3.0,1.0,,3.0,4.0,2.0,1.0
2022,초4,,1.2628222420072976,3.0,3.0,,3.0,3.0,3.0,3.0
2022,초4,,1.2628222420072976,3.3333333333333335,4.0,,3.0,3.0,4.0,4.0
2022,초4,,1.2628222420072976,3.6666666666666665,3.0,,3.0,4.0,4.0,3.0
2022,초4,,1.2628222420072976,3.3333333333333335,4.0,,3.0,3.0,4.0,4.0
2022,초6,,0.9892433074698933,3.3333333333333335,3.0,,4.0,4.0,2.0,3.0
2022,초6,,0.9892433074698933,4.0,4.0,,4.0,4.0,4.0,4.0
2022,초6,,0.9892433074698933,3.3333333333333335,3.0,,3.0,4.0,3.0,3.0
2022,초6,,0.9892433074698933,3.0,3.0,,3.0,4.0,2.0,3.0
2022,초6,,0.9892433074698933,3.6666666666666665,4.0,,3.0,4.0,4.0,4.0
2022,초6,,0.9892433074698933,3.0,3.0,,3.0,3.0,3.0,3.0
2022,초6,,0.9892433074698933,4.0,4.0,,4.0,4.0,4.0,4.0
2022,초6,,0.9892433074698933,3.6666666666666665,3.0,,4.0,4.0,3.0,3.0
2022,초6,,0.9892433074698933,2.3333333333333335,4.0,,4.0,1.0,2.0,4.0
2022,초6,,0.9892433074698933,3.3333333333333335,3.0,,3.0,4.0,3.0,3.0
2022,초6,,0.9892433074698933,3.3333333333333335,4.0,,3.0,4.0,3.0,4.0
2022,초6,,0.9892433074698933,2.6666666666666665,2.0,,3.0,3.0,2.0,2.0
2022,초6,,0.9892433074698933,4.0,3.0,,4.0,4.0,4.0,3.0
2022,초6,,0.9892433074698933,3.3333333333333335,4.0,,3.0,3.0,4.0,4.0
2022,초6,,1.1094665314886285,4.0,4.0,,4.0,4.0,4.0,4.0
2022,초6,,1.1094665314886285,2.3333333333333335,4.0,,3.0,3.0,1.0,4.0
2022,초6,,1.1094665314886285,4.0,4.0,,4.0,4.0,4.0,4.0
2022,초6,,1.1094665314886285,3.3333333333333335,3.0,,3.0,4.0,3.0,3.0
2022,초6,,1.1094665314886285,4.0,4.0,,4.0,4.0,4.0,4.0
2022,초6,,1.1094665314886285,3.3333333333333335,4.0,,3.0,3.0,4.0,4.0
2022,초6,,1.1094665314886285,3.0,2.0,,3.0,4.0,2.0,2.0
2022,초6,,1.1094665314886285,4.0,4.0,,4.0,4.0,4.0,4.0
2022,초6,,1.1094665314886285,3.6666666666666665,4.0,,4.0,4.0,3.0,4.0
2022,초6,,1.1094665314886285,3.0,3.0,,2.0,4.0,3.0,3.0
2022,초6,,1.1094665314886285,4.0,4.0,,4.0,4.0,4.0,4.0
2022,초6,,1.1094665314886285,3.6666666666666665,3.0,,4.0,4.0,3.0,3.0
2022,초5,,1.002283124722681,4.0,4.0,,4.0,4.0,4.0,4.0
2022,초5,,1.002283124722681,4.0,4.0,,4.0,4.0,4.0,4.0
2022,초5,,1.002283124722681,3.0,4.0,,3.0,4.0,2.0,4.0
2022,초5,,1.002283124722681,3.0,3.0,,3.0,3.0,3.0,3.0
2022,초5,,1.002283124722681,3.0,2.0,,3.0,4.0,2.0,2.0
2022,초5,,1.002283124722681,3.3333333333333335,4.0,,3.0,4.0,3.0,4.0
2022,초5,,1.002283124722681,3.0,4.0,,3.0,3.0,3.0,4.0
2022,초5,,1.002283124722681,3.6666666666666665,3.0,,4.0,4.0,3.0,3.0
2022,초5,,1.002283124722681,4.0,4.0,,4.0,4.0,4.0,4.0
2022,초5,,1.002283124722681,3.0,3.0,,3.0,3.0,3.0,3.0
2022,초5,,1.002283124722681,3.6666666666666665,4.0,,4.0,4.0,3.0,4.0
2022,초5,,1.002283124722681,3.0,3.0,,3.0,4.0,2.0,3.0
2022,초5,,1.002283124722681,3.0,3.0,,3.0,3.0,3.0,3.0
2022,초5,,1.002283124722681,3.0,3.0,,3.0,3.0,3.0,3.0
2022,초5,,1.002283124722681,4.0,4.0,,4.0,4.0,4.0,4.0
2022,초5,,1.002283124722681,3.3333333333333335,3.0,,3.0,4.0,3.0,3.0
2022,초5,,0.9847547929323592,3.0,3.0,,3.0,3.0,3.0,3.0
2022,초5,,0.9847547929323592,2.6666666666666665,1.0,,3.0,4.0,1.0,1.0
2022,초5,,0.9847547929323592,4.0,3.0,,4.0,4.0,4.0,3.0
2022,초5,,0.9847547929323592,4.0,4.0,,4.0,4.0,4.0,4.0
2022,초5,,0.9847547929323592,3.6666666666666665,3.0,,4.0,4.0,3.0,3.0
2022,초5,,0.9847547929323592,3.3333333333333335,4.0,,3.0,4.0,3.0,4.0
2022,초5,,0.9847547929323592,3.6666666666666665,4.0,,4.0,4.0,3.0,4.0
2022,초5,,0.9847547929323592,4.0,4.0,,4.0,4.0,4.0,4.0
2022,초5,,0.9847547929323592,3.3333333333333335,3.0,,3.0,4.0,3.0,3.0
2022,초5,,0.9847547929323592,3.3333333333333335,4.0,,3.0,4.0,3.0,4.0
2022,초5,,0.9847547929323592,3.0,3.0,,3.0,4.0,2.0,3.0
2022,초5,,0.9847547929323592,3.0,2.0,,3.0,3.0,3.0,2.0
2022,초5,,0.9847547929323592,3.6666666666666665,3.0,,4.0,4.0,3.0,3.0
2022,초4,,1.1656820695451975,2.6666666666666665,2.0,,3.0,3.0,2.0,2.0
2022,초4,,1.1656820695451975,3.6666666666666665,3.0,,4.0,4.0,3.0,3.0
2022,초4,,1.1656820695451975,3.3333333333333335,4.0,,4.0,4.0,2.0,4.0
2022,초4,,1.1656820695451975,3.6666666666666665,4.0,,3.0,4.0,4.0,4.0
2022,초4,,1.1656820695451975,3.6666666666666665,4.0,,4.0,4.0,3.0,4.0
2022,초4,,1.1656820695451975,4.0,4.0,,4.0,4.0,4.0,4.0
2022,초4,,1.1656820695451975,3.6666666666666665,4.0,,3.0,4.0,4.0,4.0
2022,초4,,1.1656820695451975,3.3333333333333335,3.0,,3.0,4.0,3.0,3.0
2022,초4,,1.1656820695451975,3.3333333333333335,3.0,,3.0,4.0,3.0,3.0
2022,초4,,1.1656820695451975,3.0,4.0,,3.0,3.0,3.0,4.0
2022,초4,,1.1656820695451975,4.0,4.0,,4.0,4.0,4.0,4.0
2022,초4,,1.0672196429811902,3.3333333333333335,3.0,,3.0,4.0,3.0,3.0
2022,초4,,1.0672196429811902,4.0,4.0,,4.0,4.0,4.0,4.0
2022,초4,,1.0672196429811902,3.3333333333333335,2.0,,3.0,4.0,3.0,2.0
2022,초4,,1.0672196429811902,3.3333333333333335,2.0,,3.0,4.0,3.0,2.0
2022,초4,,1.0672196429811902,3.0,2.0,,3.0,4.0,2.0,2.0
2022,초4,,1.0672196429811902,3.3333333333333335,3.0,,3.0,4.0,3.0,3.0
2022,초4,,1.0672196429811902,3.6666666666666665,4.0,,3.0,4.0,4.0,4.0
2022,초4,,1.0672196429811902,3.3333333333333335,2.0,,3.0,4.0,3.0,2.0
2022,초4,,1.0672196429811902,3.3333333333333335,3.0,,3.0,4.0,3.0,3.0
2022,초4,,1.0672196429811902,3.3333333333333335,4.0,,3.0,4.0,3.0,4.0
2022,초4,,1.0672196429811902,3.6666666666666665,4.0,,3.0,4.0,4.0,4.0
2022,초4,,1.0672196429811902,3.3333333333333335,3.0,,3.0,4.0,3.0,3.0
2022,초4,,1.0672196429811902,3.3333333333333335,3.0,,3.0,4.0,3.0,3.0
2022,초4,,1.0672196429811902,2.3333333333333335,3.0,,2.0,3.0,2.0,3.0
2022,초5,,1.0765263191465835,3.0,3.0,,3.0,3.0,3.0,3.0
2022,초5,,1.0765263191465835,3.0,3.0,,3.0,3.0,3.0,3.0
2022,초5,,1.0765263191465835,3.0,2.0,,3.0,4.0,2.0,2.0
2022,초5,,1.0765263191465835,3.0,3.0,,3.0,3.0,3.0,3.0
2022,초5,,1.0765263191465835,3.0,2.0,,2.0,4.0,3.0,2.0
2022,초5,,1.0765263191465835,3.0,3.0,,3.0,3.0,3.0,3.0
2022,초5,,1.0765263191465835,3.3333333333333335,3.0,,3.0,4.0,3.0,3.0
2022,초5,,1.0765263191465835,3.6666666666666665,3.0,,4.0,4.0,3.0,3.0
2022,초5,,1.0765263191465835,2.6666666666666665,2.0,,2.0,3.0,3.0,2.0
2022,초5,,1.0765263191465835,3.0,4.0,,4.0,4.0,1.0,4.0
2022,초5,,1.0765263191465835,3.3333333333333335,4.0,,3.0,4.0,3.0,4.0
2022,초5,,1.0765263191465835,3.0,3.0,,3.0,3.0,3.0,3.0
2022,초5,,1.0765263191465835,3.0,3.0,,3.0,3.0,3.0,3.0
2022,초5,,1.0765263191465835,3.0,3.0,,3.0,3.0,3.0,3.0
2022,초5,,1.0576995924088304,2.6666666666666665,4.0,,3.0,2.0,3.0,4.0
2022,초5,,1.0576995924088304,3.6666666666666665,3.0,,4.0,4.0,3.0,3.0
2022,초5,,1.0576995924088304,3.3333333333333335,4.0,,3.0,3.0,4.0,4.0
2022,초5,,1.0576995924088304,3.0,2.0,,3.0,3.0,3.0,2.0
2022,초5,,1.0576995924088304,3.0,3.0,,3.0,3.0,3.0,3.0
2022,초5,,1.0576995924088304,3.3333333333333335,3.0,,3.0,4.0,3.0,3.0
2022,초5,,1.0576995924088304,3.6666666666666665,4.0,,3.0,4.0,4.0,4.0
2022,초5,,1.0576995924088304,4.0,4.0,,4.0,4.0,4.0,4.0
2022,초5,,1.0576995924088304,3.3333333333333335,4.0,,3.0,3.0,4.0,4.0
2022,초5,,1.0576995924088304,3.0,2.0,,3.0,4.0,2.0,2.0
2022,초5,,1.0576995924088304,4.0,4.0,,4.0,4.0,4.0,4.0
2022,초5,,1.0576995924088304,3.0,2.0,,3.0,3.0,3.0,2.0
2022,초5,,1.0576995924088304,4.0,3.0,,4.0,4.0,4.0,3.0
2022,초6,,1.2541795573349714,3.6666666666666665,3.0,,4.0,4.0,3.0,3.0
2022,초6,,1.2541795573349714,4.0,4.0,,4.0,4.0,4.0,4.0
2022,초6,,1.2541795573349714,4.0,4.0,,4.0,4.0,4.0,4.0
2022,초6,,1.2541795573349714,4.0,4.0,,4.0,4.0,4.0,4.0
2022,초6,,1.2541795573349714,4.0,4.0,,4.0,4.0,4.0,4.0
2022,초6,,1.2541795573349714,4.0,4.0,,4.0,4.0,4.0,4.0
2022,초6,,1.2541795573349714,3.6666666666666665,3.0,,4.0,4.0,3.0,3.0
2022,초6,,1.2541795573349714,3.3333333333333335,3.0,,3.0,4.0,3.0,3.0
2022,초6,,1.2541795573349714,3.3333333333333335,3.0,,3.0,4.0,3.0,3.0
2022,초6,,1.2541795573349714,3.6666666666666665,3.0,,4.0,4.0,3.0,3.0
2022,초6,,1.2541795573349714,4.0,4.0,,4.0,4.0,4.0,4.0
2022,초6,,1.2541795573349714,2.6666666666666665,3.0,,3.0,3.0,2.0,3.0
2022,초6,,1.118275043226836,3.6666666666666665,4.0,,3.0,4.0,4.0,4.0
2022,초6,,1.118275043226836,3.6666666666666665,4.0,,3.0,4.0,4.0,4.0
2022,초6,,1.118275043226836,3.3333333333333335,3.0,,3.0,4.0,3.0,3.0
2022,초6,,1.118275043226836,3.6666666666666665,3.0,,4.0,4.0,3.0,3.0
2022,초6,,1.118275043226836,2.6666666666666665,2.0,,3.0,3.0,2.0,2.0
2022,초6,,1.118275043226836,3.6666666666666665,3.0,,3.0,4.0,4.0,3.0
2022,초6,,1.118275043226836,3.6666666666666665,3.0,,3.0,4.0,4.0,3.0
2022,초6,,1.118275043226836,3.6666666666666665,4.0,,4.0,3.0,4.0,4.0
2022,초6,,1.118275043226836,2.6666666666666665,3.0,,3.0,2.0,3.0,3.0
2022,초6,,1.118275043226836,2.6666666666666665,1.0,,3.0,3.0,2.0,1.0
2022,초6,,1.118275043226836,3.3333333333333335,3.0,,4.0,3.0,3.0,3.0
2022,초6,,1.3111877190320156,3.3333333333333335,3.0,,3.0,4.0,3.0,3.0
2022,초6,,1.3111877190320156,3.6666666666666665,1.0,,3.0,4.0,4.0,1.0
2022,초6,,1.3111877190320156,4.0,4.0,,4.0,4.0,4.0,4.0
2022,초6,,1.3111877190320156,3.6666666666666665,4.0,,3.0,4.0,4.0,4.0
2022,초6,,1.3111877190320156,3.3333333333333335,3.0,,3.0,4.0,3.0,3.0
2022,초6,,1.3111877190320156,3.6666666666666665,1.0,,4.0,4.0,3.0,1.0
2022,초6,,1.3111877190320156,3.6666666666666665,4.0,,3.0,4.0,4.0,4.0
2022,초6,,1.3111877190320156,3.3333333333333335,2.0,,3.0,3.0,4.0,2.0
2022,초6,,1.169105727009874,3.0,3.0,,3.0,3.0,3.0,3.0
2022,초6,,1.169105727009874,3.0,1.0,,3.0,4.0,2.0,1.0
2022,초6,,1.169105727009874,3.0,3.0,,3.0,3.0,3.0,3.0
2022,초6,,1.169105727009874,3.0,2.0,,3.0,3.0,3.0,2.0
2022,초6,,1.169105727009874,3.0,4.0,,3.0,3.0,3.0,4.0
2022,초6,,1.169105727009874,3.0,3.0,,3.0,3.0,3.0,3.0
2022,초6,,1.169105727009874,3.3333333333333335,3.0,,3.0,4.0,3.0,3.0
2022,초6,,1.169105727009874,3.3333333333333335,2.0,,3.0,4.0,3.0,2.0
2022,초6,,1.169105727009874,3.3333333333333335,3.0,,4.0,4.0,2.0,3.0
2022,초6,,1.169105727009874,3.6666666666666665,4.0,,4.0,3.0,4.0,4.0
2022,초6,,1.169105727009874,3.0,3.0,,3.0,3.0,3.0,3.0
2022,초6,,1.169105727009874,3.0,3.0,,3.0,3.0,3.0,3.0
2022,초6,,1.169105727009874,3.0,1.0,,3.0,4.0,2.0,1.0
2022,초6,,1.169105727009874,3.3333333333333335,2.0,,3.0,4.0,3.0,2.0
2022,초5,,1.52980055878725,3.0,3.0,,3.0,3.0,3.0,3.0
2022,초5,,1.52980055878725,3.3333333333333335,3.0,,3.0,4.0,3.0,3.0
2022,초5,,1.52980055878725,4.0,4.0,,4.0,4.0,4.0,4.0
2022,초5,,1.52980055878725,2.3333333333333335,3.0,,3.0,2.0,2.0,3.0
2022,초5,,1.52980055878725,3.3333333333333335,3.0,,3.0,4.0,3.0,3.0
2022,초5,,1.52980055878725,4.0,4.0,,4.0,4.0,4.0,4.0
2022,초5,,1.52980055878725,3.6666666666666665,4.0,,3.0,4.0,4.0,4.0
2022,초5,,1.52980055878725,2.6666666666666665,4.0,,3.0,3.0,2.0,4.0
2022,초5,,1.52980055878725,3.6666666666666665,3.0,,4.0,4.0,3.0,3.0
2022,초5,,1.5030467892125483,2.6666666666666665,2.0,,3.0,3.0,2.0,2.0
2022,초5,,1.5030467892125483,2.6666666666666665,2.0,,3.0,3.0,2.0,2.0
2022,초5,,1.5030467892125483,3.6666666666666665,4.0,,3.0,4.0,4.0,4.0
2022,초5,,1.5030467892125483,4.0,4.0,,4.0,4.0,4.0,4.0
2022,초5,,1.5030467892125483,3.3333333333333335,4.0,,3.0,3.0,4.0,4.0
2022,초5,,1.5030467892125483,3.3333333333333335,3.0,,3.0,4.0,3.0,3.0
2022,초5,,1.5030467892125483,3.6666666666666665,4.0,,3.0,4.0,4.0,4.0
2022,초5,,1.5030467892125483,3.0,3.0,,3.0,3.0,3.0,3.0
2022,초5,,1.5030467892125483,4.0,4.0,,4.0,4.0,4.0,4.0
2022,초5,,1.5030467892125483,3.0,1.0,,4.0,3.0,2.0,1.0
2022,초6,,0.9946941316794601,3.3333333333333335,3.0,,4.0,3.0,3.0,3.0
2022,초6,,0.9946941316794601,3.6666666666666665,3.0,,4.0,3.0,4.0,3.0
2022,초6,,0.9946941316794601,2.6666666666666665,1.0,,3.0,3.0,2.0,1.0
2022,초6,,0.9946941316794601,4.0,4.0,,4.0,4.0,4.0,4.0
2022,초6,,0.9946941316794601,2.6666666666666665,2.0,,3.0,3.0,2.0,2.0
2022,초6,,0.9946941316794601,3.0,3.0,,3.0,3.0,3.0,3.0
2022,초6,,0.9946941316794601,3.6666666666666665,4.0,,4.0,4.0,3.0,4.0
2022,초6,,0.9946941316794601,3.0,3.0,,3.0,3.0,3.0,3.0
2022,초6,,0.9946941316794601,4.0,4.0,,4.0,4.0,4.0,4.0
2022,초6,,0.9946941316794601,4.0,3.0,,4.0,4.0,4.0,3.0
2022,초6,,0.9946941316794601,3.6666666666666665,3.0,,4.0,4.0,3.0,3.0
2022,초6,,0.9946941316794601,3.0,3.0,,3.0,3.0,3.0,3.0
2022,초6,,0.9946941316794601,4.0,4.0,,4.0,4.0,4.0,4.0
2022,초6,,0.9946941316794601,3.6666666666666665,3.0,,3.0,4.0,4.0,3.0
2022,초6,,0.9946941316794601,3.3333333333333335,3.0,,3.0,4.0,3.0,3.0
2022,초6,,0.8869077929040423,3.0,3.0,,3.0,3.0,3.0,3.0
2022,초6,,0.8869077929040423,3.3333333333333335,3.0,,4.0,3.0,3.0,3.0
2022,초6,,0.8869077929040423,3.0,3.0,,4.0,3.0,2.0,3.0
2022,초6,,0.8869077929040423,3.0,2.0,,3.0,4.0,2.0,2.0
2022,초6,,0.8869077929040423,4.0,4.0,,4.0,4.0,4.0,4.0
2022,초6,,0.8869077929040423,3.6666666666666665,4.0,,4.0,3.0,4.0,4.0
2022,초6,,0.8869077929040423,3.6666666666666665,4.0,,3.0,4.0,4.0,4.0
2022,초6,,0.8869077929040423,3.0,3.0,,3.0,3.0,3.0,3.0
2022,초6,,0.8869077929040423,3.0,4.0,,3.0,3.0,3.0,4.0
2022,초6,,0.8869077929040423,3.0,4.0,,3.0,2.0,4.0,4.0
2022,초6,,0.8869077929040423,4.0,4.0,,4.0,4.0,4.0,4.0
2022,초6,,0.8869077929040423,3.3333333333333335,3.0,,3.0,3.0,4.0,3.0
2022,초6,,0.8869077929040423,3.3333333333333335,2.0,,3.0,3.0,4.0,2.0
2022,초6,,0.8869077929040423,3.3333333333333335,4.0,,3.0,4.0,3.0,4.0
2022,초6,,1.068375178470531,3.6666666666666665,3.0,,4.0,4.0,3.0,3.0
2022,초6,,1.068375178470531,4.0,4.0,,4.0,4.0,4.0,4.0
2022,초6,,1.068375178470531,3.6666666666666665,3.0,,4.0,4.0,3.0,3.0
2022,초6,,1.068375178470531,3.6666666666666665,3.0,,3.0,4.0,4.0,3.0
2022,초6,,1.068375178470531,3.3333333333333335,3.0,,3.0,4.0,3.0,3.0
2022,초6,,1.068375178470531,2.6666666666666665,3.0,,3.0,2.0,3.0,3.0
2022,초6,,1.068375178470531,3.3333333333333335,3.0,,3.0,4.0,3.0,3.0
2022,초6,,1.068375178470531,4.0,4.0,,4.0,4.0,4.0,4.0
2022,초6,,1.068375178470531,3.3333333333333335,4.0,,3.0,4.0,3.0,4.0
2022,초6,,1.068375178470531,3.0,4.0,,3.0,3.0,3.0,4.0
2022,초6,,1.068375178470531,3.3333333333333335,3.0,,3.0,4.0,3.0,3.0
2022,초6,,1.068375178470531,3.3333333333333335,3.0,,3.0,4.0,3.0,3.0
2022,초6,,1.068375178470531,3.3333333333333335,3.0,,3.0,4.0,3.0,3.0
2022,초6,,0.9526046664524899,3.3333333333333335,3.0,,3.0,4.0,3.0,3.0
2022,초6,,0.9526046664524899,3.6666666666666665,4.0,,3.0,4.0,4.0,4.0
2022,초6,,0.9526046664524899,4.0,4.0,,4.0,4.0,4.0,4.0
2022,초6,,0.9526046664524899,4.0,4.0,,4.0,4.0,4.0,4.0
2022,초6,,0.9526046664524899,4.0,4.0,,4.0,4.0,4.0,4.0
2022,초6,,0.9526046664524899,3.0,2.0,,2.0,4.0,3.0,2.0
2022,초6,,0.9526046664524899,4.0,4.0,,4.0,4.0,4.0,4.0
2022,초6,,0.9526046664524899,3.3333333333333335,4.0,,4.0,3.0,3.0,4.0
2022,초6,,0.9526046664524899,3.6666666666666665,4.0,,4.0,4.0,3.0,4.0
2022,초6,,0.9526046664524899,3.3333333333333335,3.0,,3.0,4.0,3.0,3.0
2022,초6,,0.9526046664524899,3.3333333333333335,3.0,,3.0,4.0,3.0,3.0
2022,초6,,0.9526046664524899,4.0,4.0,,4.0,4.0,4.0,4.0
2022,초6,,0.9526046664524899,3.6666666666666665,3.0,,4.0,4.0,3.0,3.0
2022,초6,,0.9526046664524899,4.0,4.0,,4.0,4.0,4.0,4.0
2022,초5,,1.1376584618798216,2.6666666666666665,1.0,,3.0,3.0,2.0,1.0
2022,초5,,1.117017251661943,3.3333333333333335,3.0,,3.0,4.0,3.0,3.0
2022,초5,,1.1376584618798216,3.3333333333333335,2.0,,3.0,4.0,3.0,2.0
2022,초5,,1.1376584618798216,3.0,3.0,,3.0,3.0,3.0,3.0
2022,초5,,1.1376584618798216,3.6666666666666665,4.0,,4.0,4.0,3.0,4.0
2022,초5,,1.1376584618798216,3.3333333333333335,3.0,,3.0,4.0,3.0,3.0
2022,초5,,1.1376584618798216,2.6666666666666665,2.0,,3.0,3.0,2.0,2.0
2022,초5,,1.1376584618798216,3.3333333333333335,3.0,,4.0,3.0,3.0,3.0
2022,초5,,1.1376584618798216,3.3333333333333335,3.0,,3.0,3.0,4.0,3.0
2022,초5,,1.1376584618798216,3.3333333333333335,3.0,,3.0,4.0,3.0,3.0
2022,초5,,1.1376584618798216,3.0,3.0,,3.0,3.0,3.0,3.0
2022,초5,,1.1376584618798216,3.3333333333333335,4.0,,3.0,3.0,4.0,4.0
2022,초5,,1.1376584618798216,4.0,4.0,,4.0,4.0,4.0,4.0
2022,초5,,1.117017251661943,3.0,3.0,,3.0,3.0,3.0,3.0
2022,초5,,1.117017251661943,2.6666666666666665,2.0,,3.0,3.0,2.0,2.0
2022,초5,,1.117017251661943,3.3333333333333335,1.0,,4.0,4.0,2.0,1.0
2022,초5,,1.117017251661943,3.6666666666666665,3.0,,4.0,4.0,3.0,3.0
2022,초5,,1.117017251661943,3.0,3.0,,3.0,3.0,3.0,3.0
2022,초5,,1.117017251661943,3.0,3.0,,3.0,3.0,3.0,3.0
2022,초5,,1.117017251661943,3.6666666666666665,4.0,,3.0,4.0,4.0,4.0
2022,초5,,1.117017251661943,3.6666666666666665,4.0,,4.0,4.0,3.0,4.0
2022,초5,,1.117017251661943,2.6666666666666665,2.0,,3.0,3.0,2.0,2.0
2022,초5,,1.117017251661943,2.3333333333333335,2.0,,3.0,3.0,1.0,2.0
2022,초5,,1.117017251661943,3.6666666666666665,3.0,,3.0,4.0,4.0,3.0
2022,초5,,1.117017251661943,3.0,3.0,,3.0,3.0,3.0,3.0
2022,초4,,1.2940222388574945,4.0,4.0,,4.0,4.0,4.0,4.0
2022,초4,,1.2940222388574945,3.6666666666666665,4.0,,4.0,4.0,3.0,4.0
2022,초4,,1.2940222388574945,3.6666666666666665,3.0,,3.0,4.0,4.0,3.0
2022,초4,,1.2940222388574945,4.0,4.0,,4.0,4.0,4.0,4.0
2022,초4,,1.2940222388574945,4.0,4.0,,4.0,4.0,4.0,4.0
2022,초4,,1.2940222388574945,3.3333333333333335,4.0,,3.0,4.0,3.0,4.0
2022,초4,,1.2940222388574945,3.0,3.0,,3.0,3.0,3.0,3.0
2022,초4,,1.2940222388574945,4.0,4.0,,4.0,4.0,4.0,4.0
2022,초4,,1.2940222388574945,3.6666666666666665,3.0,,4.0,4.0,3.0,3.0
2022,초4,,1.2940222388574945,3.0,3.0,,3.0,3.0,3.0,3.0
2022,초4,,1.2940222388574945,4.0,4.0,,4.0,4.0,4.0,4.0
2022,초4,,1.2087265801214073,4.0,4.0,,4.0,4.0,4.0,4.0
2022,초4,,1.2087265801214073,3.3333333333333335,2.0,,3.0,4.0,3.0,2.0
2022,초4,,1.2087265801214073,3.3333333333333335,3.0,,3.0,4.0,3.0,3.0
2022,초4,,1.2087265801214073,3.0,3.0,,2.0,4.0,3.0,3.0
2022,초4,,1.2087265801214073,3.3333333333333335,3.0,,3.0,4.0,3.0,3.0
2022,초4,,1.2087265801214073,3.6666666666666665,3.0,,4.0,4.0,3.0,3.0
2022,초4,,1.2087265801214073,3.0,3.0,,3.0,3.0,3.0,3.0
2022,초4,,1.2087265801214073,3.3333333333333335,3.0,,3.0,4.0,3.0,3.0
2022,초4,,1.2087265801214073,4.0,4.0,,4.0,4.0,4.0,4.0
2022,초4,,1.2087265801214073,3.6666666666666665,4.0,,3.0,4.0,4.0,4.0
2022,초4,,1.2087265801214073,3.3333333333333335,2.0,,3.0,4.0,3.0,2.0
2022,초4,,1.2087265801214073,3.6666666666666665,3.0,,3.0,4.0,4.0,3.0
2022,초4,,1.2087265801214073,3.3333333333333335,2.0,,3.0,4.0,3.0,2.0
2022,초6,,1.1075045861443926,3.6666666666666665,4.0,,3.0,4.0,4.0,4.0
2022,초6,,1.1075045861443926,2.3333333333333335,2.0,,2.0,3.0,2.0,2.0
2022,초6,,1.1075045861443926,2.6666666666666665,3.0,,3.0,3.0,2.0,3.0
2022,초6,,1.1075045861443926,3.3333333333333335,3.0,,3.0,4.0,3.0,3.0
2022,초6,,1.1075045861443926,2.6666666666666665,2.0,,3.0,3.0,2.0,2.0
2022,초6,,1.1075045861443926,3.0,3.0,,3.0,3.0,3.0,3.0
2022,초6,,1.1075045861443926,3.0,2.0,,3.0,4.0,2.0,2.0
2022,초6,,1.1075045861443926,3.0,3.0,,3.0,3.0,3.0,3.0
2022,초6,,1.1075045861443926,2.6666666666666665,2.0,,3.0,3.0,2.0,2.0
2022,초6,,1.1075045861443926,3.0,3.0,,3.0,3.0,3.0,3.0
2022,초6,,1.1075045861443926,2.6666666666666665,3.0,,3.0,3.0,2.0,3.0
2022,초6,,1.1075045861443926,3.3333333333333335,4.0,,3.0,4.0,3.0,4.0
2022,초6,,1.1075045861443926,3.3333333333333335,4.0,,3.0,4.0,3.0,4.0
2022,초6,,1.1075045861443926,4.0,4.0,,4.0,4.0,4.0,4.0
2022,초6,,1.2431878730441117,2.6666666666666665,3.0,,3.0,3.0,2.0,3.0
2022,초6,,1.2431878730441117,3.6666666666666665,4.0,,4.0,4.0,3.0,4.0
2022,초6,,1.2431878730441117,3.0,2.0,,3.0,4.0,2.0,2.0
2022,초6,,1.2431878730441117,3.0,2.0,,3.0,3.0,3.0,2.0
2022,초6,,1.2431878730441117,3.0,3.0,,3.0,3.0,3.0,3.0
2022,초6,,1.2431878730441117,3.0,3.0,,2.0,4.0,3.0,3.0
2022,초6,,1.2431878730441117,3.6666666666666665,4.0,,3.0,4.0,4.0,4.0
2022,초6,,1.2431878730441117,2.6666666666666665,4.0,,3.0,3.0,2.0,4.0
2022,초6,,1.2431878730441117,3.3333333333333335,3.0,,4.0,3.0,3.0,3.0
2022,초4,,1.1157476124197607,3.3333333333333335,4.0,,4.0,3.0,3.0,4.0
2022,초4,,1.1157476124197607,3.0,2.0,,3.0,3.0,3.0,2.0
2022,초4,,1.1157476124197607,2.6666666666666665,1.0,,2.0,4.0,2.0,1.0
2022,초4,,1.1157476124197607,3.3333333333333335,3.0,,3.0,4.0,3.0,3.0
2022,초4,,1.1157476124197607,4.0,4.0,,4.0,4.0,4.0,4.0
2022,초4,,1.1157476124197607,4.0,4.0,,4.0,4.0,4.0,4.0
2022,초4,,1.1157476124197607,3.0,3.0,,3.0,3.0,3.0,3.0
2022,초4,,1.1157476124197607,3.3333333333333335,3.0,,3.0,3.0,4.0,3.0
2022,초4,,1.1157476124197607,3.0,4.0,,3.0,3.0,3.0,4.0
2022,초4,,1.1157476124197607,4.0,4.0,,4.0,4.0,4.0,4.0
2022,초4,,1.1157476124197607,3.6666666666666665,3.0,,4.0,3.0,4.0,3.0
2022,초4,,1.1157476124197607,3.3333333333333335,4.0,,3.0,4.0,3.0,4.0
2022,초4,,1.194482066637687,4.0,4.0,,4.0,4.0,4.0,4.0
2022,초4,,1.194482066637687,3.3333333333333335,3.0,,3.0,4.0,3.0,3.0
2022,초4,,1.194482066637687,3.3333333333333335,4.0,,3.0,4.0,3.0,4.0
2022,초4,,1.194482066637687,4.0,4.0,,4.0,4.0,4.0,4.0
2022,초4,,1.194482066637687,3.3333333333333335,4.0,,3.0,3.0,4.0,4.0
2022,초4,,1.194482066637687,4.0,4.0,,4.0,4.0,4.0,4.0
2022,초4,,1.194482066637687,4.0,4.0,,4.0,4.0,4.0,4.0
2022,초4,,1.194482066637687,3.3333333333333335,3.0,,3.0,4.0,3.0,3.0
2022,초4,,1.194482066637687,4.0,4.0,,4.0,4.0,4.0,4.0
2022,초4,,1.194482066637687,4.0,3.0,,4.0,4.0,4.0,3.0
2022,초4,,1.194482066637687,4.0,4.0,,4.0,4.0,4.0,4.0
2022,초4,,1.194482066637687,4.0,4.0,,4.0,4.0,4.0,4.0
2022,초4,,1.194482066637687,3.0,2.0,,3.0,3.0,3.0,2.0
2022,초4,,1.194482066637687,2.0,1.0,,3.0,2.0,1.0,1.0
2022,초5,,1.0372303051146614,3.3333333333333335,3.0,,3.0,4.0,3.0,3.0
2022,초5,,1.0372303051146614,4.0,4.0,,4.0,4.0,4.0,4.0
2022,초5,,1.0372303051146614,3.6666666666666665,3.0,,4.0,4.0,3.0,3.0
2022,초5,,1.0372303051146614,3.6666666666666665,4.0,,4.0,4.0,3.0,4.0
2022,초5,,1.0372303051146614,3.3333333333333335,3.0,,3.0,4.0,3.0,3.0
2022,초5,,1.0372303051146614,3.3333333333333335,3.0,,3.0,4.0,3.0,3.0
2022,초5,,1.0372303051146614,3.3333333333333335,3.0,,3.0,4.0,3.0,3.0
2022,초5,,1.0372303051146614,3.3333333333333335,3.0,,3.0,4.0,3.0,3.0
2022,초5,,1.0372303051146614,3.0,3.0,,3.0,3.0,3.0,3.0
2022,초5,,1.0372303051146614,4.0,4.0,,4.0,4.0,4.0,4.0
2022,초5,,1.0372303051146614,3.3333333333333335,4.0,,3.0,3.0,4.0,4.0
2022,초5,,1.0372303051146614,3.0,2.0,,3.0,4.0,2.0,2.0
2022,초5,,1.0372303051146614,3.6666666666666665,3.0,,4.0,4.0,3.0,3.0
2022,초5,,1.0372303051146614,3.0,3.0,,3.0,3.0,3.0,3.0
2022,초5,,1.0372303051146614,4.0,4.0,,4.0,4.0,4.0,4.0
2022,초5,,1.0563971431741201,2.3333333333333335,1.0,,3.0,3.0,1.0,1.0
2022,초5,,1.0563971431741201,3.3333333333333335,3.0,,3.0,4.0,3.0,3.0
2022,초5,,1.0563971431741201,4.0,4.0,,4.0,4.0,4.0,4.0
2022,초5,,1.0563971431741201,3.0,3.0,,3.0,3.0,3.0,3.0
2022,초5,,1.0563971431741201,3.3333333333333335,3.0,,3.0,4.0,3.0,3.0
2022,초5,,1.0563971431741201,3.3333333333333335,3.0,,3.0,4.0,3.0,3.0
2022,초5,,1.0563971431741201,3.0,3.0,,3.0,3.0,3.0,3.0
2022,초5,,1.0563971431741201,2.6666666666666665,2.0,,3.0,3.0,2.0,2.0
2022,초5,,1.0563971431741201,2.6666666666666665,2.0,,3.0,3.0,2.0,2.0
2022,초5,,1.0563971431741201,4.0,4.0,,4.0,4.0,4.0,4.0
2022,초5,,1.0563971431741201,2.6666666666666665,2.0,,3.0,3.0,2.0,2.0
2022,초5,,1.0563971431741201,2.0,1.0,,3.0,2.0,1.0,1.0
2022,초5,,1.0563971431741201,3.6666666666666665,3.0,,4.0,4.0,3.0,3.0
2022,초6,,1.022311925671747,4.0,4.0,,4.0,4.0,4.0,4.0
2022,초6,,1.022311925671747,3.3333333333333335,3.0,,3.0,4.0,3.0,3.0
2022,초6,,1.022311925671747,3.0,3.0,,3.0,3.0,3.0,3.0
2022,초6,,1.022311925671747,3.3333333333333335,3.0,,4.0,3.0,3.0,3.0
2022,초6,,1.022311925671747,3.6666666666666665,4.0,,4.0,4.0,3.0,4.0
2022,초6,,1.022311925671747,2.6666666666666665,1.0,,3.0,4.0,1.0,1.0
2022,초6,,1.022311925671747,3.0,4.0,,3.0,3.0,3.0,4.0
2022,초6,,1.022311925671747,3.0,2.0,,2.0,4.0,3.0,2.0
2022,초6,,1.022311925671747,3.0,2.0,,3.0,3.0,3.0,2.0
2022,초6,,1.022311925671747,4.0,4.0,,4.0,4.0,4.0,4.0
2022,초6,,1.022311925671747,3.0,2.0,,1.0,4.0,4.0,2.0
2022,초6,,1.022311925671747,4.0,4.0,,4.0,4.0,4.0,4.0
2022,초6,,1.1475580366561033,3.6666666666666665,4.0,,3.0,4.0,4.0,4.0
2022,초6,,1.1475580366561033,3.3333333333333335,3.0,,3.0,4.0,3.0,3.0
2022,초6,,1.1475580366561033,3.0,4.0,,4.0,2.0,3.0,4.0
2022,초6,,1.1475580366561033,3.0,3.0,,3.0,3.0,3.0,3.0
2022,초6,,1.1475580366561033,4.0,4.0,,4.0,4.0,4.0,4.0
2022,초6,,1.1475580366561033,3.3333333333333335,3.0,,4.0,4.0,2.0,3.0
2022,초6,,1.1475580366561033,3.0,4.0,,3.0,3.0,3.0,4.0
2022,초6,,1.1475580366561033,3.0,4.0,,3.0,3.0,3.0,4.0
2022,초6,,1.1475580366561033,3.3333333333333335,3.0,,3.0,4.0,3.0,3.0
2022,초6,,1.1475580366561033,2.6666666666666665,3.0,,3.0,3.0,2.0,3.0
2022,초6,,1.1475580366561033,4.0,4.0,,4.0,4.0,4.0,4.0
2022,초6,,1.1475580366561033,4.0,4.0,,4.0,4.0,4.0,4.0
2022,초6,,1.1475580366561033,2.6666666666666665,2.0,,3.0,3.0,2.0,2.0
2022,초6,,1.1475580366561033,4.0,4.0,,4.0,4.0,4.0,4.0
2022,초5,,2.07985458856733,3.3333333333333335,3.0,,3.0,4.0,3.0,3.0
2022,초5,,2.07985458856733,3.6666666666666665,2.0,,3.0,4.0,4.0,2.0
2022,초5,,2.07985458856733,3.3333333333333335,4.0,,3.0,4.0,3.0,4.0
2022,초5,,2.07985458856733,3.3333333333333335,4.0,,2.0,4.0,4.0,4.0
2022,초5,,2.07985458856733,3.3333333333333335,3.0,,3.0,4.0,3.0,3.0
2022,초5,,2.07985458856733,3.0,3.0,,3.0,4.0,2.0,3.0
2022,초5,,2.07985458856733,4.0,4.0,,4.0,4.0,4.0,4.0
2022,초5,,1.2324807830289841,3.6666666666666665,4.0,,3.0,4.0,4.0,4.0
2022,초5,,1.2324807830289841,3.3333333333333335,2.0,,3.0,4.0,3.0,2.0
2022,초5,,1.2324807830289841,3.6666666666666665,3.0,,4.0,4.0,3.0,3.0
2022,초5,,1.2324807830289841,3.3333333333333335,2.0,,3.0,4.0,3.0,2.0
2022,초5,,1.2324807830289841,3.6666666666666665,4.0,,3.0,4.0,4.0,4.0
2022,초5,,1.2324807830289841,3.3333333333333335,4.0,,3.0,4.0,3.0,4.0
2022,초5,,1.2324807830289841,3.0,3.0,,3.0,3.0,3.0,3.0
2022,초5,,1.2324807830289841,2.6666666666666665,2.0,,2.0,4.0,2.0,2.0
2022,초5,,1.2324807830289841,3.3333333333333335,3.0,,3.0,4.0,3.0,3.0
2022,초5,,1.2324807830289841,3.3333333333333335,3.0,,3.0,4.0,3.0,3.0
2022,초4,,1.830978014515843,3.3333333333333335,3.0,,3.0,4.0,3.0,3.0
2022,초4,,1.830978014515843,3.6666666666666665,3.0,,4.0,4.0,3.0,3.0
2022,초4,,1.830978014515843,3.6666666666666665,4.0,,4.0,4.0,3.0,4.0
2022,초4,,1.830978014515843,3.3333333333333335,4.0,,4.0,4.0,2.0,4.0
2022,초4,,1.830978014515843,3.6666666666666665,3.0,,4.0,4.0,3.0,3.0
2022,초4,,1.830978014515843,3.3333333333333335,4.0,,3.0,4.0,3.0,4.0
2022,초4,,1.830978014515843,3.3333333333333335,4.0,,3.0,4.0,3.0,4.0
2022,초4,,1.830978014515843,3.0,3.0,,3.0,3.0,3.0,3.0
2022,초4,,1.2280386832212125,3.3333333333333335,3.0,,3.0,4.0,3.0,3.0
2022,초4,,1.2280386832212125,4.0,3.0,,4.0,4.0,4.0,3.0
2022,초4,,1.2280386832212125,3.0,1.0,,3.0,4.0,2.0,1.0
2022,초4,,1.2280386832212125,2.3333333333333335,1.0,,2.0,4.0,1.0,1.0
2022,초4,,1.2280386832212125,2.6666666666666665,3.0,,2.0,3.0,3.0,3.0
2022,초4,,1.2280386832212125,2.6666666666666665,3.0,,2.0,4.0,2.0,3.0
2022,초4,,1.2280386832212125,3.3333333333333335,1.0,,3.0,4.0,3.0,1.0
2022,초4,,1.2280386832212125,3.3333333333333335,4.0,,3.0,4.0,3.0,4.0
2022,초4,,1.2280386832212125,2.3333333333333335,1.0,,2.0,3.0,2.0,1.0
2022,초4,,1.2280386832212125,3.0,3.0,,3.0,3.0,3.0,3.0
2022,초4,,1.2280386832212125,3.0,3.0,,2.0,4.0,3.0,3.0
2022,초6,,1.069179253732095,2.6666666666666665,3.0,,1.0,4.0,3.0,3.0
2022,초6,,1.069179253732095,3.3333333333333335,3.0,,3.0,4.0,3.0,3.0
2022,초6,,1.069179253732095,3.6666666666666665,4.0,,4.0,4.0,3.0,4.0
2022,초6,,1.069179253732095,2.6666666666666665,1.0,,3.0,3.0,2.0,1.0
2022,초6,,1.069179253732095,4.0,4.0,,4.0,4.0,4.0,4.0
2022,초6,,1.069179253732095,4.0,4.0,,4.0,4.0,4.0,4.0
2022,초6,,1.069179253732095,3.3333333333333335,3.0,,3.0,4.0,3.0,3.0
2022,초6,,1.069179253732095,3.0,2.0,,3.0,3.0,3.0,2.0
2022,초6,,1.069179253732095,3.6666666666666665,3.0,,4.0,4.0,3.0,3.0
2022,초6,,1.069179253732095,3.3333333333333335,3.0,,3.0,4.0,3.0,3.0
2022,초6,,1.069179253732095,3.6666666666666665,3.0,,4.0,4.0,3.0,3.0
2022,초6,,1.069179253732095,3.3333333333333335,4.0,,3.0,4.0,3.0,4.0
2022,초6,,1.069179253732095,4.0,4.0,,4.0,4.0,4.0,4.0
2022,초6,,1.1987612072154452,3.3333333333333335,2.0,,3.0,4.0,3.0,2.0
2022,초6,,1.1987612072154452,3.6666666666666665,4.0,,3.0,4.0,4.0,4.0
2022,초6,,1.1987612072154452,4.0,4.0,,4.0,4.0,4.0,4.0
2022,초6,,1.1987612072154452,4.0,4.0,,4.0,4.0,4.0,4.0
2022,초6,,1.1987612072154452,3.0,3.0,,3.0,3.0,3.0,3.0
2022,초6,,1.1987612072154452,4.0,3.0,,4.0,4.0,4.0,3.0
2022,초6,,1.1987612072154452,4.0,4.0,,4.0,4.0,4.0,4.0
2022,초6,,1.1987612072154452,3.3333333333333335,4.0,,4.0,3.0,3.0,4.0
2022,초6,,1.1987612072154452,3.0,1.0,,4.0,4.0,1.0,1.0
2022,초6,,1.1987612072154452,3.6666666666666665,4.0,,4.0,4.0,3.0,4.0
2022,초6,,1.1987612072154452,2.6666666666666665,2.0,,3.0,3.0,2.0,2.0
2022,초5,,1.671562157664441,3.0,2.0,,3.0,3.0,3.0,2.0
2022,초5,,1.671562157664441,3.3333333333333335,4.0,,4.0,4.0,2.0,4.0
2022,초5,,1.671562157664441,4.0,4.0,,4.0,4.0,4.0,4.0
2022,초5,,1.671562157664441,3.0,1.0,,3.0,4.0,2.0,1.0
2022,초5,,1.671562157664441,3.0,3.0,,3.0,3.0,3.0,3.0
2022,초5,,1.671562157664441,3.3333333333333335,4.0,,3.0,3.0,4.0,4.0
2022,초5,,1.671562157664441,3.6666666666666665,4.0,,4.0,4.0,3.0,4.0
2022,초5,,1.671562157664441,3.0,3.0,,3.0,3.0,3.0,3.0
2022,초5,,1.671562157664441,3.3333333333333335,4.0,,3.0,4.0,3.0,4.0
2022,초5,,1.671562157664441,3.3333333333333335,3.0,,3.0,4.0,3.0,3.0
2022,초5,,1.3139361056404317,3.0,3.0,,3.0,3.0,3.0,3.0
2022,초5,,1.3139361056404317,2.6666666666666665,4.0,,3.0,3.0,2.0,4.0
2022,초5,,1.3139361056404317,3.6666666666666665,3.0,,4.0,4.0,3.0,3.0
2022,초5,,1.3139361056404317,3.3333333333333335,3.0,,3.0,4.0,3.0,3.0
2022,초5,,1.3139361056404317,3.3333333333333335,2.0,,3.0,4.0,3.0,2.0
2022,초5,,1.3139361056404317,3.0,3.0,,3.0,3.0,3.0,3.0
2022,초5,,1.3139361056404317,3.6666666666666665,3.0,,4.0,4.0,3.0,3.0
2022,초5,,1.3139361056404317,3.0,2.0,,3.0,3.0,3.0,2.0
2022,초5,,1.3139361056404317,3.3333333333333335,3.0,,3.0,4.0,3.0,3.0
2022,초5,,1.3139361056404317,2.6666666666666665,2.0,,3.0,3.0,2.0,2.0
2022,초6,,1.2229442470780336,2.6666666666666665,3.0,,3.0,3.0,2.0,3.0
2022,초6,,1.2229442470780336,3.3333333333333335,3.0,,4.0,3.0,3.0,3.0
2022,초6,,1.2229442470780336,4.0,4.0,,4.0,4.0,4.0,4.0
2022,초6,,1.2229442470780336,3.0,3.0,,4.0,3.0,2.0,3.0
2022,초6,,1.2229442470780336,4.0,4.0,,4.0,4.0,4.0,4.0
2022,초6,,1.2229442470780336,3.0,3.0,,3.0,3.0,3.0,3.0
2022,초6,,1.2229442470780336,3.6666666666666665,3.0,,4.0,4.0,3.0,3.0
2022,초6,,1.2229442470780336,3.0,3.0,,3.0,3.0,3.0,3.0
2022,초6,,1.2229442470780336,1.6666666666666667,1.0,,1.0,3.0,1.0,1.0
2022,초6,,1.2229442470780336,3.0,3.0,,3.0,3.0,3.0,3.0
2022,초6,,1.2229442470780336,3.3333333333333335,4.0,,3.0,4.0,3.0,4.0
2022,초6,,1.2229442470780336,3.0,3.0,,3.0,3.0,3.0,3.0
2022,초6,,1.2229442470780336,3.0,3.0,,3.0,3.0,3.0,3.0
2022,초6,,1.2323125216726287,2.6666666666666665,2.0,,3.0,3.0,2.0,2.0
2022,초6,,1.2323125216726287,3.0,1.0,,3.0,4.0,2.0,1.0
2022,초6,,1.2323125216726287,3.3333333333333335,4.0,,3.0,4.0,3.0,4.0
2022,초6,,1.2323125216726287,3.0,3.0,,3.0,3.0,3.0,3.0
2022,초6,,1.2323125216726287,3.3333333333333335,2.0,,3.0,4.0,3.0,2.0
2022,초6,,1.2323125216726287,2.6666666666666665,3.0,,3.0,3.0,2.0,3.0
2022,초6,,1.2323125216726287,3.0,3.0,,3.0,3.0,3.0,3.0
2022,초6,,1.2323125216726287,2.6666666666666665,3.0,,3.0,3.0,2.0,3.0
2022,초6,,1.2323125216726287,3.0,1.0,,4.0,4.0,1.0,1.0
2022,초6,,1.2323125216726287,2.3333333333333335,1.0,,3.0,3.0,1.0,1.0
2022,초6,,1.2323125216726287,3.0,4.0,,3.0,3.0,3.0,4.0
2022,초4,,1.314861543100384,3.0,2.0,,3.0,4.0,2.0,2.0
2022,초4,,1.314861543100384,2.3333333333333335,2.0,,2.0,4.0,1.0,2.0
2022,초4,,1.314861543100384,3.0,3.0,,3.0,4.0,2.0,3.0
2022,초4,,1.314861543100384,3.3333333333333335,4.0,,3.0,4.0,3.0,4.0
2022,초4,,1.314861543100384,3.0,3.0,,3.0,4.0,2.0,3.0
2022,초4,,1.314861543100384,3.0,3.0,,3.0,3.0,3.0,3.0
2022,초4,,1.314861543100384,3.3333333333333335,4.0,,3.0,3.0,4.0,4.0
2022,초4,,1.314861543100384,3.3333333333333335,3.0,,4.0,4.0,2.0,3.0
2022,초4,,1.314861543100384,3.0,3.0,,4.0,4.0,1.0,3.0
2022,초4,,1.314861543100384,3.0,2.0,,3.0,4.0,2.0,2.0
2022,초4,,1.314861543100384,2.3333333333333335,3.0,,3.0,1.0,3.0,3.0
2022,초4,,1.3796421652970527,3.0,3.0,,2.0,4.0,3.0,3.0
2022,초4,,1.3796421652970527,3.3333333333333335,3.0,,3.0,4.0,3.0,3.0
2022,초4,,1.3796421652970527,3.6666666666666665,3.0,,3.0,4.0,4.0,3.0
2022,초4,,1.3796421652970527,4.0,4.0,,4.0,4.0,4.0,4.0
2022,초4,,1.3796421652970527,3.3333333333333335,4.0,,3.0,4.0,3.0,4.0
2022,초4,,1.3796421652970527,3.0,3.0,,3.0,3.0,3.0,3.0
2022,초4,,1.3796421652970527,4.0,4.0,,4.0,4.0,4.0,4.0
2022,초4,,1.3796421652970527,3.6666666666666665,3.0,,3.0,4.0,4.0,3.0
2022,초4,,1.3796421652970527,3.6666666666666665,3.0,,4.0,4.0,3.0,3.0
2022,초4,,1.3796421652970527,3.6666666666666665,3.0,,4.0,4.0,3.0,3.0
2022,초4,,1.3796421652970527,3.6666666666666665,4.0,,3.0,4.0,4.0,4.0
2022,초4,,1.3796421652970527,3.3333333333333335,2.0,,3.0,4.0,3.0,2.0
2022,초4,,1.314861543100384,2.6666666666666665,2.0,,3.0,3.0,2.0,2.0
2022,초6,,0.9698966696413752,3.0,3.0,,3.0,3.0,3.0,3.0
2022,초6,,0.9698966696413752,3.0,3.0,,3.0,3.0,3.0,3.0
2022,초6,,0.9698966696413752,2.6666666666666665,2.0,,3.0,4.0,1.0,2.0
2022,초6,,0.9698966696413752,4.0,4.0,,4.0,4.0,4.0,4.0
2022,초6,,0.9698966696413752,3.0,3.0,,3.0,3.0,3.0,3.0
2022,초6,,0.9698966696413752,3.6666666666666665,3.0,,4.0,4.0,3.0,3.0
2022,초6,,0.9698966696413752,3.0,3.0,,3.0,3.0,3.0,3.0
2022,초6,,0.9698966696413752,3.3333333333333335,2.0,,3.0,4.0,3.0,2.0
2022,초6,,0.9698966696413752,4.0,4.0,,4.0,4.0,4.0,4.0
2022,초6,,0.9698966696413752,3.0,3.0,,3.0,3.0,3.0,3.0
2022,초6,,0.9823575066508242,3.0,3.0,,3.0,3.0,3.0,3.0
2022,초6,,0.9823575066508242,3.3333333333333335,3.0,,3.0,4.0,3.0,3.0
2022,초6,,0.9823575066508242,4.0,4.0,,4.0,4.0,4.0,4.0
2022,초6,,0.9823575066508242,3.3333333333333335,3.0,,3.0,4.0,3.0,3.0
2022,초6,,0.9823575066508242,3.3333333333333335,3.0,,3.0,4.0,3.0,3.0
2022,초6,,0.9823575066508242,3.0,3.0,,3.0,3.0,3.0,3.0
2022,초6,,0.9823575066508242,3.0,3.0,,3.0,4.0,2.0,3.0
2022,초6,,0.9823575066508242,3.3333333333333335,3.0,,3.0,4.0,3.0,3.0
2022,초6,,0.9823575066508242,4.0,4.0,,4.0,4.0,4.0,4.0
2022,초6,,0.9823575066508242,3.3333333333333335,4.0,,3.0,4.0,3.0,4.0
2022,초6,,0.9823575066508242,3.3333333333333335,3.0,,3.0,4.0,3.0,3.0
2022,초6,,0.9823575066508242,3.6666666666666665,4.0,,3.0,4.0,4.0,4.0
2022,초4,,1.0619145483578467,2.6666666666666665,2.0,,2.0,4.0,2.0,2.0
2022,초4,,1.0619145483578467,3.6666666666666665,3.0,,4.0,4.0,3.0,3.0
2022,초4,,1.0619145483578467,3.6666666666666665,4.0,,4.0,4.0,3.0,4.0
2022,초4,,1.0619145483578467,3.6666666666666665,3.0,,4.0,4.0,3.0,3.0
2022,초4,,1.0619145483578467,3.0,3.0,,3.0,3.0,3.0,3.0
2022,초4,,1.0619145483578467,3.6666666666666665,4.0,,3.0,4.0,4.0,4.0
2022,초4,,1.0619145483578467,3.6666666666666665,4.0,,3.0,4.0,4.0,4.0
2022,초4,,1.0619145483578467,2.0,4.0,,2.0,3.0,1.0,4.0
2022,초4,,1.0619145483578467,3.6666666666666665,3.0,,4.0,4.0,3.0,3.0
2022,초4,,1.0619145483578467,3.6666666666666665,4.0,,3.0,4.0,4.0,4.0
2022,초4,,1.0619145483578467,3.3333333333333335,3.0,,3.0,4.0,3.0,3.0
2022,초4,,0.7404163670621936,3.0,3.0,,3.0,3.0,3.0,3.0
2022,초4,,0.7404163670621936,2.6666666666666665,2.0,,2.0,3.0,3.0,2.0
2022,초4,,0.7404163670621936,3.0,3.0,,3.0,3.0,3.0,3.0
2022,초4,,0.7404163670621936,3.0,2.0,,2.0,4.0,3.0,2.0
2022,초4,,0.7404163670621936,3.3333333333333335,4.0,,2.0,4.0,4.0,4.0
2022,초4,,0.7404163670621936,3.3333333333333335,3.0,,3.0,4.0,3.0,3.0
2022,초4,,0.7404163670621936,3.3333333333333335,3.0,,3.0,4.0,3.0,3.0
2022,초4,,0.7404163670621936,3.6666666666666665,4.0,,4.0,4.0,3.0,4.0
2022,초4,,0.7404163670621936,3.3333333333333335,,,3.0,4.0,3.0,
2022,초4,,0.7404163670621936,2.6666666666666665,1.0,,2.0,4.0,2.0,1.0
2022,초4,,0.7404163670621936,3.0,2.0,,3.0,3.0,3.0,2.0
2022,초4,,0.7404163670621936,3.6666666666666665,3.0,,4.0,4.0,3.0,3.0
2022,초4,,0.7404163670621936,1.3333333333333333,3.0,,1.0,2.0,1.0,3.0
2022,초4,,0.7404163670621936,3.3333333333333335,2.0,,3.0,4.0,3.0,2.0
2022,초4,,0.7404163670621936,2.0,3.0,,2.0,1.0,3.0,3.0
2022,초5,,0.8360510309083049,2.6666666666666665,2.0,,2.0,4.0,2.0,2.0
2022,초5,,0.8360510309083049,2.6666666666666665,2.0,,2.0,4.0,2.0,2.0
2022,초5,,0.8360510309083049,3.0,4.0,,3.0,3.0,3.0,4.0
2022,초5,,0.8360510309083049,3.6666666666666665,4.0,,3.0,4.0,4.0,4.0
2022,초5,,0.8360510309083049,3.3333333333333335,3.0,,3.0,3.0,4.0,3.0
2022,초5,,0.8360510309083049,3.3333333333333335,3.0,,3.0,3.0,4.0,3.0
2022,초5,,0.8360510309083049,3.0,4.0,,3.0,3.0,3.0,4.0
2022,초5,,0.8360510309083049,2.0,2.0,,2.0,2.0,2.0,2.0
2022,초5,,0.8360510309083049,3.0,2.0,,3.0,4.0,2.0,2.0
2022,초5,,0.8360510309083049,3.3333333333333335,3.0,,3.0,3.0,4.0,3.0
2022,초5,,0.8360510309083049,2.3333333333333335,2.0,,2.0,3.0,2.0,2.0
2022,초5,,0.8360510309083049,1.6666666666666667,1.0,,2.0,2.0,1.0,1.0
2022,초5,,0.9755691231125144,3.0,3.0,,4.0,3.0,2.0,3.0
2022,초5,,0.9755691231125144,4.0,4.0,,4.0,4.0,4.0,4.0
2022,초5,,0.9755691231125144,2.3333333333333335,1.0,,3.0,3.0,1.0,1.0
2022,초5,,0.9755691231125144,3.0,3.0,,3.0,3.0,3.0,3.0
2022,초5,,0.9755691231125144,2.6666666666666665,3.0,,3.0,3.0,2.0,3.0
2022,초5,,0.9755691231125144,2.6666666666666665,4.0,,3.0,3.0,2.0,4.0
2022,초5,,0.9755691231125144,4.0,4.0,,4.0,4.0,4.0,4.0
2022,초5,,0.9755691231125144,3.0,2.0,,2.0,4.0,3.0,2.0
2022,초5,,0.9755691231125144,2.6666666666666665,2.0,,3.0,3.0,2.0,2.0
2022,초5,,0.9755691231125144,2.6666666666666665,1.0,,3.0,3.0,2.0,1.0
2022,초5,,0.9755691231125144,3.3333333333333335,3.0,,3.0,4.0,3.0,3.0
2022,초5,,0.9755691231125144,3.0,3.0,,3.0,3.0,3.0,3.0
2022,초6,,0.7357836804175949,3.3333333333333335,4.0,,3.0,3.0,4.0,4.0
2022,초6,,0.7357836804175949,3.6666666666666665,4.0,,3.0,4.0,4.0,4.0
2022,초6,,0.7357836804175949,3.0,3.0,,3.0,4.0,2.0,3.0
2022,초6,,0.7357836804175949,3.0,3.0,,3.0,3.0,3.0,3.0
2022,초6,,0.7357836804175949,3.3333333333333335,2.0,,3.0,4.0,3.0,2.0
2022,초6,,0.7357836804175949,3.3333333333333335,4.0,,2.0,4.0,4.0,4.0
2022,초6,,0.7357836804175949,3.3333333333333335,3.0,,3.0,4.0,3.0,3.0
2022,초6,,0.7357836804175949,2.6666666666666665,3.0,,3.0,3.0,2.0,3.0
2022,초6,,0.7357836804175949,3.3333333333333335,4.0,,3.0,4.0,3.0,4.0
2022,초6,,0.7357836804175949,3.3333333333333335,3.0,,3.0,4.0,3.0,3.0
2022,초6,,0.7357836804175949,3.0,3.0,,3.0,3.0,3.0,3.0
2022,초6,,0.7357836804175949,3.0,3.0,,3.0,3.0,3.0,3.0
2022,초6,,0.7357836804175949,3.6666666666666665,3.0,,3.0,4.0,4.0,3.0
2022,초6,,0.7357836804175949,3.3333333333333335,3.0,,3.0,4.0,3.0,3.0
2022,초6,,0.7357836804175949,3.0,3.0,,3.0,4.0,2.0,3.0
2022,초6,,0.7452367291833839,3.3333333333333335,3.0,,3.0,4.0,3.0,3.0
2022,초6,,0.7452367291833839,3.0,3.0,,2.0,4.0,3.0,3.0
2022,초6,,0.7452367291833839,3.3333333333333335,3.0,,3.0,4.0,3.0,3.0
2022,초6,,0.7452367291833839,3.3333333333333335,3.0,,3.0,4.0,3.0,3.0
2022,초6,,0.7452367291833839,2.6666666666666665,3.0,,3.0,3.0,2.0,3.0
2022,초6,,0.7452367291833839,3.3333333333333335,2.0,,2.0,4.0,4.0,2.0
2022,초6,,0.7452367291833839,2.6666666666666665,2.0,,3.0,3.0,2.0,2.0
2022,초6,,0.7452367291833839,2.6666666666666665,3.0,,3.0,3.0,2.0,3.0
2022,초6,,0.7452367291833839,3.0,3.0,,3.0,3.0,3.0,3.0
2022,초6,,0.7452367291833839,3.6666666666666665,3.0,,4.0,4.0,3.0,3.0
2022,초6,,0.7452367291833839,2.6666666666666665,1.0,,2.0,4.0,2.0,1.0
2022,초6,,0.7452367291833839,3.3333333333333335,2.0,,3.0,4.0,3.0,2.0
2022,초6,,0.7452367291833839,3.3333333333333335,3.0,,3.0,4.0,3.0,3.0
2022,초6,,0.7452367291833839,2.6666666666666665,2.0,,3.0,3.0,2.0,2.0
2022,초5,,0.7207336473347455,3.3333333333333335,4.0,,4.0,3.0,3.0,4.0
2022,초5,,0.7207336473347455,3.3333333333333335,4.0,,3.0,4.0,3.0,4.0
2022,초5,,0.7207336473347455,3.0,3.0,,3.0,3.0,3.0,3.0
2022,초5,,0.7207336473347455,3.6666666666666665,3.0,,4.0,4.0,3.0,3.0
2022,초5,,0.7207336473347455,3.3333333333333335,4.0,,3.0,3.0,4.0,4.0
2022,초5,,0.7207336473347455,3.3333333333333335,4.0,,3.0,4.0,3.0,4.0
2022,초5,,0.7207336473347455,3.0,3.0,,3.0,3.0,3.0,3.0
2022,초5,,0.7207336473347455,2.3333333333333335,2.0,,3.0,3.0,1.0,2.0
2022,초5,,0.7207336473347455,4.0,4.0,,4.0,4.0,4.0,4.0
2022,초5,,0.7207336473347455,3.6666666666666665,3.0,,4.0,4.0,3.0,3.0
2022,초5,,0.7207336473347455,3.3333333333333335,4.0,,3.0,4.0,3.0,4.0
2022,초5,,0.7207336473347455,3.6666666666666665,4.0,,3.0,4.0,4.0,4.0
2022,초5,,0.7207336473347455,3.6666666666666665,4.0,,4.0,4.0,3.0,4.0
2022,초5,,0.7207336473347455,3.3333333333333335,3.0,,3.0,4.0,3.0,3.0
2022,초5,,0.7207336473347455,1.6666666666666667,3.0,,2.0,2.0,1.0,3.0
2022,초5,,0.8410078647521675,4.0,4.0,,4.0,4.0,4.0,4.0
2022,초5,,0.8410078647521675,3.0,3.0,,2.0,4.0,3.0,3.0
2022,초5,,0.8410078647521675,4.0,4.0,,4.0,4.0,4.0,4.0
2022,초5,,0.8410078647521675,3.3333333333333335,3.0,,3.0,4.0,3.0,3.0
2022,초5,,0.8410078647521675,3.6666666666666665,3.0,,4.0,4.0,3.0,3.0
2022,초5,,0.8410078647521675,4.0,4.0,,4.0,4.0,4.0,4.0
2022,초5,,0.8410078647521675,3.6666666666666665,2.0,,4.0,4.0,3.0,2.0
2022,초5,,0.8410078647521675,3.0,3.0,,3.0,3.0,3.0,3.0
2022,초5,,0.8410078647521675,3.3333333333333335,4.0,,3.0,4.0,3.0,4.0
2022,초5,,0.8410078647521675,3.0,3.0,,3.0,3.0,3.0,3.0
2022,초5,,0.8410078647521675,3.3333333333333335,3.0,,3.0,4.0,3.0,3.0
2022,초5,,0.8410078647521675,4.0,4.0,,4.0,4.0,4.0,4.0
2022,초5,,0.8410078647521675,3.3333333333333335,3.0,,3.0,4.0,3.0,3.0
2022,초4,,0.9203259419101337,3.6666666666666665,4.0,,3.0,4.0,4.0,4.0
2022,초4,,0.9203259419101337,3.6666666666666665,4.0,,4.0,4.0,3.0,4.0
2022,초4,,0.9203259419101337,4.0,4.0,,4.0,4.0,4.0,4.0
2022,초4,,0.9203259419101337,3.3333333333333335,3.0,,3.0,4.0,3.0,3.0
2022,초4,,0.9203259419101337,3.3333333333333335,4.0,,3.0,4.0,3.0,4.0
2022,초4,,0.9203259419101337,3.0,3.0,,3.0,4.0,2.0,3.0
2022,초4,,0.9203259419101337,3.6666666666666665,4.0,,3.0,4.0,4.0,4.0
2022,초4,,0.9203259419101337,3.0,3.0,,3.0,3.0,3.0,3.0
2022,초4,,0.9203259419101337,3.6666666666666665,3.0,,3.0,4.0,4.0,3.0
2022,초4,,0.9203259419101337,3.3333333333333335,3.0,,3.0,4.0,3.0,3.0
2022,초4,,0.9203259419101337,4.0,4.0,,4.0,4.0,4.0,4.0
2022,초4,,0.9203259419101337,4.0,4.0,,4.0,4.0,4.0,4.0
2022,초4,,0.9203259419101337,3.3333333333333335,3.0,,3.0,4.0,3.0,3.0
2022,초4,,0.6416941847872344,2.6666666666666665,3.0,,3.0,3.0,2.0,3.0
2022,초4,,0.6416941847872344,3.0,3.0,,3.0,3.0,3.0,3.0
2022,초4,,0.6416941847872344,3.0,1.0,,3.0,4.0,2.0,1.0
2022,초4,,0.6416941847872344,4.0,3.0,,4.0,4.0,4.0,3.0
2022,초4,,0.6416941847872344,3.6666666666666665,3.0,,3.0,4.0,4.0,3.0
2022,초4,,0.6416941847872344,3.0,1.0,,3.0,4.0,2.0,1.0
2022,초4,,0.6416941847872344,3.3333333333333335,4.0,,3.0,4.0,3.0,4.0
2022,초4,,0.6416941847872344,3.6666666666666665,4.0,,3.0,4.0,4.0,4.0
2022,초4,,0.6416941847872344,3.6666666666666665,3.0,,3.0,4.0,4.0,3.0
2022,초4,,0.6416941847872344,3.0,3.0,,3.0,3.0,3.0,3.0
2022,초4,,0.6416941847872344,3.6666666666666665,4.0,,3.0,4.0,4.0,4.0
2022,초4,,0.6416941847872344,3.0,2.0,,3.0,3.0,3.0,2.0
2022,초4,,0.6416941847872344,3.0,3.0,,3.0,3.0,3.0,3.0
2022,초4,,0.6416941847872344,4.0,2.0,,4.0,4.0,4.0,2.0
2022,초4,,0.6416941847872344,3.3333333333333335,3.0,,3.0,4.0,3.0,3.0
2022,초4,,0.6416941847872344,3.6666666666666665,4.0,,3.0,4.0,4.0,4.0
2022,초4,,0.6416941847872344,3.0,4.0,,3.0,3.0,3.0,4.0
2022,초4,,1.5405202133351799,4.0,4.0,,4.0,4.0,4.0,4.0
2022,초4,,1.5405202133351799,2.6666666666666665,2.0,,3.0,3.0,2.0,2.0
2022,초4,,1.5405202133351799,4.0,4.0,,4.0,4.0,4.0,4.0
2022,초4,,1.5405202133351799,3.3333333333333335,4.0,,3.0,4.0,3.0,4.0
2022,초4,,1.5405202133351799,3.0,3.0,,3.0,3.0,3.0,3.0
2022,초4,,1.5405202133351799,3.3333333333333335,4.0,,2.0,4.0,4.0,4.0
2022,초4,,1.5405202133351799,3.0,4.0,,3.0,3.0,3.0,4.0
2022,초4,,1.5405202133351799,3.6666666666666665,3.0,,4.0,4.0,3.0,3.0
2022,초4,,1.5405202133351799,3.6666666666666665,4.0,,4.0,4.0,3.0,4.0
2022,초4,,1.109329001994646,2.6666666666666665,3.0,,2.0,3.0,3.0,3.0
2022,초4,,1.109329001994646,2.6666666666666665,2.0,,2.0,4.0,2.0,2.0
2022,초4,,1.109329001994646,2.6666666666666665,2.0,,3.0,3.0,2.0,2.0
2022,초4,,1.109329001994646,3.3333333333333335,3.0,,3.0,4.0,3.0,3.0
2022,초4,,1.109329001994646,3.0,1.0,,3.0,4.0,2.0,1.0
2022,초4,,1.109329001994646,3.6666666666666665,4.0,,4.0,4.0,3.0,4.0
2022,초4,,1.109329001994646,3.6666666666666665,3.0,,4.0,4.0,3.0,3.0
2022,초4,,1.109329001994646,3.3333333333333335,3.0,,3.0,4.0,3.0,3.0
2022,초4,,1.109329001994646,3.0,3.0,,3.0,3.0,3.0,3.0
2022,초4,,1.109329001994646,3.3333333333333335,3.0,,3.0,4.0,3.0,3.0
2022,초4,,1.109329001994646,3.6666666666666665,4.0,,3.0,4.0,4.0,4.0
2022,초4,,1.109329001994646,3.0,3.0,,3.0,3.0,3.0,3.0
2022,초5,,1.3833102628655913,2.3333333333333335,1.0,,3.0,3.0,1.0,1.0
2022,초5,,1.3833102628655913,3.0,4.0,,3.0,2.0,4.0,4.0
2022,초5,,1.3833102628655913,3.0,4.0,,3.0,3.0,3.0,4.0
2022,초5,,1.3833102628655913,3.6666666666666665,3.0,,4.0,4.0,3.0,3.0
2022,초5,,1.3833102628655913,3.3333333333333335,2.0,,4.0,4.0,2.0,2.0
2022,초5,,1.3833102628655913,3.6666666666666665,3.0,,4.0,4.0,3.0,3.0
2022,초5,,1.3833102628655913,3.0,2.0,,3.0,3.0,3.0,2.0
2022,초5,,1.3833102628655913,4.0,4.0,,4.0,4.0,4.0,4.0
2022,초5,,1.3833102628655913,3.3333333333333335,3.0,,4.0,3.0,3.0,3.0
2022,초5,,1.3833102628655913,3.6666666666666665,4.0,,4.0,4.0,3.0,4.0
2022,초5,,1.3833102628655913,3.0,3.0,,3.0,3.0,3.0,3.0
2022,초5,,1.0237453592696404,4.0,4.0,,4.0,4.0,4.0,4.0
2022,초5,,1.0237453592696404,3.0,3.0,,3.0,3.0,3.0,3.0
2022,초5,,1.0237453592696404,4.0,4.0,,4.0,4.0,4.0,4.0
2022,초5,,1.0237453592696404,3.3333333333333335,3.0,,3.0,4.0,3.0,3.0
2022,초5,,1.0237453592696404,3.6666666666666665,4.0,,4.0,4.0,3.0,4.0
2022,초5,,1.0237453592696404,3.6666666666666665,4.0,,3.0,4.0,4.0,4.0
2022,초5,,1.0237453592696404,4.0,4.0,,4.0,4.0,4.0,4.0
2022,초5,,1.0237453592696404,4.0,4.0,,4.0,4.0,4.0,4.0
2022,초5,,1.0237453592696404,3.6666666666666665,4.0,,4.0,4.0,3.0,4.0
2022,초5,,1.0237453592696404,2.6666666666666665,2.0,,3.0,3.0,2.0,2.0
2022,초5,,1.0237453592696404,3.3333333333333335,1.0,,3.0,4.0,3.0,1.0
2022,초5,,1.0237453592696404,2.0,2.0,,2.0,2.0,2.0,2.0
2022,초5,,1.0237453592696404,3.3333333333333335,4.0,,3.0,4.0,3.0,4.0
2022,초5,,1.0237453592696404,4.0,4.0,,4.0,4.0,4.0,4.0
2022,초6,,1.5275887672281112,3.6666666666666665,4.0,,4.0,4.0,3.0,4.0
2022,초6,,1.5275887672281112,3.0,3.0,,3.0,3.0,3.0,3.0
2022,초6,,1.5275887672281112,3.6666666666666665,4.0,,3.0,4.0,4.0,4.0
2022,초6,,1.5275887672281112,4.0,4.0,,4.0,4.0,4.0,4.0
2022,초6,,1.5275887672281112,3.6666666666666665,4.0,,3.0,4.0,4.0,4.0
2022,초6,,1.5275887672281112,3.3333333333333335,3.0,,3.0,4.0,3.0,3.0
2022,초6,,1.5275887672281112,1.6666666666666667,1.0,,2.0,2.0,1.0,1.0
2022,초6,,1.5275887672281112,4.0,4.0,,4.0,4.0,4.0,4.0
2022,초6,,1.5275887672281112,3.0,3.0,,3.0,3.0,3.0,3.0
2022,초6,,1.1187257515880085,3.3333333333333335,3.0,,3.0,4.0,3.0,3.0
2022,초6,,1.1187257515880085,4.0,4.0,,4.0,4.0,4.0,4.0
2022,초6,,1.1187257515880085,4.0,4.0,,4.0,4.0,4.0,4.0
2022,초6,,1.1187257515880085,4.0,4.0,,4.0,4.0,4.0,4.0
2022,초6,,1.1187257515880085,3.6666666666666665,3.0,,4.0,4.0,3.0,3.0
2022,초6,,1.1187257515880085,4.0,4.0,,4.0,4.0,4.0,4.0
2022,초6,,1.1187257515880085,3.0,3.0,,3.0,3.0,3.0,3.0
2022,초6,,1.1187257515880085,4.0,4.0,,4.0,4.0,4.0,4.0
2022,초6,,1.1187257515880085,4.0,3.0,,4.0,4.0,4.0,3.0
2022,초6,,1.1187257515880085,3.6666666666666665,2.0,,4.0,4.0,3.0,2.0
2022,초6,,1.1187257515880085,3.0,4.0,,3.0,3.0,3.0,4.0
2022,초6,,1.1187257515880085,4.0,4.0,,4.0,4.0,4.0,4.0
2022,초6,,1.1187257515880085,3.6666666666666665,3.0,,4.0,4.0,3.0,3.0
2022,초4,,0.5025125407541586,3.0,3.0,,3.0,3.0,3.0,3.0
2022,초4,,0.5025125407541586,4.0,4.0,,4.0,4.0,4.0,4.0
2022,초4,,0.5025125407541586,4.0,4.0,,4.0,4.0,4.0,4.0
2022,초4,,0.5025125407541586,3.3333333333333335,3.0,,3.0,4.0,3.0,3.0
2022,초4,,0.5025125407541586,3.6666666666666665,3.0,,4.0,4.0,3.0,3.0
2022,초4,,0.5025125407541586,4.0,4.0,,4.0,4.0,4.0,4.0
2022,초4,,0.5025125407541586,3.6666666666666665,4.0,,3.0,4.0,4.0,4.0
2022,초4,,0.5025125407541586,3.0,3.0,,3.0,3.0,3.0,3.0
2022,초4,,0.5025125407541586,3.6666666666666665,3.0,,4.0,4.0,3.0,3.0
2022,초4,,0.5025125407541586,2.0,3.0,,1.0,3.0,2.0,3.0
2022,초4,,0.5025125407541586,2.6666666666666665,3.0,,3.0,3.0,2.0,3.0
2022,초4,,0.5025125407541586,3.3333333333333335,3.0,,3.0,4.0,3.0,3.0
2022,초4,,0.42968773140559585,3.3333333333333335,3.0,,3.0,4.0,3.0,3.0
2022,초4,,0.42968773140559585,3.6666666666666665,4.0,,4.0,4.0,3.0,4.0
2022,초4,,0.42968773140559585,3.0,3.0,,3.0,3.0,3.0,3.0
2022,초4,,0.42968773140559585,3.3333333333333335,3.0,,3.0,4.0,3.0,3.0
2022,초4,,0.42968773140559585,3.3333333333333335,3.0,,4.0,4.0,2.0,3.0
2022,초4,,0.42968773140559585,3.0,3.0,,3.0,3.0,3.0,3.0
2022,초4,,0.42968773140559585,4.0,4.0,,4.0,4.0,4.0,4.0
2022,초4,,0.42968773140559585,3.0,2.0,,3.0,4.0,2.0,2.0
2022,초4,,0.42968773140559585,3.0,3.0,,3.0,3.0,3.0,3.0
2022,초4,,0.42968773140559585,3.0,3.0,,3.0,3.0,3.0,3.0
2022,초4,,0.42968773140559585,3.3333333333333335,3.0,,3.0,4.0,3.0,3.0
2022,초4,,0.42968773140559585,3.0,3.0,,3.0,3.0,3.0,3.0
2022,초4,,0.42968773140559585,3.6666666666666665,3.0,,4.0,4.0,3.0,3.0
2022,초5,,0.5896887494816756,4.0,4.0,,4.0,4.0,4.0,4.0
2022,초5,,0.555262475971446,3.6666666666666665,4.0,,3.0,4.0,4.0,4.0
2022,초5,,0.5896887494816756,3.6666666666666665,3.0,,4.0,4.0,3.0,3.0
2022,초5,,0.5896887494816756,3.3333333333333335,1.0,,4.0,4.0,2.0,1.0
2022,초5,,0.555262475971446,4.0,3.0,,4.0,4.0,4.0,3.0
2022,초5,,0.555262475971446,3.0,3.0,,3.0,3.0,3.0,3.0
2022,초5,,0.5896887494816756,3.3333333333333335,4.0,,3.0,3.0,4.0,4.0
2022,초5,,0.5896887494816756,3.3333333333333335,3.0,,3.0,4.0,3.0,3.0
2022,초5,,0.555262475971446,2.3333333333333335,1.0,,3.0,3.0,1.0,1.0
2022,초5,,0.555262475971446,3.3333333333333335,2.0,,3.0,3.0,4.0,2.0
2022,초5,,0.555262475971446,3.0,4.0,,3.0,4.0,2.0,4.0
2022,초5,,0.555262475971446,3.0,3.0,,3.0,3.0,3.0,3.0
2022,초5,,0.5896887494816756,3.0,3.0,,3.0,3.0,3.0,3.0
2022,초5,,0.555262475971446,4.0,4.0,,4.0,4.0,4.0,4.0
2022,초5,,0.5896887494816756,3.6666666666666665,4.0,,3.0,4.0,4.0,4.0
2022,초5,,0.5896887494816756,4.0,4.0,,4.0,4.0,4.0,4.0
2022,초5,,0.5896887494816756,3.0,3.0,,3.0,4.0,2.0,3.0
2022,초5,,0.555262475971446,2.0,2.0,,2.0,2.0,2.0,2.0
2022,초5,,0.555262475971446,3.0,3.0,,3.0,3.0,3.0,3.0
2022,초5,,0.5896887494816756,4.0,4.0,,4.0,4.0,4.0,4.0
2022,초6,,0.4819678291432151,4.0,4.0,,4.0,4.0,4.0,4.0
2022,초6,,0.4819678291432151,3.6666666666666665,3.0,,3.0,4.0,4.0,3.0
2022,초6,,0.4819678291432151,3.6666666666666665,4.0,,3.0,4.0,4.0,4.0
2022,초6,,0.4819678291432151,3.0,3.0,,3.0,3.0,3.0,3.0
2022,초6,,0.4819678291432151,3.3333333333333335,4.0,,3.0,4.0,3.0,4.0
2022,초6,,0.4819678291432151,3.3333333333333335,3.0,,3.0,4.0,3.0,3.0
2022,초6,,0.4819678291432151,4.0,4.0,,4.0,4.0,4.0,4.0
2022,초6,,0.4819678291432151,3.3333333333333335,3.0,,3.0,4.0,3.0,3.0
2022,초6,,0.4819678291432151,2.6666666666666665,1.0,,3.0,3.0,2.0,1.0
2022,초6,,0.4819678291432151,4.0,4.0,,4.0,4.0,4.0,4.0
2022,초6,,0.4819678291432151,3.0,3.0,,3.0,3.0,3.0,3.0
2022,초6,,0.4219994817382989,4.0,4.0,,4.0,4.0,4.0,4.0
2022,초6,,0.4219994817382989,3.0,3.0,,3.0,3.0,3.0,3.0
2022,초6,,0.4219994817382989,4.0,4.0,,4.0,4.0,4.0,4.0
2022,초6,,0.4219994817382989,3.0,3.0,,3.0,3.0,3.0,3.0
2022,초6,,0.4219994817382989,3.0,4.0,,3.0,4.0,2.0,4.0
2022,초6,,0.4219994817382989,3.0,3.0,,3.0,4.0,2.0,3.0
2022,초6,,0.4219994817382989,3.0,3.0,,3.0,3.0,3.0,3.0
2022,초6,,0.4219994817382989,3.0,3.0,,3.0,3.0,3.0,3.0
2022,초6,,0.4219994817382989,3.3333333333333335,3.0,,4.0,3.0,3.0,3.0
2022,초6,,0.4219994817382989,3.6666666666666665,3.0,,4.0,4.0,3.0,3.0
2022,초6,,0.4219994817382989,4.0,4.0,,4.0,4.0,4.0,4.0
2022,초6,,0.4219994817382989,3.3333333333333335,3.0,,3.0,4.0,3.0,3.0
2022,초6,,0.4219994817382989,3.6666666666666665,4.0,,4.0,4.0,3.0,4.0
2022,초5,,1.1710221207534954,3.6666666666666665,3.0,,3.0,4.0,4.0,3.0
2022,초5,,1.1710221207534954,4.0,4.0,,4.0,4.0,4.0,4.0
2022,초5,,1.1710221207534954,4.0,4.0,,4.0,4.0,4.0,4.0
2022,초5,,1.1710221207534954,3.3333333333333335,3.0,,3.0,4.0,3.0,3.0
2022,초5,,1.1710221207534954,4.0,3.0,,4.0,4.0,4.0,3.0
2022,초5,,1.1710221207534954,4.0,4.0,,4.0,4.0,4.0,4.0
2022,초5,,1.1710221207534954,3.6666666666666665,2.0,,4.0,4.0,3.0,2.0
2022,초5,,1.1710221207534954,3.3333333333333335,4.0,,3.0,3.0,4.0,4.0
2022,초5,,1.1710221207534954,4.0,4.0,,4.0,4.0,4.0,4.0
2022,초5,,1.1710221207534954,4.0,4.0,,4.0,4.0,4.0,4.0
2022,초5,,1.1710221207534954,3.3333333333333335,4.0,,3.0,4.0,3.0,4.0
2022,초5,,1.2132777343384502,3.6666666666666665,4.0,,3.0,4.0,4.0,4.0
2022,초5,,1.2132777343384502,3.6666666666666665,3.0,,4.0,4.0,3.0,3.0
2022,초5,,1.2132777343384502,4.0,4.0,,4.0,4.0,4.0,4.0
2022,초5,,1.2132777343384502,3.3333333333333335,3.0,,3.0,4.0,3.0,3.0
2022,초5,,1.2132777343384502,4.0,4.0,,4.0,4.0,4.0,4.0
2022,초5,,1.2132777343384502,3.6666666666666665,3.0,,4.0,4.0,3.0,3.0
2022,초5,,1.2132777343384502,3.3333333333333335,3.0,,3.0,3.0,4.0,3.0
2022,초5,,1.2132777343384502,4.0,4.0,,4.0,4.0,4.0,4.0
2022,초4,,1.0617543978033996,1.3333333333333333,1.0,,1.0,2.0,1.0,1.0
2022,초4,,1.0617543978033996,3.3333333333333335,2.0,,3.0,4.0,3.0,2.0
2022,초4,,1.0617543978033996,3.6666666666666665,2.0,,4.0,4.0,3.0,2.0
2022,초4,,1.0617543978033996,2.6666666666666665,3.0,,2.0,4.0,2.0,3.0
2022,초4,,1.0617543978033996,3.6666666666666665,3.0,,3.0,4.0,4.0,3.0
2022,초4,,1.0617543978033996,2.6666666666666665,2.0,,3.0,3.0,2.0,2.0
2022,초4,,1.0617543978033996,3.0,3.0,,3.0,3.0,3.0,3.0
2022,초4,,1.0617543978033996,2.3333333333333335,2.0,,3.0,3.0,1.0,2.0
2022,초4,,1.0617543978033996,3.6666666666666665,3.0,,4.0,4.0,3.0,3.0
2022,초4,,1.0617543978033996,3.6666666666666665,3.0,,4.0,4.0,3.0,3.0
2022,초4,,1.0617543978033996,3.3333333333333335,3.0,,3.0,4.0,3.0,3.0
2022,초4,,1.0617543978033996,3.6666666666666665,4.0,,3.0,4.0,4.0,4.0
2022,초4,,0.9851281761193403,3.6666666666666665,4.0,,4.0,4.0,3.0,4.0
2022,초4,,0.9851281761193403,3.0,3.0,,3.0,3.0,3.0,3.0
2022,초4,,0.9851281761193403,2.3333333333333335,3.0,,2.0,3.0,2.0,3.0
2022,초4,,0.9851281761193403,2.6666666666666665,1.0,,3.0,4.0,1.0,1.0
2022,초4,,0.9851281761193403,3.0,3.0,,3.0,3.0,3.0,3.0
2022,초4,,0.9851281761193403,2.3333333333333335,3.0,,2.0,2.0,3.0,3.0
2022,초4,,0.9851281761193403,3.0,4.0,,3.0,3.0,3.0,4.0
2022,초4,,0.9851281761193403,3.3333333333333335,3.0,,3.0,4.0,3.0,3.0
2022,초4,,0.9851281761193403,2.6666666666666665,2.0,,3.0,3.0,2.0,2.0
2022,초4,,0.9851281761193403,4.0,4.0,,4.0,4.0,4.0,4.0
2022,초4,,0.9851281761193403,2.3333333333333335,1.0,,3.0,3.0,1.0,1.0
2022,초4,,0.9851281761193403,3.3333333333333335,2.0,,3.0,4.0,3.0,2.0
2022,초6,,1.0834617388283172,3.3333333333333335,3.0,,3.0,4.0,3.0,3.0
2022,초6,,1.0834617388283172,3.3333333333333335,3.0,,3.0,4.0,3.0,3.0
2022,초6,,1.0834617388283172,2.6666666666666665,3.0,,3.0,3.0,2.0,3.0
2022,초6,,1.0834617388283172,4.0,4.0,,4.0,4.0,4.0,4.0
2022,초6,,1.0834617388283172,3.0,3.0,,3.0,3.0,3.0,3.0
2022,초6,,1.0834617388283172,4.0,4.0,,4.0,4.0,4.0,4.0
2022,초6,,1.0834617388283172,3.0,3.0,,3.0,3.0,3.0,3.0
2022,초6,,1.0834617388283172,2.0,1.0,,2.0,3.0,1.0,1.0
2022,초6,,1.0834617388283172,3.6666666666666665,4.0,,4.0,4.0,3.0,4.0
2022,초6,,1.0834617388283172,2.6666666666666665,2.0,,3.0,3.0,2.0,2.0
2022,초6,,0.7814153665822055,3.3333333333333335,3.0,,3.0,4.0,3.0,3.0
2022,초6,,0.7814153665822055,4.0,4.0,,4.0,4.0,4.0,4.0
2022,초6,,0.7814153665822055,3.0,3.0,,3.0,3.0,3.0,3.0
2022,초6,,0.7814153665822055,3.0,4.0,,3.0,3.0,3.0,4.0
2022,초6,,0.7814153665822055,3.0,3.0,,3.0,3.0,3.0,3.0
2022,초6,,0.7814153665822055,3.3333333333333335,3.0,,3.0,4.0,3.0,3.0
2022,초6,,0.7814153665822055,3.0,2.0,,2.0,4.0,3.0,2.0
2022,초6,,0.7814153665822055,4.0,4.0,,4.0,4.0,4.0,4.0
2022,초6,,0.7814153665822055,3.0,3.0,,3.0,3.0,3.0,3.0
2022,초6,,0.7814153665822055,2.6666666666666665,2.0,,3.0,3.0,2.0,2.0
2022,초6,,0.7814153665822055,3.3333333333333335,2.0,,3.0,4.0,3.0,2.0
2022,초6,,0.7814153665822055,3.3333333333333335,3.0,,3.0,4.0,3.0,3.0
2022,초6,,0.7814153665822055,4.0,4.0,,4.0,4.0,4.0,4.0
2022,초6,,0.7814153665822055,2.6666666666666665,3.0,,3.0,3.0,2.0,3.0
2022,초6,,0.7814153665822055,3.0,3.0,,2.0,4.0,3.0,3.0
2022,초4,,0.7963157983525498,1.6666666666666667,2.0,,3.0,1.0,1.0,2.0
2022,초4,,0.7963157983525498,2.0,2.0,,3.0,1.0,2.0,2.0
2022,초4,,0.7963157983525498,3.0,3.0,,3.0,3.0,3.0,3.0
2022,초4,,0.7963157983525498,2.6666666666666665,2.0,,3.0,2.0,3.0,2.0
2022,초4,,0.7963157983525498,3.0,3.0,,3.0,4.0,2.0,3.0
2022,초4,,0.7963157983525498,3.6666666666666665,3.0,,4.0,4.0,3.0,3.0
2022,초4,,0.7963157983525498,2.0,1.0,,3.0,2.0,1.0,1.0
2022,초4,,0.7963157983525498,3.3333333333333335,3.0,,4.0,3.0,3.0,3.0
2022,초4,,0.7963157983525498,3.0,3.0,,3.0,3.0,3.0,3.0
2022,초4,,0.7963157983525498,3.0,4.0,,3.0,3.0,3.0,4.0
2022,초4,,0.7963157983525498,2.6666666666666665,2.0,,3.0,3.0,2.0,2.0
2022,초4,,0.7963157983525498,3.3333333333333335,3.0,,3.0,4.0,3.0,3.0
2022,초4,,0.7963157983525498,2.6666666666666665,1.0,,3.0,3.0,2.0,1.0
2022,초4,,0.7963157983525498,3.3333333333333335,3.0,,3.0,4.0,3.0,3.0
2022,초4,,0.7963157983525498,3.3333333333333335,4.0,,3.0,3.0,4.0,4.0
2022,초4,,0.7963157983525498,2.6666666666666665,2.0,,3.0,3.0,2.0,2.0
2022,초4,,0.7388461320895052,3.0,3.0,,3.0,3.0,3.0,3.0
2022,초4,,0.7388461320895052,3.0,3.0,,3.0,3.0,3.0,3.0
2022,초4,,0.7388461320895052,3.0,3.0,,3.0,3.0,3.0,3.0
2022,초4,,0.7388461320895052,2.3333333333333335,1.0,,3.0,2.0,2.0,1.0
2022,초4,,0.7388461320895052,2.3333333333333335,2.0,,3.0,2.0,2.0,2.0
2022,초4,,0.7388461320895052,3.0,3.0,,3.0,3.0,3.0,3.0
2022,초4,,0.7388461320895052,2.6666666666666665,3.0,,3.0,3.0,2.0,3.0
2022,초4,,0.7388461320895052,2.3333333333333335,2.0,,2.0,3.0,2.0,2.0
2022,초4,,0.7388461320895052,1.6666666666666667,1.0,,3.0,1.0,1.0,1.0
2022,초4,,0.7388461320895052,2.6666666666666665,3.0,,3.0,3.0,2.0,3.0
2022,초4,,0.7388461320895052,2.6666666666666665,3.0,,4.0,2.0,2.0,3.0
2022,초4,,0.7388461320895052,2.0,1.0,,3.0,2.0,1.0,1.0
2022,초4,,0.7388461320895052,2.0,2.0,,3.0,1.0,2.0,2.0
2022,초4,,0.7388461320895052,2.0,4.0,,3.0,1.0,2.0,4.0
2022,초4,,0.7388461320895052,3.3333333333333335,4.0,,4.0,3.0,3.0,4.0
2022,초4,,0.7388461320895052,1.6666666666666667,3.0,,2.0,2.0,1.0,3.0
2022,초5,,0.9332905648757311,3.6666666666666665,4.0,,4.0,4.0,3.0,4.0
2022,초5,,0.9332905648757311,3.3333333333333335,4.0,,4.0,4.0,2.0,4.0
2022,초5,,0.9332905648757311,3.3333333333333335,4.0,,3.0,3.0,4.0,4.0
2022,초5,,0.9332905648757311,3.6666666666666665,3.0,,4.0,4.0,3.0,3.0
2022,초5,,0.9332905648757311,3.0,3.0,,3.0,3.0,3.0,3.0
2022,초5,,0.9332905648757311,2.6666666666666665,3.0,,3.0,3.0,2.0,3.0
2022,초5,,0.9332905648757311,2.6666666666666665,2.0,,3.0,3.0,2.0,2.0
2022,초5,,0.9332905648757311,3.3333333333333335,3.0,,3.0,4.0,3.0,3.0
2022,초5,,0.9332905648757311,3.3333333333333335,4.0,,3.0,4.0,3.0,4.0
2022,초5,,0.9332905648757311,3.3333333333333335,3.0,,3.0,4.0,3.0,3.0
2022,초5,,0.9332905648757311,3.3333333333333335,2.0,,4.0,4.0,2.0,2.0
2022,초5,,0.9332905648757311,2.6666666666666665,3.0,,3.0,3.0,2.0,3.0
2022,초5,,0.9332905648757311,3.6666666666666665,3.0,,4.0,4.0,3.0,3.0
2022,초5,,0.9007862467334581,3.0,4.0,,3.0,3.0,3.0,4.0
2022,초5,,0.9007862467334581,2.6666666666666665,3.0,,3.0,3.0,2.0,3.0
2022,초5,,0.9007862467334581,3.3333333333333335,4.0,,3.0,4.0,3.0,4.0
2022,초5,,0.9007862467334581,2.6666666666666665,2.0,,3.0,3.0,2.0,2.0
2022,초5,,0.9007862467334581,3.0,3.0,,3.0,3.0,3.0,3.0
2022,초5,,0.9007862467334581,4.0,4.0,,4.0,4.0,4.0,4.0
2022,초5,,0.9007862467334581,2.6666666666666665,1.0,,3.0,3.0,2.0,1.0
2022,초5,,0.9007862467334581,3.6666666666666665,4.0,,4.0,4.0,3.0,4.0
2022,초5,,0.9007862467334581,3.6666666666666665,4.0,,4.0,4.0,3.0,4.0
2022,초5,,0.9007862467334581,4.0,4.0,,4.0,4.0,4.0,4.0
2022,초5,,0.9007862467334581,3.3333333333333335,3.0,,3.0,4.0,3.0,3.0
2022,초5,,0.9007862467334581,2.6666666666666665,3.0,,3.0,3.0,2.0,3.0
2022,초5,,0.9007862467334581,3.0,3.0,,3.0,3.0,3.0,3.0
2022,초6,,1.0032053137299233,2.0,4.0,,2.0,3.0,1.0,4.0
2022,초6,,1.0032053137299233,3.0,3.0,,3.0,3.0,3.0,3.0
2022,초6,,1.0032053137299233,1.3333333333333333,3.0,,2.0,1.0,1.0,3.0
2022,초6,,1.0032053137299233,3.6666666666666665,3.0,,4.0,4.0,3.0,3.0
2022,초6,,1.0032053137299233,3.0,2.0,,3.0,4.0,2.0,2.0
2022,초6,,1.0032053137299233,3.6666666666666665,4.0,,3.0,4.0,4.0,4.0
2022,초6,,1.0032053137299233,4.0,4.0,,4.0,4.0,4.0,4.0
2022,초6,,1.0032053137299233,3.0,3.0,,3.0,3.0,3.0,3.0
2022,초6,,1.0032053137299233,3.0,2.0,,3.0,3.0,3.0,2.0
2022,초6,,1.0032053137299233,3.0,3.0,,4.0,3.0,2.0,3.0
2022,초6,,1.0032053137299233,2.6666666666666665,2.0,,2.0,3.0,3.0,2.0
2022,초6,,1.0032053137299233,3.0,3.0,,3.0,3.0,3.0,3.0
2022,초6,,0.7235327468353754,4.0,4.0,,4.0,4.0,4.0,4.0
2022,초6,,0.7235327468353754,3.3333333333333335,2.0,,3.0,4.0,3.0,2.0
2022,초6,,0.7235327468353754,3.3333333333333335,4.0,,3.0,4.0,3.0,4.0
2022,초6,,0.7235327468353754,3.0,3.0,,3.0,3.0,3.0,3.0
2022,초6,,0.7235327468353754,4.0,4.0,,4.0,4.0,4.0,4.0
2022,초6,,0.7235327468353754,3.6666666666666665,4.0,,3.0,4.0,4.0,4.0
2022,초6,,0.7235327468353754,3.0,2.0,,3.0,3.0,3.0,2.0
2022,초6,,0.7235327468353754,2.6666666666666665,2.0,,3.0,3.0,2.0,2.0
2022,초6,,0.7235327468353754,3.0,4.0,,3.0,3.0,3.0,4.0
2022,초6,,0.7235327468353754,2.3333333333333335,3.0,,2.0,3.0,2.0,3.0
2022,초6,,0.7235327468353754,3.3333333333333335,3.0,,3.0,4.0,3.0,3.0
2022,초6,,0.7235327468353754,3.0,3.0,,3.0,4.0,2.0,3.0
2022,초6,,0.7235327468353754,1.0,1.0,,1.0,1.0,1.0,1.0
2022,초6,,0.7235327468353754,2.6666666666666665,4.0,,3.0,3.0,2.0,4.0
2022,초5,,1.0899388737635183,3.6666666666666665,2.0,,4.0,4.0,3.0,2.0
2022,초5,,1.0899388737635183,3.6666666666666665,3.0,,4.0,4.0,3.0,3.0
2022,초5,,1.0899388737635183,3.6666666666666665,3.0,,4.0,4.0,3.0,3.0
2022,초5,,1.0899388737635183,3.6666666666666665,3.0,,4.0,4.0,3.0,3.0
2022,초5,,1.0899388737635183,3.0,3.0,,3.0,3.0,3.0,3.0
2022,초5,,1.0899388737635183,3.6666666666666665,3.0,,4.0,4.0,3.0,3.0
2022,초5,,1.0899388737635183,3.3333333333333335,3.0,,4.0,4.0,2.0,3.0
2022,초5,,1.0899388737635183,2.3333333333333335,3.0,,2.0,3.0,2.0,3.0
2022,초5,,1.0899388737635183,3.3333333333333335,4.0,,3.0,4.0,3.0,4.0
2022,초5,,1.0899388737635183,3.0,3.0,,3.0,3.0,3.0,3.0
2022,초5,,1.0899388737635183,3.3333333333333335,3.0,,3.0,4.0,3.0,3.0
2022,초5,,1.0899388737635183,3.0,2.0,,3.0,3.0,3.0,2.0
2022,초5,,0.7899982273624546,2.6666666666666665,3.0,,3.0,3.0,2.0,3.0
2022,초5,,0.7899982273624546,3.3333333333333335,2.0,,3.0,4.0,3.0,2.0
2022,초5,,0.7899982273624546,4.0,4.0,,4.0,4.0,4.0,4.0
2022,초5,,0.7899982273624546,4.0,4.0,,4.0,4.0,4.0,4.0
2022,초5,,0.7899982273624546,2.6666666666666665,3.0,,3.0,3.0,2.0,3.0
2022,초5,,0.7899982273624546,3.6666666666666665,3.0,,4.0,4.0,3.0,3.0
2022,초5,,0.7899982273624546,3.6666666666666665,4.0,,4.0,4.0,3.0,4.0
2022,초5,,0.7899982273624546,3.0,3.0,,3.0,3.0,3.0,3.0
2022,초5,,0.7899982273624546,3.6666666666666665,4.0,,4.0,4.0,3.0,4.0
2022,초5,,0.7899982273624546,4.0,2.0,,4.0,4.0,4.0,2.0
2022,초5,,0.7899982273624546,4.0,3.0,,4.0,4.0,4.0,3.0
2022,초5,,0.7899982273624546,2.3333333333333335,1.0,,3.0,3.0,1.0,1.0
2022,초5,,0.7899982273624546,3.0,3.0,,3.0,3.0,3.0,3.0
2022,초5,,0.7899982273624546,4.0,4.0,,4.0,4.0,4.0,4.0
2022,초4,,1.131007780624367,3.6666666666666665,3.0,,4.0,4.0,3.0,3.0
2022,초4,,1.131007780624367,4.0,4.0,,4.0,4.0,4.0,4.0
2022,초4,,1.302948134706684,3.0,3.0,,3.0,3.0,3.0,3.0
2022,초4,,1.131007780624367,3.0,3.0,,3.0,3.0,3.0,3.0
2022,초4,,1.131007780624367,4.0,4.0,,4.0,4.0,4.0,4.0
2022,초4,,1.131007780624367,3.0,2.0,,3.0,3.0,3.0,2.0
2022,초4,,1.131007780624367,3.0,2.0,,3.0,3.0,3.0,2.0
2022,초4,,1.131007780624367,3.6666666666666665,4.0,,4.0,4.0,3.0,4.0
2022,초4,,1.131007780624367,3.6666666666666665,3.0,,4.0,4.0,3.0,3.0
2022,초4,,1.131007780624367,3.0,3.0,,3.0,3.0,3.0,3.0
2022,초4,,1.131007780624367,3.3333333333333335,4.0,,4.0,3.0,3.0,4.0
2022,초4,,1.131007780624367,3.3333333333333335,4.0,,3.0,4.0,3.0,4.0
2022,초4,,1.131007780624367,3.3333333333333335,2.0,,3.0,4.0,3.0,2.0
2022,초4,,1.302948134706684,3.6666666666666665,4.0,,4.0,3.0,4.0,4.0
2022,초4,,1.302948134706684,4.0,3.0,,4.0,4.0,4.0,3.0
2022,초4,,1.302948134706684,3.6666666666666665,4.0,,3.0,4.0,4.0,4.0
2022,초4,,1.302948134706684,3.6666666666666665,3.0,,4.0,4.0,3.0,3.0
2022,초4,,1.302948134706684,3.3333333333333335,4.0,,3.0,4.0,3.0,4.0
2022,초4,,1.302948134706684,3.6666666666666665,4.0,,4.0,4.0,3.0,4.0
2022,초4,,1.302948134706684,3.6666666666666665,4.0,,4.0,4.0,3.0,4.0
2022,초4,,1.08579011225557,3.0,3.0,,3.0,3.0,3.0,3.0
2022,초4,,1.08579011225557,4.0,4.0,,4.0,4.0,4.0,4.0
2022,초4,,1.08579011225557,3.0,2.0,,3.0,4.0,2.0,2.0
2022,초4,,1.08579011225557,3.3333333333333335,3.0,,3.0,4.0,3.0,3.0
2022,초4,,1.08579011225557,3.0,3.0,,3.0,3.0,3.0,3.0
2022,초4,,1.08579011225557,3.0,3.0,,3.0,3.0,3.0,3.0
2022,초4,,1.08579011225557,2.0,1.0,,2.0,3.0,1.0,1.0
2022,초4,,1.08579011225557,3.3333333333333335,4.0,,3.0,4.0,3.0,4.0
2022,초4,,1.08579011225557,3.0,3.0,,3.0,4.0,2.0,3.0
2022,초4,,1.08579011225557,3.0,3.0,,3.0,4.0,2.0,3.0
2022,초4,,1.08579011225557,3.6666666666666665,4.0,,3.0,4.0,4.0,4.0
2022,초4,,0.9425064838536391,3.3333333333333335,3.0,,3.0,4.0,3.0,3.0
2022,초4,,0.9425064838536391,3.6666666666666665,3.0,,4.0,4.0,3.0,3.0
2022,초4,,0.9425064838536391,3.3333333333333335,3.0,,3.0,4.0,3.0,3.0
2022,초4,,0.9425064838536391,3.0,2.0,,3.0,4.0,2.0,2.0
2022,초4,,0.9425064838536391,3.6666666666666665,2.0,,4.0,4.0,3.0,2.0
2022,초4,,0.9425064838536391,2.6666666666666665,3.0,,3.0,3.0,2.0,3.0
2022,초4,,0.9425064838536391,3.6666666666666665,3.0,,4.0,4.0,3.0,3.0
2022,초4,,0.9425064838536391,3.3333333333333335,3.0,,3.0,4.0,3.0,3.0
2022,초4,,0.9425064838536391,3.3333333333333335,4.0,,3.0,4.0,3.0,4.0
2022,초4,,0.9425064838536391,3.3333333333333335,4.0,,3.0,4.0,3.0,4.0
2022,초4,,0.9425064838536391,3.6666666666666665,4.0,,3.0,4.0,4.0,4.0
2022,초4,,0.9425064838536391,3.6666666666666665,3.0,,4.0,4.0,3.0,3.0
2022,초4,,0.9425064838536391,3.3333333333333335,3.0,,3.0,4.0,3.0,3.0
2022,초6,,0.7214917628842697,3.3333333333333335,3.0,,3.0,4.0,3.0,3.0
2022,초6,,0.7214917628842697,3.6666666666666665,4.0,,4.0,3.0,4.0,4.0
2022,초6,,0.7214917628842697,3.0,2.0,,3.0,3.0,3.0,2.0
2022,초6,,0.7214917628842697,3.0,3.0,,3.0,4.0,2.0,3.0
2022,초6,,0.7214917628842697,2.3333333333333335,2.0,,3.0,2.0,2.0,2.0
2022,초6,,0.7214917628842697,3.3333333333333335,3.0,,3.0,4.0,3.0,3.0
2022,초6,,0.7214917628842697,3.0,3.0,,3.0,3.0,3.0,3.0
2022,초6,,0.7214917628842697,2.6666666666666665,2.0,,3.0,3.0,2.0,2.0
2022,초6,,0.7214917628842697,3.0,2.0,,3.0,3.0,3.0,2.0
2022,초6,,1.0743075989704132,2.6666666666666665,3.0,,3.0,3.0,2.0,3.0
2022,초6,,1.0743075989704132,3.3333333333333335,2.0,,4.0,4.0,2.0,2.0
2022,초6,,1.0743075989704132,2.6666666666666665,2.0,,3.0,3.0,2.0,2.0
2022,초6,,1.0743075989704132,2.6666666666666665,3.0,,3.0,3.0,2.0,3.0
2022,초6,,1.0743075989704132,2.3333333333333335,1.0,,3.0,3.0,1.0,1.0
2022,초6,,1.0743075989704132,3.0,3.0,,3.0,3.0,3.0,3.0
2022,초6,,1.0743075989704132,3.6666666666666665,3.0,,4.0,3.0,4.0,3.0
2022,초6,,1.0743075989704132,3.0,3.0,,3.0,3.0,3.0,3.0
2022,초6,,1.0743075989704132,2.3333333333333335,1.0,,3.0,3.0,1.0,1.0
2022,초6,,1.0743075989704132,2.6666666666666665,4.0,,4.0,3.0,1.0,4.0
2022,초6,,0.7214917628842697,3.0,3.0,,3.0,3.0,3.0,3.0
2022,초6,,0.7214917628842697,3.0,2.0,,3.0,3.0,3.0,2.0
2022,초6,,0.7214917628842697,2.6666666666666665,3.0,,3.0,2.0,3.0,3.0
2022,초6,,0.7214917628842697,3.0,2.0,,4.0,3.0,2.0,2.0
2022,초6,,0.7214917628842697,3.3333333333333335,4.0,,4.0,3.0,3.0,4.0
2022,초6,,0.7214917628842697,3.0,3.0,,3.0,3.0,3.0,3.0
2022,초6,,0.7214917628842697,2.3333333333333335,2.0,,3.0,2.0,2.0,2.0
2022,초5,,1.1335364287140588,3.0,1.0,,2.0,4.0,3.0,1.0
2022,초5,,1.1335364287140588,3.3333333333333335,2.0,,3.0,4.0,3.0,2.0
2022,초5,,1.1335364287140588,3.6666666666666665,3.0,,4.0,4.0,3.0,3.0
2022,초5,,1.1335364287140588,3.0,3.0,,3.0,3.0,3.0,3.0
2022,초5,,1.1335364287140588,3.6666666666666665,4.0,,4.0,4.0,3.0,4.0
2022,초5,,1.1335364287140588,3.6666666666666665,4.0,,4.0,4.0,3.0,4.0
2022,초5,,1.1335364287140588,3.0,4.0,,3.0,3.0,3.0,4.0
2022,초5,,1.1335364287140588,1.0,1.0,,1.0,1.0,1.0,1.0
2022,초5,,1.1335364287140588,4.0,4.0,,4.0,4.0,4.0,4.0
2022,초5,,1.1335364287140588,3.6666666666666665,3.0,,3.0,4.0,4.0,3.0
2022,초5,,1.1335364287140588,3.6666666666666665,3.0,,4.0,4.0,3.0,3.0
2022,초5,,0.8215981564569528,3.3333333333333335,2.0,,3.0,4.0,3.0,2.0
2022,초5,,0.8215981564569528,3.6666666666666665,3.0,,4.0,4.0,3.0,3.0
2022,초5,,0.8215981564569528,3.6666666666666665,3.0,,3.0,4.0,4.0,3.0
2022,초5,,0.8215981564569528,3.3333333333333335,4.0,,3.0,4.0,3.0,4.0
2022,초5,,0.8215981564569528,4.0,4.0,,4.0,4.0,4.0,4.0
2022,초5,,0.8215981564569528,3.3333333333333335,4.0,,3.0,4.0,3.0,4.0
2022,초5,,0.8215981564569528,1.0,1.0,,1.0,1.0,1.0,1.0
2022,초5,,0.8215981564569528,3.3333333333333335,3.0,,3.0,4.0,3.0,3.0
2022,초5,,0.8215981564569528,3.6666666666666665,3.0,,4.0,4.0,3.0,3.0
2022,초5,,0.8215981564569528,3.3333333333333335,4.0,,3.0,4.0,3.0,4.0
2022,초5,,0.8215981564569528,3.0,3.0,,3.0,3.0,3.0,3.0
2022,초5,,0.8215981564569528,4.0,3.0,,4.0,4.0,4.0,3.0
2022,초5,,0.8215981564569528,4.0,4.0,,4.0,4.0,4.0,4.0
2022,초5,,1.1807671132438111,3.3333333333333335,3.0,,3.0,4.0,3.0,3.0
2022,초5,,1.1807671132438111,2.6666666666666665,3.0,,3.0,3.0,2.0,3.0
2022,초5,,1.1807671132438111,3.6666666666666665,3.0,,4.0,4.0,3.0,3.0
2022,초5,,1.1807671132438111,4.0,4.0,,4.0,4.0,4.0,4.0
2022,초5,,1.1807671132438111,4.0,4.0,,4.0,4.0,4.0,4.0
2022,초5,,1.1807671132438111,3.0,1.0,,4.0,4.0,1.0,1.0
2022,초5,,1.1807671132438111,3.6666666666666665,3.0,,4.0,4.0,3.0,3.0
2022,초5,,1.1807671132438111,3.3333333333333335,3.0,,3.0,4.0,3.0,3.0
2022,초5,,1.1807671132438111,3.0,3.0,,3.0,3.0,3.0,3.0
2022,초5,,1.1807671132438111,3.3333333333333335,3.0,,3.0,4.0,3.0,3.0
2022,초5,,0.8558314129759924,3.3333333333333335,3.0,,3.0,4.0,3.0,3.0
2022,초5,,0.8558314129759924,3.0,2.0,,3.0,3.0,3.0,2.0
2022,초5,,0.8558314129759924,3.3333333333333335,1.0,,3.0,4.0,3.0,1.0
2022,초5,,0.8558314129759924,3.6666666666666665,3.0,,4.0,4.0,3.0,3.0
2022,초5,,0.8558314129759924,3.6666666666666665,3.0,,3.0,4.0,4.0,3.0
2022,초5,,0.8558314129759924,4.0,4.0,,4.0,4.0,4.0,4.0
2022,초5,,0.8558314129759924,3.6666666666666665,2.0,,4.0,4.0,3.0,2.0
2022,초5,,0.8558314129759924,3.0,2.0,,2.0,4.0,3.0,2.0
2022,초5,,0.8558314129759924,4.0,4.0,,4.0,4.0,4.0,4.0
2022,초5,,0.8558314129759924,4.0,2.0,,4.0,4.0,4.0,2.0
2022,초5,,0.8558314129759924,4.0,4.0,,4.0,4.0,4.0,4.0
2022,초5,,0.8558314129759924,3.3333333333333335,3.0,,3.0,4.0,3.0,3.0
2022,초5,,0.8558314129759924,3.6666666666666665,3.0,,4.0,4.0,3.0,3.0
2022,초5,,0.8558314129759924,3.3333333333333335,3.0,,2.0,4.0,4.0,3.0
2022,초6,,1.0345184286381757,3.0,3.0,,3.0,3.0,3.0,3.0
2022,초6,,1.0345184286381757,3.3333333333333335,3.0,,3.0,4.0,3.0,3.0
2022,초6,,1.0345184286381757,3.6666666666666665,4.0,,3.0,4.0,4.0,4.0
2022,초6,,1.0345184286381757,3.6666666666666665,3.0,,4.0,4.0,3.0,3.0
2022,초6,,1.0345184286381757,4.0,4.0,,4.0,4.0,4.0,4.0
2022,초6,,1.0345184286381757,4.0,4.0,,4.0,4.0,4.0,4.0
2022,초6,,1.0345184286381757,2.6666666666666665,2.0,,3.0,3.0,2.0,2.0
2022,초6,,0.6947698457404079,3.3333333333333335,3.0,,3.0,4.0,3.0,3.0
2022,초6,,0.6947698457404079,3.0,2.0,,3.0,3.0,3.0,2.0
2022,초6,,0.6947698457404079,3.3333333333333335,3.0,,3.0,4.0,3.0,3.0
2022,초6,,0.6947698457404079,4.0,4.0,,4.0,4.0,4.0,4.0
2022,초6,,0.6947698457404079,2.6666666666666665,2.0,,1.0,3.0,4.0,2.0
2022,초6,,0.6947698457404079,3.0,1.0,,3.0,4.0,2.0,1.0
2022,초6,,0.6947698457404079,3.3333333333333335,3.0,,4.0,3.0,3.0,3.0
2022,초6,,0.6947698457404079,2.3333333333333335,2.0,,2.0,3.0,2.0,2.0
2022,초6,,1.0345184286381757,3.0,2.0,,3.0,3.0,3.0,2.0
2022,초6,,1.0345184286381757,4.0,4.0,,4.0,4.0,4.0,4.0
2022,초6,,0.6947698457404079,2.6666666666666665,3.0,,2.0,3.0,3.0,3.0
2022,초6,,1.0345184286381757,3.0,3.0,,3.0,4.0,2.0,3.0
2022,초6,,0.6947698457404079,3.0,2.0,,3.0,4.0,2.0,2.0
2022,초6,,0.6947698457404079,3.3333333333333335,3.0,,3.0,4.0,3.0,3.0
2022,초6,,1.0345184286381757,3.6666666666666665,3.0,,4.0,4.0,3.0,3.0
2022,초6,,1.0345184286381757,2.6666666666666665,1.0,,3.0,4.0,1.0,1.0
2022,초6,,1.0345184286381757,3.0,4.0,,3.0,3.0,3.0,4.0
2022,초6,,1.0345184286381757,3.6666666666666665,2.0,,4.0,4.0,3.0,2.0
2022,초6,,1.0345184286381757,4.0,4.0,,4.0,4.0,4.0,4.0
2022,초4,,0.9306772390762028,3.6666666666666665,3.0,,4.0,4.0,3.0,3.0
2022,초4,,0.9306772390762028,3.6666666666666665,4.0,,3.0,4.0,4.0,4.0
2022,초4,,0.9306772390762028,3.6666666666666665,3.0,,3.0,4.0,4.0,3.0
2022,초4,,0.9306772390762028,3.6666666666666665,4.0,,4.0,4.0,3.0,4.0
2022,초4,,0.9306772390762028,4.0,4.0,,4.0,4.0,4.0,4.0
2022,초4,,0.9306772390762028,3.6666666666666665,4.0,,3.0,4.0,4.0,4.0
2022,초4,,0.9306772390762028,3.6666666666666665,3.0,,3.0,4.0,4.0,3.0
2022,초4,,0.9306772390762028,3.6666666666666665,4.0,,3.0,4.0,4.0,4.0
2022,초4,,0.9306772390762028,3.6666666666666665,4.0,,3.0,4.0,4.0,4.0
2022,초4,,0.9306772390762028,2.6666666666666665,4.0,,2.0,3.0,3.0,4.0
2022,초4,,0.9306772390762028,3.0,2.0,,2.0,4.0,3.0,2.0
2022,초4,,0.9306772390762028,3.6666666666666665,3.0,,4.0,4.0,3.0,3.0
2022,초4,,0.9306772390762028,3.3333333333333335,3.0,,3.0,4.0,3.0,3.0
2022,초4,,0.9306772390762028,3.6666666666666665,3.0,,4.0,4.0,3.0,3.0
2022,초4,,0.9306772390762028,3.0,4.0,,3.0,3.0,3.0,4.0
2022,초4,,0.9306772390762028,3.6666666666666665,4.0,,4.0,4.0,3.0,4.0
2022,초4,,0.8078627004459764,3.6666666666666665,3.0,,4.0,4.0,3.0,3.0
2022,초4,,0.8078627004459764,3.0,3.0,,3.0,3.0,3.0,3.0
2022,초4,,0.8078627004459764,3.3333333333333335,3.0,,3.0,4.0,3.0,3.0
2022,초4,,0.8078627004459764,3.3333333333333335,3.0,,3.0,4.0,3.0,3.0
2022,초4,,0.8078627004459764,3.6666666666666665,4.0,,3.0,4.0,4.0,4.0
2022,초4,,0.8078627004459764,3.3333333333333335,3.0,,3.0,4.0,3.0,3.0
2022,초4,,0.8078627004459764,3.3333333333333335,3.0,,3.0,3.0,4.0,3.0
2022,초4,,0.8078627004459764,3.3333333333333335,2.0,,4.0,4.0,2.0,2.0
2022,초4,,0.8078627004459764,3.0,2.0,,3.0,4.0,2.0,2.0
2022,초4,,0.8078627004459764,3.3333333333333335,2.0,,3.0,4.0,3.0,2.0
2022,초4,,0.8078627004459764,3.3333333333333335,2.0,,3.0,4.0,3.0,2.0
2022,초6,,0.9873045176311059,3.6666666666666665,3.0,,4.0,4.0,3.0,3.0
2022,초6,,0.9873045176311059,3.3333333333333335,2.0,,4.0,4.0,2.0,2.0
2022,초6,,0.9873045176311059,4.0,3.0,,4.0,4.0,4.0,3.0
2022,초6,,0.9873045176311059,4.0,4.0,,4.0,4.0,4.0,4.0
2022,초6,,0.9873045176311059,3.6666666666666665,4.0,,4.0,4.0,3.0,4.0
2022,초6,,0.9873045176311059,3.6666666666666665,3.0,,3.0,4.0,4.0,3.0
2022,초6,,0.9873045176311059,3.3333333333333335,2.0,,3.0,4.0,3.0,2.0
2022,초6,,0.9873045176311059,3.6666666666666665,3.0,,4.0,4.0,3.0,3.0
2022,초6,,0.9873045176311059,3.3333333333333335,3.0,,3.0,4.0,3.0,3.0
2022,초6,,0.9873045176311059,4.0,4.0,,4.0,4.0,4.0,4.0
2022,초6,,0.9873045176311059,3.3333333333333335,3.0,,3.0,4.0,3.0,3.0
2022,초6,,0.9873045176311059,3.0,3.0,,3.0,3.0,3.0,3.0
2022,초6,,1.4701051354331969,3.3333333333333335,2.0,,4.0,4.0,2.0,2.0
2022,초6,,1.4701051354331969,3.6666666666666665,3.0,,4.0,4.0,3.0,3.0
2022,초6,,1.4701051354331969,3.6666666666666665,3.0,,4.0,4.0,3.0,3.0
2022,초6,,1.4701051354331969,3.0,3.0,,3.0,3.0,3.0,3.0
2022,초6,,1.4701051354331969,2.6666666666666665,3.0,,3.0,3.0,2.0,3.0
2022,초6,,1.4701051354331969,3.0,2.0,,3.0,3.0,3.0,2.0
2022,초5,,1.24397303366803,3.0,2.0,,2.0,4.0,3.0,2.0
2022,초5,,1.24397303366803,3.3333333333333335,3.0,,2.0,4.0,4.0,3.0
2022,초5,,1.24397303366803,3.6666666666666665,3.0,,4.0,4.0,3.0,3.0
2022,초5,,1.24397303366803,2.6666666666666665,2.0,,3.0,3.0,2.0,2.0
2022,초5,,1.24397303366803,4.0,4.0,,4.0,4.0,4.0,4.0
2022,초5,,1.24397303366803,2.6666666666666665,2.0,,2.0,3.0,3.0,2.0
2022,초5,,1.24397303366803,4.0,3.0,,4.0,4.0,4.0,3.0
2022,초5,,1.24397303366803,3.0,3.0,,2.0,4.0,3.0,3.0
2022,초5,,1.24397303366803,4.0,4.0,,4.0,4.0,4.0,4.0
2022,초5,,1.24397303366803,4.0,4.0,,4.0,4.0,4.0,4.0
2022,초5,,1.24397303366803,3.3333333333333335,3.0,,3.0,4.0,3.0,3.0
2022,초5,,1.24397303366803,3.3333333333333335,3.0,,3.0,4.0,3.0,3.0
2022,초5,,1.1701231243638275,4.0,4.0,,4.0,4.0,4.0,4.0
2022,초5,,1.1701231243638275,4.0,4.0,,4.0,4.0,4.0,4.0
2022,초5,,1.1701231243638275,4.0,4.0,,4.0,4.0,4.0,4.0
2022,초5,,1.1701231243638275,3.0,3.0,,3.0,4.0,2.0,3.0
2022,초5,,1.1701231243638275,3.3333333333333335,3.0,,3.0,4.0,3.0,3.0
2022,초5,,1.1701231243638275,3.3333333333333335,4.0,,3.0,4.0,3.0,4.0
2022,초5,,1.1701231243638275,3.3333333333333335,3.0,,3.0,4.0,3.0,3.0
2022,초5,,1.1701231243638275,3.3333333333333335,4.0,,3.0,3.0,4.0,4.0
2022,초5,,1.1701231243638275,3.6666666666666665,4.0,,3.0,4.0,4.0,4.0
2022,초5,,1.1701231243638275,4.0,4.0,,4.0,4.0,4.0,4.0
2022,초5,,1.1701231243638275,3.6666666666666665,4.0,,3.0,4.0,4.0,4.0
2022,초5,,1.1701231243638275,4.0,4.0,,4.0,4.0,4.0,4.0
2022,초6,,1.0962213905618672,3.6666666666666665,2.0,,4.0,4.0,3.0,2.0
2022,초6,,1.024259373675968,4.0,3.0,,4.0,4.0,4.0,3.0
2022,초6,,1.024259373675968,3.6666666666666665,3.0,,4.0,4.0,3.0,3.0
2022,초6,,1.024259373675968,2.3333333333333335,2.0,,2.0,3.0,2.0,2.0
2022,초6,,1.024259373675968,3.6666666666666665,4.0,,3.0,4.0,4.0,4.0
2022,초6,,1.024259373675968,1.0,1.0,,1.0,1.0,1.0,1.0
2022,초6,,1.0962213905618672,3.3333333333333335,3.0,,3.0,4.0,3.0,3.0
2022,초6,,1.0962213905618672,3.3333333333333335,3.0,,3.0,4.0,3.0,3.0
2022,초6,,1.0962213905618672,4.0,4.0,,4.0,4.0,4.0,4.0
2022,초6,,1.0962213905618672,3.0,3.0,,3.0,3.0,3.0,3.0
2022,초6,,1.0962213905618672,4.0,4.0,,4.0,4.0,4.0,4.0
2022,초6,,1.0962213905618672,3.6666666666666665,4.0,,3.0,4.0,4.0,4.0
2022,초6,,1.0962213905618672,2.3333333333333335,1.0,,2.0,3.0,2.0,1.0
2022,초6,,1.0962213905618672,4.0,4.0,,4.0,4.0,4.0,4.0
2022,초6,,1.0962213905618672,3.3333333333333335,3.0,,3.0,4.0,3.0,3.0
2022,초6,,1.0962213905618672,3.0,3.0,,3.0,3.0,3.0,3.0
2022,초6,,1.0962213905618672,3.0,3.0,,2.0,4.0,3.0,3.0
2022,초6,,1.024259373675968,3.0,3.0,,3.0,3.0,3.0,3.0
2022,초6,,1.024259373675968,3.6666666666666665,4.0,,3.0,4.0,4.0,4.0
2022,초6,,1.024259373675968,4.0,4.0,,4.0,4.0,4.0,4.0
2022,초6,,1.024259373675968,3.6666666666666665,4.0,,4.0,4.0,3.0,4.0
2022,초6,,1.024259373675968,3.6666666666666665,4.0,,3.0,4.0,4.0,4.0
2022,초6,,1.024259373675968,3.6666666666666665,4.0,,3.0,4.0,4.0,4.0
2022,초6,,1.024259373675968,4.0,4.0,,4.0,4.0,4.0,4.0
2022,초6,,1.024259373675968,4.0,4.0,,4.0,4.0,4.0,4.0
2022,초4,,1.2946527310119411,2.6666666666666665,2.0,,1.0,4.0,3.0,2.0
2022,초4,,1.2946527310119411,2.6666666666666665,2.0,,2.0,3.0,3.0,2.0
2022,초4,,1.2946527310119411,3.6666666666666665,3.0,,4.0,4.0,3.0,3.0
2022,초4,,1.2946527310119411,3.6666666666666665,4.0,,3.0,4.0,4.0,4.0
2022,초4,,1.2946527310119411,4.0,4.0,,4.0,4.0,4.0,4.0
2022,초4,,1.2946527310119411,3.6666666666666665,4.0,,3.0,4.0,4.0,4.0
2022,초4,,1.2946527310119411,3.6666666666666665,4.0,,3.0,4.0,4.0,4.0
2022,초4,,1.2946527310119411,3.3333333333333335,3.0,,3.0,4.0,3.0,3.0
2022,초4,,1.2946527310119411,3.6666666666666665,2.0,,3.0,4.0,4.0,2.0
2022,초4,,1.2946527310119411,3.3333333333333335,3.0,,3.0,4.0,3.0,3.0
2022,초4,,1.2946527310119411,4.0,4.0,,4.0,4.0,4.0,4.0
2022,초4,,1.2946527310119411,4.0,4.0,,4.0,4.0,4.0,4.0
2022,초4,,1.0030349328320627,2.6666666666666665,2.0,,2.0,4.0,2.0,2.0
2022,초4,,1.0030349328320627,4.0,4.0,,4.0,4.0,4.0,4.0
2022,초4,,1.0030349328320627,3.6666666666666665,4.0,,3.0,4.0,4.0,4.0
2022,초4,,1.0030349328320627,3.6666666666666665,4.0,,3.0,4.0,4.0,4.0
2022,초4,,1.0030349328320627,3.0,4.0,,4.0,4.0,1.0,4.0
2022,초4,,1.0030349328320627,3.3333333333333335,4.0,,3.0,4.0,3.0,4.0
2022,초4,,1.0030349328320627,4.0,4.0,,4.0,4.0,4.0,4.0
2022,초4,,1.0030349328320627,3.3333333333333335,4.0,,3.0,4.0,3.0,4.0
2022,초4,,1.0030349328320627,3.3333333333333335,3.0,,3.0,4.0,3.0,3.0
2022,초4,,1.0030349328320627,3.6666666666666665,2.0,,4.0,4.0,3.0,2.0
2022,초4,,1.0030349328320627,3.6666666666666665,4.0,,3.0,4.0,4.0,4.0
2022,초4,,1.0030349328320627,3.0,2.0,,3.0,4.0,2.0,2.0
2022,초4,,1.0030349328320627,3.6666666666666665,4.0,,4.0,4.0,3.0,4.0
2022,초4,,1.0030349328320627,2.3333333333333335,1.0,,3.0,3.0,1.0,1.0
2022,초6,,1.024259373675968,3.3333333333333335,3.0,,4.0,3.0,3.0,3.0
2022,초6,,1.024259373675968,3.0,2.0,,2.0,4.0,3.0,2.0
2022,초6,,1.024259373675968,3.0,4.0,,2.0,4.0,3.0,4.0
2022,초6,,1.024259373675968,3.0,3.0,,4.0,2.0,3.0,3.0
2022,초6,,1.024259373675968,3.0,3.0,,3.0,4.0,2.0,3.0
2022,초6,,1.0962213905618672,3.0,2.0,,3.0,3.0,3.0,2.0
2022,초6,,1.024259373675968,3.6666666666666665,4.0,,3.0,4.0,4.0,4.0
2022,초6,,1.024259373675968,4.0,4.0,,4.0,4.0,4.0,4.0
2022,초6,,1.024259373675968,3.6666666666666665,3.0,,4.0,4.0,3.0,3.0
2022,초6,,1.024259373675968,3.0,3.0,,3.0,3.0,3.0,3.0
2022,초6,,1.024259373675968,4.0,4.0,,4.0,4.0,4.0,4.0
2022,초6,,1.024259373675968,4.0,3.0,,4.0,4.0,4.0,3.0
2022,초6,,1.024259373675968,2.6666666666666665,1.0,,2.0,4.0,2.0,1.0
2022,초6,,1.0962213905618672,3.0,3.0,,3.0,3.0,3.0,3.0
2022,초6,,1.0962213905618672,3.0,4.0,,3.0,3.0,3.0,4.0
2022,초6,,1.0962213905618672,4.0,4.0,,4.0,4.0,4.0,4.0
2022,초6,,1.0962213905618672,4.0,4.0,,4.0,4.0,4.0,4.0
2022,초6,,1.0962213905618672,3.3333333333333335,3.0,,4.0,4.0,2.0,3.0
2022,초6,,1.0962213905618672,3.0,3.0,,3.0,3.0,3.0,3.0
2022,초6,,1.0962213905618672,3.6666666666666665,3.0,,4.0,4.0,3.0,3.0
2022,초6,,1.0962213905618672,3.6666666666666665,2.0,,4.0,4.0,3.0,2.0
2022,초6,,1.0962213905618672,3.6666666666666665,3.0,,4.0,4.0,3.0,3.0
2022,초6,,1.0962213905618672,3.6666666666666665,3.0,,4.0,4.0,3.0,3.0
2022,초6,,1.0962213905618672,3.6666666666666665,4.0,,3.0,4.0,4.0,4.0
2022,초6,,1.0962213905618672,3.6666666666666665,4.0,,3.0,4.0,4.0,4.0
2022,초5,,1.0801136532589177,3.0,3.0,,3.0,3.0,3.0,3.0
2022,초5,,1.0801136532589177,3.0,3.0,,3.0,3.0,3.0,3.0
2022,초5,,1.0801136532589177,3.6666666666666665,3.0,,4.0,4.0,3.0,3.0
2022,초5,,1.0801136532589177,4.0,4.0,,4.0,4.0,4.0,4.0
2022,초5,,1.0801136532589177,3.3333333333333335,2.0,,4.0,4.0,2.0,2.0
2022,초5,,1.0801136532589177,3.6666666666666665,3.0,,4.0,4.0,3.0,3.0
2022,초5,,1.0801136532589177,3.3333333333333335,3.0,,3.0,4.0,3.0,3.0
2022,초5,,1.0801136532589177,3.6666666666666665,4.0,,4.0,3.0,4.0,4.0
2022,초5,,1.0801136532589177,3.0,3.0,,3.0,3.0,3.0,3.0
2022,초5,,1.1482828003089507,3.3333333333333335,4.0,,3.0,4.0,3.0,4.0
2022,초5,,1.1482828003089507,3.0,3.0,,3.0,3.0,3.0,3.0
2022,초5,,1.1482828003089507,2.3333333333333335,3.0,,3.0,2.0,2.0,3.0
2022,초5,,1.1482828003089507,4.0,4.0,,4.0,4.0,4.0,4.0
2022,초5,,1.1482828003089507,3.0,4.0,,3.0,3.0,3.0,4.0
2022,초5,,1.1482828003089507,3.3333333333333335,3.0,,4.0,3.0,3.0,3.0
2022,초5,,1.1482828003089507,3.6666666666666665,4.0,,3.0,4.0,4.0,4.0
2022,초5,,1.1482828003089507,4.0,4.0,,4.0,4.0,4.0,4.0
2022,초5,,1.1482828003089507,3.6666666666666665,4.0,,4.0,4.0,3.0,4.0
2022,초5,,1.1482828003089507,3.6666666666666665,4.0,,4.0,4.0,3.0,4.0
2022,초5,,1.0801136532589177,3.0,3.0,,3.0,3.0,3.0,3.0
2022,초5,,1.0801136532589177,3.6666666666666665,3.0,,4.0,4.0,3.0,3.0
2022,초5,,1.0801136532589177,3.3333333333333335,3.0,,4.0,3.0,3.0,3.0
2022,초5,,1.0801136532589177,3.0,3.0,,3.0,3.0,3.0,3.0
2022,초5,,1.1482828003089507,3.0,4.0,,3.0,3.0,3.0,4.0
2022,초5,,1.1482828003089507,3.0,2.0,,3.0,4.0,2.0,2.0
2022,초5,,1.1482828003089507,3.3333333333333335,2.0,,2.0,4.0,4.0,2.0
2022,초4,,1.6029033812528797,4.0,4.0,,4.0,4.0,4.0,4.0
2022,초4,,1.6029033812528797,4.0,4.0,,4.0,4.0,4.0,4.0
2022,초4,,1.6029033812528797,3.6666666666666665,3.0,,4.0,4.0,3.0,3.0
2022,초4,,1.6029033812528797,3.6666666666666665,4.0,,3.0,4.0,4.0,4.0
2022,초4,,1.6029033812528797,4.0,4.0,,4.0,4.0,4.0,4.0
2022,초4,,1.6029033812528797,4.0,4.0,,4.0,4.0,4.0,4.0
2022,초4,,1.6029033812528797,3.6666666666666665,3.0,,4.0,4.0,3.0,3.0
2022,초4,,1.6029033812528797,3.6666666666666665,3.0,,4.0,4.0,3.0,3.0
2022,초4,,1.6029033812528797,3.6666666666666665,4.0,,4.0,4.0,3.0,4.0
2022,초4,,1.241852773982554,4.0,4.0,,4.0,4.0,4.0,4.0
2022,초4,,1.241852773982554,3.6666666666666665,3.0,,4.0,4.0,3.0,3.0
2022,초4,,1.241852773982554,4.0,4.0,,4.0,4.0,4.0,4.0
2022,초4,,1.241852773982554,4.0,3.0,,4.0,4.0,4.0,3.0
2022,초4,,1.241852773982554,3.3333333333333335,4.0,,3.0,4.0,3.0,4.0
2022,초4,,1.241852773982554,4.0,4.0,,4.0,4.0,4.0,4.0
2022,초4,,1.241852773982554,3.3333333333333335,3.0,,3.0,4.0,3.0,3.0
2022,초4,,1.241852773982554,4.0,3.0,,4.0,4.0,4.0,3.0
2022,초4,,1.241852773982554,3.3333333333333335,4.0,,3.0,4.0,3.0,4.0
2022,초4,,1.241852773982554,4.0,4.0,,4.0,4.0,4.0,4.0
2022,초4,,1.241852773982554,3.3333333333333335,3.0,,3.0,4.0,3.0,3.0
2022,초5,,0.9886352016803868,2.6666666666666665,2.0,,3.0,3.0,2.0,2.0
2022,초5,,0.9886352016803868,4.0,4.0,,4.0,4.0,4.0,4.0
2022,초5,,0.9886352016803868,3.0,3.0,,3.0,4.0,2.0,3.0
2022,초5,,0.9886352016803868,4.0,4.0,,4.0,4.0,4.0,4.0
2022,초5,,0.9886352016803868,3.0,3.0,,3.0,3.0,3.0,3.0
2022,초5,,0.9886352016803868,3.6666666666666665,3.0,,4.0,4.0,3.0,3.0
2022,초5,,0.9886352016803868,4.0,4.0,,4.0,4.0,4.0,4.0
2022,초5,,0.9886352016803868,3.0,2.0,,3.0,4.0,2.0,2.0
2022,초5,,0.9886352016803868,4.0,3.0,,4.0,4.0,4.0,3.0
2022,초5,,0.9886352016803868,3.0,4.0,,3.0,4.0,2.0,4.0
2022,초5,,0.9886352016803868,4.0,4.0,,4.0,4.0,4.0,4.0
2022,초5,,1.1037056048966565,3.6666666666666665,4.0,,4.0,4.0,3.0,4.0
2022,초5,,1.1037056048966565,2.6666666666666665,1.0,,3.0,3.0,2.0,1.0
2022,초5,,1.1037056048966565,3.0,2.0,,4.0,3.0,2.0,2.0
2022,초5,,1.1037056048966565,3.6666666666666665,2.0,,3.0,4.0,4.0,2.0
2022,초5,,1.1037056048966565,3.3333333333333335,4.0,,3.0,4.0,3.0,4.0
2022,초5,,1.1037056048966565,4.0,4.0,,4.0,4.0,4.0,4.0
2022,초5,,1.1037056048966565,3.3333333333333335,2.0,,3.0,4.0,3.0,2.0
2022,초5,,1.1037056048966565,3.6666666666666665,3.0,,3.0,4.0,4.0,3.0
2022,초5,,1.1037056048966565,3.3333333333333335,3.0,,2.0,4.0,4.0,3.0
2022,초5,,1.1037056048966565,3.6666666666666665,4.0,,3.0,4.0,4.0,4.0
2022,초5,,1.1037056048966565,3.6666666666666665,3.0,,4.0,4.0,3.0,3.0
2022,초6,,1.0128542824195146,3.6666666666666665,3.0,,4.0,4.0,3.0,3.0
2022,초6,,1.0128542824195146,2.6666666666666665,2.0,,3.0,3.0,2.0,2.0
2022,초6,,1.0128542824195146,3.6666666666666665,3.0,,4.0,4.0,3.0,3.0
2022,초6,,1.0128542824195146,4.0,4.0,,4.0,4.0,4.0,4.0
2022,초6,,1.0128542824195146,3.6666666666666665,3.0,,4.0,4.0,3.0,3.0
2022,초6,,1.0128542824195146,3.6666666666666665,4.0,,3.0,4.0,4.0,4.0
2022,초6,,1.0128542824195146,3.3333333333333335,3.0,,3.0,4.0,3.0,3.0
2022,초6,,1.0128542824195146,2.0,2.0,,1.0,3.0,2.0,2.0
2022,초6,,1.0128542824195146,4.0,3.0,,4.0,4.0,4.0,3.0
2022,초6,,1.0128542824195146,3.6666666666666665,4.0,,4.0,4.0,3.0,4.0
2022,초6,,1.0128542824195146,4.0,4.0,,4.0,4.0,4.0,4.0
2022,초6,,1.0128542824195146,3.3333333333333335,3.0,,3.0,4.0,3.0,3.0
2022,초6,,1.0508908402031236,4.0,4.0,,4.0,4.0,4.0,4.0
2022,초6,,1.0508908402031236,3.3333333333333335,2.0,,4.0,4.0,2.0,2.0
2022,초6,,1.0508908402031236,3.6666666666666665,4.0,,3.0,4.0,4.0,4.0
2022,초6,,1.0508908402031236,3.0,3.0,,3.0,3.0,3.0,3.0
2022,초6,,1.0508908402031236,3.3333333333333335,3.0,,3.0,3.0,4.0,3.0
2022,초6,,1.0508908402031236,3.3333333333333335,2.0,,4.0,3.0,3.0,2.0
2022,초6,,1.0508908402031236,4.0,4.0,,4.0,4.0,4.0,4.0
2022,초6,,1.0508908402031236,4.0,4.0,,4.0,4.0,4.0,4.0
2022,초6,,1.0508908402031236,3.3333333333333335,4.0,,3.0,4.0,3.0,4.0
2022,초6,,0.733446204510683,3.3333333333333335,3.0,,3.0,4.0,3.0,3.0
2022,초6,,0.733446204510683,3.0,3.0,,3.0,3.0,3.0,3.0
2022,초6,,0.733446204510683,3.6666666666666665,3.0,,3.0,4.0,4.0,3.0
2022,초6,,0.733446204510683,4.0,4.0,,4.0,4.0,4.0,4.0
2022,초6,,0.733446204510683,3.6666666666666665,4.0,,4.0,4.0,3.0,4.0
2022,초6,,0.733446204510683,3.6666666666666665,3.0,,4.0,4.0,3.0,3.0
2022,초6,,0.733446204510683,4.0,4.0,,4.0,4.0,4.0,4.0
2022,초6,,0.733446204510683,2.6666666666666665,,,3.0,3.0,2.0,
2022,초6,,0.733446204510683,4.0,4.0,,4.0,4.0,4.0,4.0
2022,초6,,0.733446204510683,3.3333333333333335,3.0,,4.0,3.0,3.0,3.0
2022,초6,,0.733446204510683,3.6666666666666665,3.0,,4.0,4.0,3.0,3.0
2022,초6,,0.733446204510683,3.0,3.0,,3.0,3.0,3.0,3.0
2022,초6,,0.7609899187677791,3.0,3.0,,3.0,3.0,3.0,3.0
2022,초6,,0.7609899187677791,3.0,3.0,,3.0,3.0,3.0,3.0
2022,초6,,0.7609899187677791,3.6666666666666665,4.0,,4.0,3.0,4.0,4.0
2022,초6,,0.7609899187677791,4.0,4.0,,4.0,4.0,4.0,4.0
2022,초6,,0.7609899187677791,3.3333333333333335,4.0,,3.0,3.0,4.0,4.0
2022,초6,,0.7609899187677791,3.6666666666666665,4.0,,3.0,4.0,4.0,4.0
2022,초6,,0.7609899187677791,3.0,2.0,,2.0,4.0,3.0,2.0
2022,초6,,0.7609899187677791,3.0,4.0,,3.0,3.0,3.0,4.0
2022,초6,,0.7609899187677791,3.0,2.0,,4.0,3.0,2.0,2.0
2022,초6,,0.7609899187677791,3.6666666666666665,4.0,,4.0,4.0,3.0,4.0
2022,초6,,0.7609899187677791,2.6666666666666665,3.0,,4.0,1.0,3.0,3.0
2022,초6,,0.7609899187677791,3.6666666666666665,3.0,,4.0,4.0,3.0,3.0
2022,초6,,0.7609899187677791,2.3333333333333335,3.0,,3.0,2.0,2.0,3.0
2022,초6,,0.7609899187677791,4.0,4.0,,4.0,4.0,4.0,4.0
2022,초6,,0.7609899187677791,3.6666666666666665,3.0,,4.0,4.0,3.0,3.0
2022,초6,,0.7609899187677791,3.3333333333333335,3.0,,4.0,3.0,3.0,3.0
2022,초6,,0.7609899187677791,3.3333333333333335,3.0,,3.0,3.0,4.0,3.0
2022,초5,,0.8055546087766114,3.6666666666666665,4.0,,4.0,3.0,4.0,4.0
2022,초5,,0.8055546087766114,3.3333333333333335,3.0,,3.0,4.0,3.0,3.0
2022,초5,,0.8055546087766114,3.3333333333333335,3.0,,3.0,4.0,3.0,3.0
2022,초5,,0.8055546087766114,2.6666666666666665,4.0,,1.0,3.0,4.0,4.0
2022,초5,,0.8055546087766114,3.6666666666666665,4.0,,3.0,4.0,4.0,4.0
2022,초5,,0.8055546087766114,3.3333333333333335,4.0,,3.0,4.0,3.0,4.0
2022,초5,,0.8055546087766114,3.0,2.0,,3.0,3.0,3.0,2.0
2022,초5,,0.8055546087766114,3.3333333333333335,2.0,,3.0,4.0,3.0,2.0
2022,초5,,0.8055546087766114,3.3333333333333335,3.0,,3.0,4.0,3.0,3.0
2022,초5,,0.8055546087766114,3.3333333333333335,2.0,,2.0,4.0,4.0,2.0
2022,초5,,0.8055546087766114,3.3333333333333335,3.0,,3.0,4.0,3.0,3.0
2022,초5,,0.8055546087766114,3.3333333333333335,3.0,,3.0,3.0,4.0,3.0
2022,초5,,0.8055546087766114,2.6666666666666665,2.0,,2.0,4.0,2.0,2.0
2022,초5,,0.8055546087766114,3.6666666666666665,4.0,,4.0,3.0,4.0,4.0
2022,초5,,0.8993156780639423,3.0,2.0,,3.0,3.0,3.0,2.0
2022,초5,,0.8993156780639423,3.6666666666666665,3.0,,4.0,4.0,3.0,3.0
2022,초5,,0.8993156780639423,4.0,4.0,,4.0,4.0,4.0,4.0
2022,초5,,0.8993156780639423,3.3333333333333335,3.0,,3.0,4.0,3.0,3.0
2022,초5,,0.8993156780639423,3.6666666666666665,3.0,,4.0,4.0,3.0,3.0
2022,초5,,0.8993156780639423,3.3333333333333335,3.0,,3.0,4.0,3.0,3.0
2022,초5,,0.8993156780639423,4.0,4.0,,4.0,4.0,4.0,4.0
2022,초5,,0.8993156780639423,3.0,2.0,,3.0,4.0,2.0,2.0
2022,초5,,0.8993156780639423,3.3333333333333335,3.0,,3.0,4.0,3.0,3.0
2022,초5,,0.8993156780639423,3.0,1.0,,3.0,4.0,2.0,1.0
2022,초5,,0.8993156780639423,3.6666666666666665,3.0,,4.0,4.0,3.0,3.0
2022,초5,,0.8993156780639423,3.3333333333333335,3.0,,3.0,4.0,3.0,3.0
2022,초5,,0.8993156780639423,3.3333333333333335,3.0,,3.0,4.0,3.0,3.0
2022,초4,,0.8175886609831193,3.0,3.0,,3.0,3.0,3.0,3.0
2022,초4,,0.8175886609831193,3.6666666666666665,4.0,,3.0,4.0,4.0,4.0
2022,초4,,0.8175886609831193,3.6666666666666665,3.0,,4.0,4.0,3.0,3.0
2022,초4,,0.8175886609831193,4.0,4.0,,4.0,4.0,4.0,4.0
2022,초4,,0.8175886609831193,2.0,2.0,,2.0,2.0,2.0,2.0
2022,초4,,0.8175886609831193,3.0,3.0,,3.0,3.0,3.0,3.0
2022,초4,,0.8175886609831193,3.6666666666666665,3.0,,3.0,4.0,4.0,3.0
2022,초4,,0.8175886609831193,3.3333333333333335,4.0,,3.0,3.0,4.0,4.0
2022,초4,,0.8175886609831193,3.6666666666666665,4.0,,3.0,4.0,4.0,4.0
2022,초4,,0.8175886609831193,4.0,4.0,,4.0,4.0,4.0,4.0
2022,초4,,0.8175886609831193,3.6666666666666665,3.0,,4.0,4.0,3.0,3.0
2022,초4,,0.8175886609831193,2.6666666666666665,3.0,,2.0,3.0,3.0,3.0
2022,초4,,0.8175886609831193,3.3333333333333335,4.0,,3.0,4.0,3.0,4.0
2022,초4,,0.8175886609831193,2.6666666666666665,2.0,,3.0,3.0,2.0,2.0
2022,초4,,0.8953764574796913,3.3333333333333335,3.0,,3.0,4.0,3.0,3.0
2022,초4,,0.8953764574796913,3.6666666666666665,4.0,,3.0,4.0,4.0,4.0
2022,초4,,0.8953764574796913,4.0,4.0,,4.0,4.0,4.0,4.0
2022,초4,,0.8953764574796913,3.3333333333333335,4.0,,3.0,4.0,3.0,4.0
2022,초4,,0.8953764574796913,4.0,4.0,,4.0,4.0,4.0,4.0
2022,초4,,0.8953764574796913,3.6666666666666665,3.0,,4.0,4.0,3.0,3.0
2022,초4,,0.8953764574796913,3.6666666666666665,3.0,,4.0,4.0,3.0,3.0
2022,초4,,0.8953764574796913,3.6666666666666665,4.0,,3.0,4.0,4.0,4.0
2022,초4,,0.8953764574796913,3.6666666666666665,3.0,,4.0,4.0,3.0,3.0
2022,초4,,0.8953764574796913,3.3333333333333335,3.0,,4.0,3.0,3.0,3.0
2022,초4,,0.8953764574796913,3.0,3.0,,2.0,4.0,3.0,3.0
2022,초4,,0.8953764574796913,3.6666666666666665,3.0,,4.0,4.0,3.0,3.0
2022,초4,,0.8953764574796913,3.6666666666666665,4.0,,4.0,4.0,3.0,4.0
2022,초4,,1.0072985146646527,3.0,3.0,,3.0,3.0,3.0,3.0
2022,초4,,1.0072985146646527,3.3333333333333335,4.0,,3.0,3.0,4.0,4.0
2022,초4,,1.0072985146646527,3.0,3.0,,3.0,3.0,3.0,3.0
2022,초4,,1.0072985146646527,3.0,3.0,,3.0,3.0,3.0,3.0
2022,초4,,1.0072985146646527,4.0,4.0,,4.0,4.0,4.0,4.0
2022,초4,,1.0072985146646527,4.0,4.0,,4.0,4.0,4.0,4.0
2022,초4,,1.0072985146646527,3.0,2.0,,2.0,4.0,3.0,2.0
2022,초4,,1.0072985146646527,4.0,4.0,,4.0,4.0,4.0,4.0
2022,초4,,1.0072985146646527,4.0,4.0,,4.0,4.0,4.0,4.0
2022,초4,,1.0072985146646527,3.3333333333333335,4.0,,3.0,4.0,3.0,4.0
2022,초4,,1.0072985146646527,3.3333333333333335,2.0,,3.0,4.0,3.0,2.0
2022,초4,,1.0072985146646527,4.0,4.0,,4.0,4.0,4.0,4.0
2022,초4,,0.9197872436060092,4.0,4.0,,4.0,4.0,4.0,4.0
2022,초4,,0.9197872436060092,3.0,4.0,,3.0,4.0,2.0,4.0
2022,초4,,0.9197872436060092,3.6666666666666665,3.0,,4.0,4.0,3.0,3.0
2022,초4,,0.9197872436060092,3.3333333333333335,4.0,,3.0,3.0,4.0,4.0
2022,초4,,0.9197872436060092,4.0,3.0,,4.0,4.0,4.0,3.0
2022,초4,,0.9197872436060092,3.3333333333333335,4.0,,3.0,3.0,4.0,4.0
2022,초4,,0.9197872436060092,1.0,1.0,,1.0,1.0,1.0,1.0
2022,초4,,0.9197872436060092,4.0,4.0,,4.0,4.0,4.0,4.0
2022,초4,,0.9197872436060092,3.3333333333333335,3.0,,3.0,4.0,3.0,3.0
2022,초4,,0.9197872436060092,4.0,4.0,,4.0,4.0,4.0,4.0
2022,초4,,0.9197872436060092,4.0,3.0,,4.0,4.0,4.0,3.0
2022,초4,,0.9197872436060092,3.3333333333333335,3.0,,3.0,4.0,3.0,3.0
2022,초5,,1.0864635779841294,3.3333333333333335,2.0,,4.0,3.0,3.0,2.0
2022,초5,,1.0864635779841294,3.0,2.0,,3.0,4.0,2.0,2.0
2022,초5,,1.0864635779841294,3.0,3.0,,3.0,4.0,2.0,3.0
2022,초5,,1.0864635779841294,3.0,3.0,,3.0,3.0,3.0,3.0
2022,초5,,1.0864635779841294,2.6666666666666665,2.0,,3.0,3.0,2.0,2.0
2022,초5,,1.0864635779841294,2.3333333333333335,1.0,,2.0,3.0,2.0,1.0
2022,초5,,1.0864635779841294,2.3333333333333335,2.0,,3.0,3.0,1.0,2.0
2022,초5,,1.0864635779841294,3.3333333333333335,3.0,,4.0,3.0,3.0,3.0
2022,초5,,1.0864635779841294,3.0,3.0,,3.0,3.0,3.0,3.0
2022,초5,,1.0864635779841294,3.0,3.0,,3.0,3.0,3.0,3.0
2022,초5,,1.0864635779841294,2.3333333333333335,2.0,,3.0,3.0,1.0,2.0
2022,초5,,1.0864635779841294,2.6666666666666665,4.0,,3.0,3.0,2.0,4.0
2022,초5,,0.9157559603713694,2.6666666666666665,2.0,,3.0,3.0,2.0,2.0
2022,초5,,0.9157559603713694,2.6666666666666665,2.0,,3.0,3.0,2.0,2.0
2022,초5,,0.9157559603713694,3.0,2.0,,3.0,4.0,2.0,2.0
2022,초5,,0.9157559603713694,3.0,3.0,,3.0,3.0,3.0,3.0
2022,초5,,0.9157559603713694,2.6666666666666665,2.0,,3.0,3.0,2.0,2.0
2022,초5,,0.9157559603713694,3.6666666666666665,3.0,,4.0,4.0,3.0,3.0
2022,초5,,0.9157559603713694,3.3333333333333335,4.0,,3.0,4.0,3.0,4.0
2022,초5,,0.9157559603713694,2.3333333333333335,2.0,,1.0,4.0,2.0,2.0
2022,초5,,0.9157559603713694,3.3333333333333335,3.0,,4.0,3.0,3.0,3.0
2022,초5,,0.9157559603713694,2.0,4.0,,2.0,1.0,3.0,4.0
2022,초5,,0.9157559603713694,2.6666666666666665,1.0,,3.0,3.0,2.0,1.0
2022,초5,,0.9157559603713694,3.0,3.0,,3.0,4.0,2.0,3.0
2022,초5,,0.9157559603713694,2.0,2.0,,2.0,3.0,1.0,2.0
2022,초6,,0.9393190218516959,4.0,4.0,,4.0,4.0,4.0,4.0
2022,초6,,0.9393190218516959,3.3333333333333335,3.0,,3.0,4.0,3.0,3.0
2022,초6,,1.0388960925425752,2.6666666666666665,2.0,,3.0,4.0,1.0,2.0
2022,초6,,0.9393190218516959,2.3333333333333335,3.0,,3.0,2.0,2.0,3.0
2022,초6,,0.9393190218516959,3.6666666666666665,2.0,,4.0,4.0,3.0,2.0
2022,초6,,1.0388960925425752,2.6666666666666665,1.0,,3.0,4.0,1.0,1.0
2022,초6,,1.0388960925425752,3.0,3.0,,3.0,3.0,3.0,3.0
2022,초6,,0.9393190218516959,3.0,2.0,,3.0,3.0,3.0,2.0
2022,초6,,0.9393190218516959,3.3333333333333335,3.0,,4.0,3.0,3.0,3.0
2022,초6,,1.0388960925425752,3.6666666666666665,3.0,,3.0,4.0,4.0,3.0
2022,초6,,0.9393190218516959,3.6666666666666665,3.0,,4.0,4.0,3.0,3.0
2022,초6,,0.9393190218516959,4.0,3.0,,4.0,4.0,4.0,3.0
2022,초6,,0.9393190218516959,3.0,4.0,,3.0,3.0,3.0,4.0
2022,초6,,0.9393190218516959,2.0,3.0,,2.0,3.0,1.0,3.0
2022,초6,,0.9393190218516959,4.0,3.0,,4.0,4.0,4.0,3.0
2022,초6,,0.9393190218516959,4.0,4.0,,4.0,4.0,4.0,4.0
2022,초6,,1.0388960925425752,2.6666666666666665,2.0,,3.0,3.0,2.0,2.0
2022,초6,,1.0388960925425752,3.3333333333333335,3.0,,3.0,4.0,3.0,3.0
2022,초6,,1.0388960925425752,3.0,3.0,,3.0,3.0,3.0,3.0
2022,초6,,1.0388960925425752,3.3333333333333335,3.0,,4.0,3.0,3.0,3.0
2022,초6,,1.0388960925425752,3.0,3.0,,3.0,3.0,3.0,3.0
2022,초6,,1.0388960925425752,3.3333333333333335,4.0,,3.0,4.0,3.0,4.0
2022,초6,,1.0388960925425752,3.6666666666666665,3.0,,4.0,4.0,3.0,3.0
2022,초6,,1.0388960925425752,2.6666666666666665,2.0,,3.0,3.0,2.0,2.0
2022,초4,,0.8656171825410858,2.6666666666666665,2.0,,3.0,4.0,1.0,2.0
2022,초4,,0.8656171825410858,3.0,4.0,,3.0,3.0,3.0,4.0
2022,초4,,0.8656171825410858,3.3333333333333335,3.0,,3.0,4.0,3.0,3.0
2022,초4,,0.8656171825410858,2.6666666666666665,2.0,,2.0,4.0,2.0,2.0
2022,초4,,0.8656171825410858,3.6666666666666665,4.0,,3.0,4.0,4.0,4.0
2022,초4,,0.8656171825410858,3.6666666666666665,4.0,,4.0,4.0,3.0,4.0
2022,초4,,0.8656171825410858,3.0,3.0,,3.0,3.0,3.0,3.0
2022,초4,,0.8656171825410858,2.6666666666666665,2.0,,3.0,4.0,1.0,2.0
2022,초4,,0.8656171825410858,3.3333333333333335,3.0,,3.0,4.0,3.0,3.0
2022,초4,,0.8656171825410858,3.3333333333333335,3.0,,3.0,4.0,3.0,3.0
2022,초4,,0.8656171825410858,3.6666666666666665,3.0,,4.0,4.0,3.0,3.0
2022,초4,,0.8656171825410858,3.6666666666666665,4.0,,3.0,4.0,4.0,4.0
2022,초4,,0.8656171825410858,3.3333333333333335,3.0,,3.0,4.0,3.0,3.0
2022,초4,,0.8656171825410858,3.0,3.0,,3.0,3.0,3.0,3.0
2022,초4,,0.8656171825410858,4.0,4.0,,4.0,4.0,4.0,4.0
2022,초4,,1.0897278482974155,3.3333333333333335,3.0,,3.0,4.0,3.0,3.0
2022,초4,,1.0897278482974155,3.3333333333333335,3.0,,3.0,4.0,3.0,3.0
2022,초4,,1.0897278482974155,3.0,2.0,,3.0,4.0,2.0,2.0
2022,초4,,1.0897278482974155,3.6666666666666665,2.0,,3.0,4.0,4.0,2.0
2022,초4,,1.0897278482974155,3.3333333333333335,2.0,,3.0,4.0,3.0,2.0
2022,초4,,1.0897278482974155,3.6666666666666665,4.0,,4.0,4.0,3.0,4.0
2022,초4,,1.0897278482974155,2.3333333333333335,1.0,,3.0,3.0,1.0,1.0
2022,초4,,1.0897278482974155,3.3333333333333335,3.0,,3.0,4.0,3.0,3.0
2022,초4,,1.0897278482974155,2.3333333333333335,1.0,,3.0,3.0,1.0,1.0
2022,초4,,1.0897278482974155,3.3333333333333335,2.0,,3.0,4.0,3.0,2.0
2022,초4,,1.0897278482974155,3.6666666666666665,3.0,,4.0,4.0,3.0,3.0
2022,초5,,1.6074343895304297,3.6666666666666665,4.0,,3.0,4.0,4.0,4.0
2022,초5,,1.6074343895304297,3.0,3.0,,3.0,4.0,2.0,3.0
2022,초5,,1.6074343895304297,2.6666666666666665,3.0,,2.0,3.0,3.0,3.0
2022,초5,,1.6074343895304297,3.3333333333333335,3.0,,3.0,4.0,3.0,3.0
2022,초5,,1.6074343895304297,3.3333333333333335,3.0,,3.0,4.0,3.0,3.0
2022,초5,,1.6074343895304297,3.0,3.0,,3.0,3.0,3.0,3.0
2022,초5,,1.6074343895304297,4.0,4.0,,4.0,4.0,4.0,4.0
2022,초5,,1.6074343895304297,3.6666666666666665,4.0,,3.0,4.0,4.0,4.0
2022,초5,,1.6074343895304297,2.6666666666666665,4.0,,3.0,3.0,2.0,4.0
2022,초5,,1.6074343895304297,3.3333333333333335,2.0,,3.0,4.0,3.0,2.0
2022,초5,,1.6074343895304297,3.0,1.0,,2.0,4.0,3.0,1.0
2022,초5,,1.8732334889372704,3.3333333333333335,4.0,,3.0,3.0,4.0,4.0
2022,초5,,1.8732334889372704,3.6666666666666665,3.0,,4.0,4.0,3.0,3.0
2022,초5,,1.8732334889372704,3.0,3.0,,3.0,3.0,3.0,3.0
2022,초5,,1.8732334889372704,2.3333333333333335,1.0,,2.0,3.0,2.0,1.0
2022,초5,,1.8732334889372704,3.3333333333333335,2.0,,3.0,4.0,3.0,2.0
2022,초5,,1.8732334889372704,4.0,4.0,,4.0,4.0,4.0,4.0
2022,초5,,1.8732334889372704,3.6666666666666665,3.0,,3.0,4.0,4.0,3.0
2022,초5,,1.8732334889372704,3.3333333333333335,3.0,,3.0,4.0,3.0,3.0
2022,초5,,1.8732334889372704,3.3333333333333335,3.0,,3.0,4.0,3.0,3.0
2022,초5,,1.8732334889372704,3.3333333333333335,3.0,,3.0,4.0,3.0,3.0
2022,초4,,1.5332647836491522,3.6666666666666665,4.0,,4.0,3.0,4.0,4.0
2022,초4,,1.5332647836491522,3.0,2.0,,3.0,3.0,3.0,2.0
2022,초4,,1.5332647836491522,3.3333333333333335,3.0,,3.0,4.0,3.0,3.0
2022,초4,,1.5332647836491522,3.0,3.0,,3.0,4.0,2.0,3.0
2022,초4,,1.5332647836491522,3.3333333333333335,3.0,,3.0,4.0,3.0,3.0
2022,초4,,1.5332647836491522,3.0,2.0,,3.0,4.0,2.0,2.0
2022,초4,,1.5332647836491522,3.0,3.0,,2.0,4.0,3.0,3.0
2022,초4,,1.5332647836491522,2.3333333333333335,2.0,,2.0,4.0,1.0,2.0
2022,초4,,1.5332647836491522,3.3333333333333335,3.0,,3.0,4.0,3.0,3.0
2022,초4,,1.5332647836491522,3.0,3.0,,3.0,3.0,3.0,3.0
2022,초4,,1.5332647836491522,3.3333333333333335,4.0,,3.0,3.0,4.0,4.0
2022,초4,,1.182783108815976,2.3333333333333335,2.0,,1.0,4.0,2.0,2.0
2022,초4,,1.5332647836491522,3.0,3.0,,3.0,3.0,3.0,3.0
2022,초4,,1.182783108815976,4.0,4.0,,4.0,4.0,4.0,4.0
2022,초4,,1.182783108815976,3.0,3.0,,3.0,3.0,3.0,3.0
2022,초4,,1.182783108815976,3.6666666666666665,4.0,,4.0,4.0,3.0,4.0
2022,초4,,1.182783108815976,3.0,3.0,,3.0,3.0,3.0,3.0
2022,초4,,1.182783108815976,3.3333333333333335,4.0,,2.0,4.0,4.0,4.0
2022,초4,,1.182783108815976,3.6666666666666665,3.0,,4.0,4.0,3.0,3.0
2022,초4,,1.182783108815976,3.0,3.0,,3.0,3.0,3.0,3.0
2022,초4,,1.182783108815976,2.6666666666666665,3.0,,3.0,2.0,3.0,3.0
2022,초4,,1.182783108815976,2.3333333333333335,2.0,,3.0,2.0,2.0,2.0
2022,초4,,1.182783108815976,3.3333333333333335,4.0,,3.0,4.0,3.0,4.0
2022,초4,,1.182783108815976,3.6666666666666665,4.0,,3.0,4.0,4.0,4.0
2022,초4,,1.182783108815976,2.3333333333333335,3.0,,2.0,3.0,2.0,3.0
2022,초4,,1.182783108815976,3.3333333333333335,3.0,,3.0,4.0,3.0,3.0
2022,초4,,1.182783108815976,2.3333333333333335,2.0,,2.0,3.0,2.0,2.0
2022,초6,,1.4792192359879317,3.0,2.0,,3.0,4.0,2.0,2.0
2022,초6,,1.4792192359879317,2.3333333333333335,2.0,,3.0,2.0,2.0,2.0
2022,초6,,1.4792192359879317,3.6666666666666665,4.0,,4.0,4.0,3.0,4.0
2022,초6,,1.4792192359879317,3.3333333333333335,3.0,,3.0,4.0,3.0,3.0
2022,초6,,1.4792192359879317,3.6666666666666665,3.0,,4.0,4.0,3.0,3.0
2022,초6,,1.4792192359879317,4.0,3.0,,4.0,4.0,4.0,3.0
2022,초6,,1.4792192359879317,3.6666666666666665,4.0,,4.0,4.0,3.0,4.0
2022,초6,,1.4792192359879317,3.3333333333333335,3.0,,3.0,4.0,3.0,3.0
2022,초6,,1.4792192359879317,3.6666666666666665,3.0,,4.0,4.0,3.0,3.0
2022,초6,,1.4792192359879317,3.3333333333333335,3.0,,3.0,4.0,3.0,3.0
2022,초6,,1.4792192359879317,3.0,2.0,,3.0,4.0,2.0,2.0
2022,초6,,1.4792192359879317,3.0,3.0,,3.0,4.0,2.0,3.0
2022,초6,,1.1151151217442556,3.3333333333333335,3.0,,3.0,4.0,3.0,3.0
2022,초6,,1.1151151217442556,3.6666666666666665,4.0,,3.0,4.0,4.0,4.0
2022,초6,,1.1151151217442556,3.6666666666666665,4.0,,3.0,4.0,4.0,4.0
2022,초6,,1.1151151217442556,3.6666666666666665,4.0,,4.0,4.0,3.0,4.0
2022,초6,,1.1151151217442556,3.3333333333333335,3.0,,3.0,4.0,3.0,3.0
2022,초6,,1.1151151217442556,3.3333333333333335,3.0,,3.0,4.0,3.0,3.0
2022,초6,,1.1151151217442556,3.0,2.0,,3.0,4.0,2.0,2.0
2022,초6,,1.1151151217442556,3.3333333333333335,3.0,,3.0,4.0,3.0,3.0
2022,초6,,1.1151151217442556,3.6666666666666665,3.0,,4.0,4.0,3.0,3.0
2022,초6,,1.1151151217442556,3.0,3.0,,3.0,3.0,3.0,3.0
2022,초6,,1.1151151217442556,2.6666666666666665,3.0,,3.0,3.0,2.0,3.0
2022,초6,,1.1151151217442556,3.6666666666666665,4.0,,4.0,4.0,3.0,4.0
2022,초6,,1.1151151217442556,3.3333333333333335,3.0,,3.0,4.0,3.0,3.0
2022,초6,,1.1151151217442556,2.6666666666666665,2.0,,3.0,3.0,2.0,2.0
2022,초6,,1.1151151217442556,3.0,3.0,,3.0,3.0,3.0,3.0
2022,초4,,1.3758549904609398,2.6666666666666665,3.0,,3.0,3.0,2.0,3.0
2022,초4,,1.3758549904609398,2.6666666666666665,2.0,,2.0,4.0,2.0,2.0
2022,초4,,1.3758549904609398,2.6666666666666665,3.0,,3.0,3.0,2.0,3.0
2022,초4,,1.3758549904609398,2.6666666666666665,3.0,,3.0,3.0,2.0,3.0
2022,초4,,1.3758549904609398,2.0,1.0,,2.0,2.0,2.0,1.0
2022,초4,,1.3758549904609398,2.6666666666666665,1.0,,2.0,4.0,2.0,1.0
2022,초4,,1.3758549904609398,2.6666666666666665,2.0,,2.0,3.0,3.0,2.0
2022,초4,,1.3758549904609398,2.6666666666666665,3.0,,3.0,3.0,2.0,3.0
2022,초4,,1.3758549904609398,2.6666666666666665,3.0,,4.0,3.0,1.0,3.0
2022,초4,,1.3758549904609398,2.6666666666666665,3.0,,2.0,3.0,3.0,3.0
2022,초4,,1.3758549904609398,3.0,3.0,,4.0,3.0,2.0,3.0
2022,초4,,1.3758549904609398,3.0,3.0,,3.0,3.0,3.0,3.0
2022,초4,,1.3758549904609398,3.0,1.0,,3.0,4.0,2.0,1.0
2022,초4,,1.6090496985514373,3.0,3.0,,3.0,3.0,3.0,3.0
2022,초4,,1.6090496985514373,2.3333333333333335,3.0,,1.0,4.0,2.0,3.0
2022,초4,,1.6090496985514373,2.3333333333333335,3.0,,1.0,3.0,3.0,3.0
2022,초4,,1.6090496985514373,2.6666666666666665,2.0,,3.0,3.0,2.0,2.0
2022,초4,,1.6090496985514373,2.6666666666666665,3.0,,3.0,3.0,2.0,3.0
2022,초4,,1.6090496985514373,3.0,2.0,,3.0,3.0,3.0,2.0
2022,초4,,1.6090496985514373,3.3333333333333335,3.0,,3.0,4.0,3.0,3.0
2022,초4,,1.6090496985514373,2.0,1.0,,2.0,3.0,1.0,1.0
2022,초4,,1.6090496985514373,3.6666666666666665,3.0,,4.0,4.0,3.0,3.0
2022,초4,,1.6090496985514373,2.6666666666666665,1.0,,4.0,3.0,1.0,1.0
2022,초4,,1.6090496985514373,3.3333333333333335,4.0,,2.0,4.0,4.0,4.0
2022,초5,,1.1478663534519715,4.0,3.0,,4.0,4.0,4.0,3.0
2022,초5,,1.1478663534519715,3.0,4.0,,3.0,3.0,3.0,4.0
2022,초5,,1.1478663534519715,2.3333333333333335,1.0,,3.0,3.0,1.0,1.0
2022,초5,,1.1478663534519715,2.6666666666666665,2.0,,3.0,3.0,2.0,2.0
2022,초5,,1.1478663534519715,2.6666666666666665,2.0,,3.0,3.0,2.0,2.0
2022,초5,,1.1478663534519715,3.0,3.0,,3.0,3.0,3.0,3.0
2022,초5,,1.1478663534519715,3.6666666666666665,4.0,,4.0,4.0,3.0,4.0
2022,초5,,1.1478663534519715,3.3333333333333335,3.0,,3.0,4.0,3.0,3.0
2022,초5,,1.1478663534519715,2.6666666666666665,1.0,,3.0,4.0,1.0,1.0
2022,초5,,1.1478663534519715,4.0,4.0,,4.0,4.0,4.0,4.0
2022,초5,,1.1478663534519715,4.0,3.0,,4.0,4.0,4.0,3.0
2022,초5,,1.1478663534519715,3.6666666666666665,4.0,,3.0,4.0,4.0,4.0
2022,초5,,1.1478663534519715,4.0,4.0,,4.0,4.0,4.0,4.0
2022,초5,,1.1478663534519715,3.0,3.0,,3.0,3.0,3.0,3.0
2022,초5,,1.1478663534519715,3.3333333333333335,3.0,,3.0,4.0,3.0,3.0
2022,초5,,1.2988016437953636,3.3333333333333335,3.0,,3.0,4.0,3.0,3.0
2022,초5,,1.2988016437953636,3.3333333333333335,4.0,,3.0,3.0,4.0,4.0
2022,초5,,1.2988016437953636,3.0,3.0,,3.0,3.0,3.0,3.0
2022,초5,,1.2988016437953636,3.3333333333333335,3.0,,4.0,4.0,2.0,3.0
2022,초5,,1.2988016437953636,3.6666666666666665,2.0,,4.0,4.0,3.0,2.0
2022,초5,,1.2988016437953636,3.6666666666666665,4.0,,3.0,4.0,4.0,4.0
2022,초5,,1.1478663534519715,3.3333333333333335,3.0,,3.0,4.0,3.0,3.0
2022,초5,,1.2988016437953636,3.0,2.0,,3.0,4.0,2.0,2.0
2022,초5,,1.2988016437953636,3.3333333333333335,3.0,,3.0,3.0,4.0,3.0
2022,초5,,1.2988016437953636,3.3333333333333335,3.0,,3.0,4.0,3.0,3.0
2022,초5,,1.2988016437953636,4.0,4.0,,4.0,4.0,4.0,4.0
2022,초5,,1.2988016437953636,3.6666666666666665,3.0,,3.0,4.0,4.0,3.0
2022,초5,,1.2988016437953636,4.0,4.0,,4.0,4.0,4.0,4.0
2022,초5,,1.2988016437953636,3.6666666666666665,4.0,,3.0,4.0,4.0,4.0
2022,초6,,1.551504314678033,3.6666666666666665,3.0,,4.0,4.0,3.0,3.0
2022,초6,,1.551504314678033,3.0,3.0,,3.0,3.0,3.0,3.0
2022,초6,,1.551504314678033,3.0,3.0,,3.0,3.0,3.0,3.0
2022,초6,,1.551504314678033,2.6666666666666665,2.0,,2.0,3.0,3.0,2.0
2022,초6,,1.551504314678033,3.0,3.0,,3.0,3.0,3.0,3.0
2022,초6,,1.551504314678033,3.3333333333333335,2.0,,3.0,4.0,3.0,2.0
2022,초6,,1.551504314678033,3.0,3.0,,3.0,3.0,3.0,3.0
2022,초6,,1.551504314678033,3.0,3.0,,3.0,3.0,3.0,3.0
2022,초6,,1.551504314678033,3.6666666666666665,3.0,,3.0,4.0,4.0,3.0
2022,초6,,1.551504314678033,3.6666666666666665,3.0,,4.0,4.0,3.0,3.0
2022,초6,,1.551504314678033,3.3333333333333335,4.0,,4.0,3.0,3.0,4.0
2022,초6,,1.8212609211863429,3.3333333333333335,3.0,,3.0,4.0,3.0,3.0
2022,초6,,1.8212609211863429,3.6666666666666665,3.0,,4.0,4.0,3.0,3.0
2022,초6,,1.8212609211863429,2.6666666666666665,2.0,,3.0,3.0,2.0,2.0
2022,초6,,1.8212609211863429,3.0,1.0,,3.0,4.0,2.0,1.0
2022,초6,,1.8212609211863429,3.6666666666666665,3.0,,3.0,4.0,4.0,3.0
2022,초6,,1.8212609211863429,3.0,3.0,,3.0,3.0,3.0,3.0
2022,초6,,1.8212609211863429,2.3333333333333335,2.0,,2.0,3.0,2.0,2.0
2022,초6,,1.8212609211863429,3.3333333333333335,3.0,,3.0,4.0,3.0,3.0
2022,초6,,1.8212609211863429,3.0,3.0,,3.0,4.0,2.0,3.0
2022,초6,,1.507204464776893,2.0,1.0,,2.0,3.0,1.0,1.0
2022,초6,,1.507204464776893,4.0,4.0,,4.0,4.0,4.0,4.0
2022,초6,,1.507204464776893,3.0,2.0,,3.0,3.0,3.0,2.0
2022,초6,,1.507204464776893,3.0,3.0,,3.0,3.0,3.0,3.0
2022,초6,,1.507204464776893,3.6666666666666665,4.0,,3.0,4.0,4.0,4.0
2022,초6,,1.507204464776893,2.0,1.0,,1.0,2.0,3.0,1.0
2022,초6,,1.507204464776893,1.0,1.0,,1.0,1.0,1.0,1.0
2022,초6,,1.507204464776893,3.3333333333333335,3.0,,3.0,4.0,3.0,3.0
2022,초6,,1.507204464776893,3.3333333333333335,4.0,,3.0,4.0,3.0,4.0
2022,초6,,1.507204464776893,3.0,3.0,,3.0,3.0,3.0,3.0
2022,초6,,1.614259070144188,3.0,3.0,,3.0,4.0,2.0,3.0
2022,초6,,1.614259070144188,3.6666666666666665,4.0,,4.0,4.0,3.0,4.0
2022,초6,,1.614259070144188,3.6666666666666665,3.0,,4.0,4.0,3.0,3.0
2022,초6,,1.614259070144188,3.6666666666666665,3.0,,4.0,4.0,3.0,3.0
2022,초6,,1.614259070144188,3.0,3.0,,3.0,3.0,3.0,3.0
2022,초6,,1.614259070144188,3.6666666666666665,4.0,,3.0,4.0,4.0,4.0
2022,초6,,1.614259070144188,3.0,3.0,,3.0,3.0,3.0,3.0
2022,초6,,1.614259070144188,3.3333333333333335,4.0,,3.0,4.0,3.0,4.0
2022,초6,,1.614259070144188,2.6666666666666665,3.0,,2.0,3.0,3.0,3.0
2022,초6,,1.614259070144188,3.0,3.0,,3.0,3.0,3.0,3.0
2022,초4,,1.549182307960334,3.6666666666666665,2.0,,3.0,4.0,4.0,2.0
2022,초4,,1.549182307960334,3.6666666666666665,3.0,,4.0,4.0,3.0,3.0
2022,초4,,1.549182307960334,3.6666666666666665,4.0,,3.0,4.0,4.0,4.0
2022,초4,,1.549182307960334,2.6666666666666665,2.0,,3.0,3.0,2.0,2.0
2022,초4,,1.549182307960334,3.6666666666666665,3.0,,3.0,4.0,4.0,3.0
2022,초4,,1.549182307960334,1.3333333333333333,2.0,,2.0,1.0,1.0,2.0
2022,초4,,1.549182307960334,4.0,4.0,,4.0,4.0,4.0,4.0
2022,초4,,1.549182307960334,3.0,4.0,,2.0,3.0,4.0,4.0
2022,초4,,1.549182307960334,3.0,3.0,,3.0,3.0,3.0,3.0
2022,초4,,1.549182307960334,3.6666666666666665,4.0,,3.0,4.0,4.0,4.0
2022,초4,,1.2757368947934726,3.3333333333333335,4.0,,3.0,3.0,4.0,4.0
2022,초4,,1.2757368947934726,3.6666666666666665,2.0,,3.0,4.0,4.0,2.0
2022,초4,,1.2757368947934726,2.3333333333333335,2.0,,2.0,3.0,2.0,2.0
2022,초4,,1.2757368947934726,3.0,3.0,,3.0,3.0,3.0,3.0
2022,초4,,1.2757368947934726,3.6666666666666665,4.0,,3.0,4.0,4.0,4.0
2022,초4,,1.2757368947934726,4.0,4.0,,4.0,4.0,4.0,4.0
2022,초4,,1.2757368947934726,3.0,4.0,,3.0,3.0,3.0,4.0
2022,초4,,1.2757368947934726,3.0,3.0,,3.0,3.0,3.0,3.0
2022,초4,,1.2757368947934726,4.0,4.0,,4.0,4.0,4.0,4.0
2022,초4,,1.2757368947934726,4.0,4.0,,4.0,4.0,4.0,4.0
2022,초4,,1.2757368947934726,3.0,3.0,,3.0,3.0,3.0,3.0
2022,초4,,1.2757368947934726,3.6666666666666665,4.0,,3.0,4.0,4.0,4.0
2022,초4,,1.2757368947934726,3.6666666666666665,3.0,,3.0,4.0,4.0,3.0
2022,초5,,1.6797800423088178,3.3333333333333335,3.0,,3.0,4.0,3.0,3.0
2022,초5,,1.6797800423088178,2.6666666666666665,4.0,,3.0,3.0,2.0,4.0
2022,초5,,1.6797800423088178,2.6666666666666665,1.0,,3.0,3.0,2.0,1.0
2022,초5,,1.6797800423088178,3.6666666666666665,4.0,,4.0,4.0,3.0,4.0
2022,초5,,1.6797800423088178,3.3333333333333335,3.0,,3.0,4.0,3.0,3.0
2022,초5,,1.6797800423088178,3.6666666666666665,3.0,,4.0,4.0,3.0,3.0
2022,초5,,1.6797800423088178,3.0,3.0,,3.0,3.0,3.0,3.0
2022,초5,,1.6797800423088178,2.6666666666666665,2.0,,3.0,3.0,2.0,2.0
2022,초5,,1.6797800423088178,3.0,3.0,,3.0,3.0,3.0,3.0
2022,초5,,1.6797800423088178,2.0,1.0,,2.0,3.0,1.0,1.0
2022,초5,,1.0589965941727415,3.6666666666666665,3.0,,3.0,4.0,4.0,3.0
2022,초5,,1.0589965941727415,4.0,4.0,,4.0,4.0,4.0,4.0
2022,초5,,1.0589965941727415,3.0,3.0,,4.0,4.0,1.0,3.0
2022,초5,,1.0589965941727415,3.6666666666666665,3.0,,3.0,4.0,4.0,3.0
2022,초5,,1.0589965941727415,3.0,1.0,,1.0,4.0,4.0,1.0
2022,초5,,1.0589965941727415,3.3333333333333335,3.0,,3.0,4.0,3.0,3.0
2022,초5,,1.0589965941727415,3.6666666666666665,4.0,,3.0,4.0,4.0,4.0
2022,초5,,1.0589965941727415,3.0,2.0,,3.0,4.0,2.0,2.0
2022,초5,,1.0589965941727415,4.0,4.0,,4.0,4.0,4.0,4.0
2022,초5,,1.0589965941727415,3.3333333333333335,4.0,,3.0,3.0,4.0,4.0
2022,초5,,1.0589965941727415,2.6666666666666665,2.0,,3.0,4.0,1.0,2.0
2022,초5,,1.0589965941727415,4.0,3.0,,4.0,4.0,4.0,3.0
2022,초5,,1.0589965941727415,3.0,2.0,,3.0,4.0,2.0,2.0
2022,초5,,1.0589965941727415,4.0,4.0,,4.0,4.0,4.0,4.0
2022,초5,,1.0589965941727415,3.3333333333333335,2.0,,3.0,4.0,3.0,2.0
2022,초6,,0.5885782245297327,3.3333333333333335,4.0,,3.0,4.0,3.0,4.0
2022,초6,,0.5885782245297327,3.6666666666666665,4.0,,4.0,4.0,3.0,4.0
2022,초6,,0.5885782245297327,3.6666666666666665,4.0,,4.0,4.0,3.0,4.0
2022,초6,,0.5885782245297327,3.3333333333333335,3.0,,3.0,4.0,3.0,3.0
2022,초6,,0.5885782245297327,2.6666666666666665,3.0,,3.0,3.0,2.0,3.0
2022,초6,,0.5885782245297327,3.0,2.0,,3.0,3.0,3.0,2.0
2022,초6,,0.5885782245297327,3.0,3.0,,3.0,3.0,3.0,3.0
2022,초6,,0.5885782245297327,3.6666666666666665,3.0,,4.0,4.0,3.0,3.0
2022,초6,,0.5885782245297327,3.0,3.0,,3.0,4.0,2.0,3.0
2022,초6,,0.5885782245297327,2.6666666666666665,3.0,,3.0,3.0,2.0,3.0
2022,초6,,0.5885782245297327,3.6666666666666665,4.0,,3.0,4.0,4.0,4.0
2022,초6,,0.5885782245297327,3.3333333333333335,3.0,,3.0,4.0,3.0,3.0
2022,초6,,0.5885782245297327,3.3333333333333335,3.0,,3.0,4.0,3.0,3.0
2022,초6,,0.6414795949677397,4.0,4.0,,4.0,4.0,4.0,4.0
2022,초6,,0.6414795949677397,4.0,4.0,,4.0,4.0,4.0,4.0
2022,초6,,0.6414795949677397,3.0,3.0,,3.0,3.0,3.0,3.0
2022,초6,,0.6414795949677397,4.0,4.0,,4.0,4.0,4.0,4.0
2022,초6,,0.6414795949677397,4.0,4.0,,4.0,4.0,4.0,4.0
2022,초6,,0.6414795949677397,3.3333333333333335,3.0,,3.0,4.0,3.0,3.0
2022,초6,,0.6414795949677397,3.3333333333333335,4.0,,3.0,4.0,3.0,4.0
2022,초6,,0.6414795949677397,2.6666666666666665,1.0,,2.0,4.0,2.0,1.0
2022,초6,,0.6414795949677397,3.0,3.0,,3.0,3.0,3.0,3.0
2022,초6,,0.6414795949677397,4.0,4.0,,4.0,4.0,4.0,4.0
2022,초6,,0.6414795949677397,3.3333333333333335,4.0,,4.0,4.0,2.0,4.0
2022,초5,,0.6690912835455921,3.0,4.0,,3.0,3.0,3.0,4.0
2022,초5,,0.6690912835455921,3.6666666666666665,3.0,,4.0,4.0,3.0,3.0
2022,초5,,0.6690912835455921,3.6666666666666665,4.0,,4.0,4.0,3.0,4.0
2022,초5,,0.6690912835455921,3.6666666666666665,3.0,,3.0,4.0,4.0,3.0
2022,초5,,0.6690912835455921,3.6666666666666665,3.0,,4.0,4.0,3.0,3.0
2022,초5,,0.6690912835455921,4.0,3.0,,4.0,4.0,4.0,3.0
2022,초5,,0.6690912835455921,2.6666666666666665,4.0,,2.0,3.0,3.0,4.0
2022,초5,,0.6690912835455921,3.0,2.0,,3.0,4.0,2.0,2.0
2022,초5,,0.6690912835455921,3.6666666666666665,3.0,,4.0,4.0,3.0,3.0
2022,초5,,0.6690912835455921,3.3333333333333335,3.0,,3.0,3.0,4.0,3.0
2022,초5,,0.6690912835455921,3.0,2.0,,3.0,3.0,3.0,2.0
2022,초5,,0.49677482850245347,3.0,3.0,,3.0,4.0,2.0,3.0
2022,초5,,0.49677482850245347,4.0,4.0,,4.0,4.0,4.0,4.0
2022,초5,,0.49677482850245347,3.3333333333333335,3.0,,4.0,3.0,3.0,3.0
2022,초5,,0.49677482850245347,3.3333333333333335,4.0,,3.0,3.0,4.0,4.0
2022,초5,,0.49677482850245347,4.0,3.0,,4.0,4.0,4.0,3.0
2022,초5,,0.49677482850245347,3.6666666666666665,2.0,,4.0,4.0,3.0,2.0
2022,초5,,0.49677482850245347,3.0,2.0,,3.0,4.0,2.0,2.0
2022,초5,,0.49677482850245347,3.0,3.0,,3.0,3.0,3.0,3.0
2022,초5,,0.49677482850245347,3.6666666666666665,3.0,,4.0,4.0,3.0,3.0
2022,초5,,0.49677482850245347,3.3333333333333335,4.0,,3.0,3.0,4.0,4.0
2022,초5,,0.49677482850245347,3.0,3.0,,3.0,2.0,4.0,3.0
2022,초5,,0.49677482850245347,4.0,4.0,,4.0,4.0,4.0,4.0
2022,초5,,0.49677482850245347,3.6666666666666665,3.0,,4.0,4.0,3.0,3.0
2022,초4,,0.6319741226518089,3.6666666666666665,3.0,,4.0,4.0,3.0,3.0
2022,초4,,0.6319741226518089,3.6666666666666665,4.0,,3.0,4.0,4.0,4.0
2022,초4,,0.6319741226518089,3.3333333333333335,4.0,,2.0,4.0,4.0,4.0
2022,초4,,0.6319741226518089,3.0,3.0,,3.0,4.0,2.0,3.0
2022,초4,,0.6319741226518089,4.0,4.0,,4.0,4.0,4.0,4.0
2022,초4,,0.6319741226518089,2.6666666666666665,2.0,,3.0,3.0,2.0,2.0
2022,초4,,0.6319741226518089,3.6666666666666665,4.0,,4.0,4.0,3.0,4.0
2022,초4,,0.6319741226518089,4.0,3.0,,4.0,4.0,4.0,3.0
2022,초4,,0.6319741226518089,4.0,4.0,,4.0,4.0,4.0,4.0
2022,초4,,0.6319741226518089,3.3333333333333335,3.0,,3.0,4.0,3.0,3.0
2022,초4,,0.6319741226518089,3.0,1.0,,3.0,4.0,2.0,1.0
2022,초4,,0.6319741226518089,4.0,3.0,,4.0,4.0,4.0,3.0
2022,초4,,0.6319741226518089,3.6666666666666665,4.0,,3.0,4.0,4.0,4.0
2022,초4,,0.5408256515961885,3.0,3.0,,3.0,3.0,3.0,3.0
2022,초4,,0.5408256515961885,3.0,3.0,,3.0,4.0,2.0,3.0
2022,초4,,0.5408256515961885,3.6666666666666665,3.0,,4.0,4.0,3.0,3.0
2022,초4,,0.5408256515961885,3.3333333333333335,3.0,,3.0,3.0,4.0,3.0
2022,초4,,0.5408256515961885,4.0,4.0,,4.0,4.0,4.0,4.0
2022,초4,,0.5408256515961885,3.6666666666666665,3.0,,4.0,4.0,3.0,3.0
2022,초4,,0.5408256515961885,2.6666666666666665,2.0,,3.0,2.0,3.0,2.0
2022,초4,,0.5408256515961885,4.0,4.0,,4.0,4.0,4.0,4.0
2022,초4,,0.5408256515961885,3.6666666666666665,2.0,,4.0,4.0,3.0,2.0
2022,초4,,0.5408256515961885,3.0,3.0,,3.0,4.0,2.0,3.0
2022,초4,,0.5408256515961885,4.0,4.0,,4.0,4.0,4.0,4.0
2022,초4,,0.5408256515961885,3.3333333333333335,3.0,,3.0,4.0,3.0,3.0
2022,초4,,0.5408256515961885,2.6666666666666665,1.0,,2.0,4.0,2.0,1.0
2022,초4,,0.5408256515961885,3.3333333333333335,3.0,,3.0,4.0,3.0,3.0
2024,초6,1.0,1.1975292985097943,1.0,4.0,4.0,1.0,1.0,1.0,4.0
2024,초6,1.0,1.1975292985097943,1.0,1.0,2.3333333333333335,1.0,1.0,1.0,1.0
2024,초6,2.0,1.2429767919516674,1.3333333333333333,4.0,3.3333333333333335,2.0,1.0,1.0,4.0
2024,초6,1.0,1.1975292985097943,1.3333333333333333,4.0,4.0,2.0,1.0,1.0,4.0
2024,초6,2.0,1.2429767919516674,1.0,1.0,2.3333333333333335,1.0,1.0,1.0,1.0
2024,초6,2.0,1.2429767919516674,2.6666666666666665,4.0,3.3333333333333335,2.0,3.0,3.0,4.0
2024,초6,1.0,1.1975292985097943,1.0,3.0,3.0,1.0,1.0,1.0,3.0
2024,초6,2.0,1.2429767919516674,1.0,4.0,3.6666666666666665,1.0,1.0,1.0,4.0
2024,초6,2.0,1.2429767919516674,1.6666666666666667,4.0,4.0,2.0,1.0,2.0,4.0
2024,초6,1.0,1.1975292985097943,1.6666666666666667,3.0,3.3333333333333335,2.0,2.0,1.0,3.0
2024,초6,2.0,1.2429767919516674,1.6666666666666667,4.0,3.6666666666666665,2.0,2.0,1.0,4.0
2024,초6,1.0,1.1975292985097943,3.3333333333333335,4.0,3.3333333333333335,4.0,3.0,3.0,4.0
2024,초6,2.0,1.2429767919516674,1.0,1.0,2.6666666666666665,1.0,1.0,1.0,1.0
2024,초6,1.0,1.1975292985097943,2.3333333333333335,3.0,,2.0,3.0,2.0,3.0
2024,초6,1.0,1.1975292985097943,3.0,3.0,2.3333333333333335,3.0,3.0,3.0,3.0
2024,초6,2.0,1.2429767919516674,1.0,3.0,3.3333333333333335,1.0,1.0,1.0,3.0
2024,초6,2.0,1.2429767919516674,1.0,3.0,2.6666666666666665,1.0,1.0,1.0,3.0
2024,초6,1.0,1.1975292985097943,1.0,3.0,,1.0,1.0,1.0,3.0
2024,초6,1.0,1.1975292985097943,1.3333333333333333,2.0,2.0,2.0,1.0,1.0,2.0
2024,초5,1.0,0.6592680297328048,1.0,4.0,4.0,1.0,1.0,1.0,4.0
2024,초5,1.0,0.6592680297328048,1.0,1.0,2.3333333333333335,1.0,1.0,1.0,1.0
2024,초5,1.0,0.6592680297328048,1.0,3.0,3.0,1.0,1.0,1.0,3.0
2024,초5,1.0,0.6592680297328048,2.3333333333333335,2.0,2.6666666666666665,2.0,3.0,2.0,2.0
2024,초5,1.0,0.6592680297328048,2.0,4.0,4.0,2.0,2.0,2.0,4.0
2024,초5,2.0,1.3772664540184225,3.6666666666666665,2.0,,3.0,4.0,4.0,2.0
2024,초5,1.0,0.6592680297328048,1.0,4.0,4.0,1.0,1.0,1.0,4.0
2024,초5,2.0,1.3772664540184225,2.6666666666666665,4.0,4.0,3.0,2.0,3.0,4.0
2024,초5,2.0,1.3772664540184225,1.0,3.0,3.0,1.0,1.0,1.0,3.0
2024,초5,2.0,1.3772664540184225,1.6666666666666667,4.0,4.0,2.0,2.0,1.0,4.0
2024,초5,1.0,0.6592680297328048,1.0,1.0,2.6666666666666665,1.0,1.0,1.0,1.0
2024,초5,1.0,0.6592680297328048,2.0,4.0,3.6666666666666665,1.0,3.0,2.0,4.0
2024,초5,1.0,0.6592680297328048,2.0,4.0,4.0,2.0,2.0,2.0,4.0
2024,초5,1.0,0.6592680297328048,1.0,1.0,2.0,1.0,1.0,1.0,1.0
2024,초5,2.0,1.3772664540184225,1.0,4.0,4.0,1.0,1.0,1.0,4.0
2024,초5,2.0,1.3772664540184225,2.3333333333333335,4.0,4.0,2.0,2.0,3.0,4.0
2024,초5,1.0,0.6592680297328048,2.0,3.0,3.6666666666666665,2.0,2.0,2.0,3.0
2024,초5,2.0,1.3772664540184225,2.3333333333333335,3.0,3.0,3.0,2.0,2.0,3.0
2024,초5,2.0,1.3772664540184225,1.0,4.0,4.0,1.0,1.0,1.0,4.0
2024,초5,1.0,0.6592680297328048,3.6666666666666665,2.0,1.6666666666666667,4.0,4.0,3.0,2.0
2024,초5,2.0,1.3772664540184225,2.3333333333333335,2.0,2.0,2.0,3.0,2.0,2.0
2024,초5,2.0,1.3772664540184225,1.6666666666666667,1.0,2.6666666666666665,2.0,1.0,2.0,1.0
2024,초5,1.0,0.6592680297328048,2.3333333333333335,3.0,3.3333333333333335,3.0,2.0,2.0,3.0
2024,초5,1.0,0.6592680297328048,2.0,3.0,3.0,2.0,2.0,2.0,3.0
2024,초5,1.0,0.6592680297328048,2.6666666666666665,4.0,3.3333333333333335,3.0,2.0,3.0,4.0
2024,초5,2.0,1.3772664540184225,2.6666666666666665,3.0,3.0,3.0,3.0,2.0,3.0
2024,초4,2.0,0.8036004116715951,3.6666666666666665,3.0,2.3333333333333335,4.0,3.0,4.0,3.0
2024,초4,2.0,0.8036004116715951,1.0,3.0,3.3333333333333335,1.0,1.0,1.0,3.0
2024,초4,1.0,0.8889747545385417,1.6666666666666667,4.0,3.0,2.0,1.0,2.0,4.0
2024,초4,2.0,0.8036004116715951,2.6666666666666665,4.0,3.6666666666666665,3.0,3.0,2.0,4.0
2024,초4,2.0,0.8036004116715951,1.6666666666666667,3.0,3.3333333333333335,2.0,1.0,2.0,3.0
2024,초4,1.0,0.8889747545385417,3.3333333333333335,1.0,1.6666666666666667,3.0,4.0,3.0,1.0
2024,초4,1.0,0.8889747545385417,1.6666666666666667,4.0,4.0,1.0,1.0,3.0,4.0
2024,초4,1.0,0.8889747545385417,2.6666666666666665,2.0,3.3333333333333335,3.0,2.0,3.0,2.0
2024,초4,1.0,0.8889747545385417,1.3333333333333333,4.0,3.6666666666666665,1.0,2.0,1.0,4.0
2024,초4,1.0,0.8889747545385417,1.0,4.0,3.3333333333333335,1.0,1.0,1.0,4.0
2024,초4,1.0,0.8889747545385417,2.3333333333333335,2.0,2.3333333333333335,2.0,2.0,3.0,2.0
2024,초4,1.0,0.8889747545385417,2.0,4.0,4.0,2.0,1.0,3.0,4.0
2024,초4,2.0,0.8036004116715951,1.3333333333333333,4.0,3.3333333333333335,2.0,1.0,1.0,4.0
2024,초4,1.0,0.8889747545385417,2.0,4.0,4.0,2.0,2.0,2.0,4.0
2024,초4,2.0,0.8036004116715951,1.0,4.0,4.0,1.0,1.0,1.0,4.0
2024,초4,2.0,0.8036004116715951,1.3333333333333333,3.0,3.3333333333333335,2.0,1.0,1.0,3.0
2024,초4,2.0,0.8036004116715951,2.0,4.0,3.6666666666666665,2.0,2.0,2.0,4.0
2024,초4,1.0,0.8889747545385417,1.0,4.0,4.0,1.0,1.0,1.0,4.0
2024,초4,2.0,0.8036004116715951,1.0,4.0,4.0,1.0,1.0,1.0,4.0
2024,초4,2.0,0.8036004116715951,3.0,2.0,2.6666666666666665,3.0,3.0,3.0,2.0
2024,초4,1.0,0.8889747545385417,1.0,3.0,3.3333333333333335,1.0,1.0,1.0,3.0
2024,초4,1.0,0.8889747545385417,2.3333333333333335,4.0,3.6666666666666665,1.0,3.0,3.0,4.0
2024,초4,2.0,0.8036004116715951,1.0,4.0,3.6666666666666665,1.0,1.0,1.0,4.0
2024,초4,2.0,0.8036004116715951,1.0,4.0,4.0,1.0,1.0,1.0,4.0
2024,초4,2.0,0.8036004116715951,3.0,3.0,2.3333333333333335,3.0,3.0,3.0,3.0
2024,초4,2.0,0.8036004116715951,1.0,3.0,3.0,1.0,1.0,1.0,3.0
2024,초4,2.0,0.9030572963849172,2.3333333333333335,3.0,3.3333333333333335,3.0,2.0,2.0,3.0
2024,초4,2.0,0.9030572963849172,2.3333333333333335,3.0,3.0,3.0,1.0,3.0,3.0
2024,초4,1.0,0.8851133123863608,1.0,1.0,2.0,1.0,1.0,1.0,1.0
2024,초4,1.0,0.8851133123863608,1.6666666666666667,4.0,3.3333333333333335,1.0,2.0,2.0,4.0
2024,초4,1.0,0.8851133123863608,1.0,4.0,4.0,1.0,1.0,1.0,4.0
2024,초4,1.0,0.8851133123863608,1.0,4.0,4.0,1.0,1.0,1.0,4.0
2024,초4,2.0,0.9030572963849172,1.0,1.0,2.6666666666666665,1.0,1.0,1.0,1.0
2024,초4,2.0,0.9030572963849172,1.0,,,1.0,1.0,1.0,
2024,초4,2.0,0.9030572963849172,1.0,3.0,3.3333333333333335,1.0,1.0,1.0,3.0
2024,초4,1.0,0.8851133123863608,1.0,4.0,4.0,1.0,1.0,1.0,4.0
2024,초4,2.0,0.9030572963849172,1.0,4.0,4.0,1.0,1.0,1.0,4.0
2024,초4,2.0,0.9030572963849172,1.0,4.0,4.0,1.0,1.0,1.0,4.0
2024,초4,1.0,0.8851133123863608,3.0,2.0,2.0,3.0,3.0,3.0,2.0
2024,초4,2.0,0.9030572963849172,1.0,4.0,4.0,1.0,1.0,1.0,4.0
2024,초4,1.0,0.8851133123863608,1.0,4.0,4.0,1.0,1.0,1.0,4.0
2024,초4,2.0,0.9030572963849172,1.0,1.0,3.0,1.0,1.0,1.0,1.0
2024,초4,2.0,0.9030572963849172,1.0,1.0,2.6666666666666665,1.0,1.0,1.0,1.0
2024,초4,2.0,0.9030572963849172,1.0,4.0,4.0,1.0,1.0,1.0,4.0
2024,초4,1.0,0.8851133123863608,1.0,3.0,3.0,1.0,1.0,1.0,3.0
2024,초4,1.0,0.8851133123863608,1.0,4.0,4.0,1.0,1.0,1.0,4.0
2024,초4,1.0,0.8851133123863608,1.0,4.0,4.0,1.0,1.0,1.0,4.0
2024,초4,2.0,0.9030572963849172,1.0,3.0,3.6666666666666665,1.0,1.0,1.0,3.0
2024,초6,1.0,0.8427058026550405,2.3333333333333335,3.0,2.6666666666666665,2.0,3.0,2.0,3.0
2024,초6,1.0,0.8427058026550405,1.3333333333333333,1.0,2.3333333333333335,2.0,1.0,1.0,1.0
2024,초6,1.0,0.8427058026550405,2.3333333333333335,3.0,3.0,3.0,2.0,2.0,3.0
2024,초6,1.0,0.8427058026550405,1.0,3.0,3.0,1.0,1.0,1.0,3.0
2024,초6,1.0,0.8427058026550405,2.3333333333333335,3.0,2.6666666666666665,3.0,2.0,2.0,3.0
2024,초6,1.0,0.8427058026550405,3.6666666666666665,4.0,3.6666666666666665,3.0,4.0,4.0,4.0
2024,초6,1.0,0.8427058026550405,1.6666666666666667,3.0,3.0,3.0,1.0,1.0,3.0
2024,초6,1.0,0.8427058026550405,1.3333333333333333,4.0,4.0,1.0,1.0,2.0,4.0
2024,초6,1.0,0.8427058026550405,3.0,4.0,4.0,3.0,4.0,2.0,4.0
2024,초6,1.0,0.8427058026550405,2.0,3.0,3.0,2.0,2.0,2.0,3.0
2024,초6,1.0,0.8427058026550405,2.0,4.0,4.0,2.0,2.0,2.0,4.0
2024,초6,1.0,0.8427058026550405,1.0,4.0,4.0,1.0,1.0,1.0,4.0
2024,초6,1.0,0.8427058026550405,2.6666666666666665,4.0,3.3333333333333335,3.0,3.0,2.0,4.0
2024,초6,1.0,0.8427058026550405,2.6666666666666665,2.0,2.6666666666666665,3.0,3.0,2.0,2.0
2024,초6,2.0,0.8746873721141364,2.6666666666666665,2.0,2.0,3.0,2.0,3.0,2.0
2024,초6,2.0,0.8746873721141364,1.0,1.0,2.6666666666666665,1.0,1.0,1.0,1.0
2024,초6,2.0,0.8746873721141364,1.0,4.0,3.3333333333333335,1.0,1.0,1.0,4.0
2024,초6,2.0,0.8746873721141364,2.0,3.0,2.3333333333333335,2.0,2.0,2.0,3.0
2024,초6,2.0,0.8746873721141364,2.0,4.0,3.6666666666666665,2.0,2.0,2.0,4.0
2024,초6,2.0,0.8746873721141364,1.0,3.0,3.0,1.0,1.0,1.0,3.0
2024,초6,2.0,0.8746873721141364,2.0,3.0,3.0,2.0,2.0,2.0,3.0
2024,초6,2.0,0.8746873721141364,2.0,4.0,3.0,2.0,3.0,1.0,4.0
2024,초6,2.0,0.8746873721141364,1.3333333333333333,4.0,4.0,2.0,1.0,1.0,4.0
2024,초6,2.0,0.8746873721141364,2.3333333333333335,3.0,3.3333333333333335,2.0,3.0,2.0,3.0
2024,초6,2.0,0.8746873721141364,2.0,3.0,3.0,2.0,2.0,2.0,3.0
2024,초6,2.0,0.8746873721141364,1.0,3.0,3.0,1.0,1.0,1.0,3.0
2024,초6,2.0,0.8746873721141364,3.0,3.0,2.6666666666666665,3.0,3.0,3.0,3.0
2024,초5,1.0,0.8091016728538969,1.0,4.0,3.3333333333333335,1.0,1.0,1.0,4.0
2024,초5,1.0,0.8091016728538969,1.0,4.0,4.0,1.0,1.0,1.0,4.0
2024,초5,1.0,0.8091016728538969,3.0,2.0,3.3333333333333335,3.0,3.0,3.0,2.0
2024,초5,1.0,0.8091016728538969,2.0,2.0,2.3333333333333335,2.0,2.0,2.0,2.0
2024,초5,1.0,0.8091016728538969,1.0,4.0,4.0,1.0,1.0,1.0,4.0
2024,초5,1.0,0.8091016728538969,1.6666666666666667,4.0,3.6666666666666665,1.0,3.0,1.0,4.0
2024,초5,2.0,1.6902815572044276,3.0,3.0,3.0,3.0,3.0,3.0,3.0
2024,초5,1.0,0.8091016728538969,2.6666666666666665,1.0,2.0,2.0,3.0,3.0,1.0
2024,초5,1.0,0.8091016728538969,1.3333333333333333,3.0,3.0,1.0,2.0,1.0,3.0
2024,초5,2.0,1.6902815572044276,1.0,4.0,4.0,1.0,1.0,1.0,4.0
2024,초5,1.0,0.8091016728538969,1.0,4.0,4.0,1.0,1.0,1.0,4.0
2024,초5,1.0,0.8091016728538969,1.0,4.0,3.6666666666666665,1.0,1.0,1.0,4.0
2024,초5,1.0,0.8091016728538969,1.0,4.0,4.0,1.0,1.0,1.0,4.0
2024,초5,1.0,0.8091016728538969,2.6666666666666665,2.0,2.3333333333333335,3.0,2.0,3.0,2.0
2024,초5,2.0,1.6902815572044276,1.0,4.0,4.0,1.0,1.0,1.0,4.0
2024,초5,1.0,0.8091016728538969,1.3333333333333333,4.0,4.0,1.0,2.0,1.0,4.0
2024,초5,1.0,0.8091016728538969,2.0,3.0,2.3333333333333335,2.0,2.0,2.0,3.0
2024,초5,1.0,0.8091016728538969,2.0,2.0,2.6666666666666665,2.0,1.0,3.0,2.0
2024,초5,1.0,0.8091016728538969,1.0,3.0,3.6666666666666665,1.0,1.0,1.0,3.0
2024,초5,1.0,0.8091016728538969,1.0,1.0,2.0,1.0,1.0,1.0,1.0
2024,초5,2.0,1.6902815572044276,2.3333333333333335,3.0,3.0,3.0,2.0,2.0,3.0
2024,초5,2.0,0.9159739738243374,2.0,,,2.0,2.0,2.0,
2024,초5,2.0,0.9159739738243374,3.3333333333333335,4.0,3.0,4.0,3.0,3.0,4.0
2024,초5,1.0,0.965406567990305,1.0,1.0,2.0,1.0,1.0,1.0,1.0
2024,초5,2.0,0.9159739738243374,1.0,1.0,2.0,1.0,1.0,1.0,1.0
2024,초5,1.0,0.965406567990305,1.3333333333333333,4.0,4.0,2.0,1.0,1.0,4.0
2024,초5,1.0,0.965406567990305,1.0,4.0,3.3333333333333335,1.0,1.0,1.0,4.0
2024,초5,2.0,0.9159739738243374,2.6666666666666665,3.0,3.0,2.0,3.0,3.0,3.0
2024,초5,2.0,0.9159739738243374,2.0,3.0,3.3333333333333335,2.0,3.0,1.0,3.0
2024,초5,1.0,0.965406567990305,1.6666666666666667,3.0,3.0,2.0,1.0,2.0,3.0
2024,초5,1.0,0.965406567990305,2.0,3.0,3.6666666666666665,2.0,2.0,2.0,3.0
2024,초5,2.0,0.9159739738243374,1.3333333333333333,4.0,4.0,2.0,1.0,1.0,4.0
2024,초5,1.0,0.965406567990305,2.0,1.0,2.0,2.0,2.0,2.0,1.0
2024,초5,2.0,0.9159739738243374,1.6666666666666667,4.0,4.0,2.0,1.0,2.0,4.0
2024,초5,2.0,0.9159739738243374,1.0,4.0,4.0,1.0,1.0,1.0,4.0
2024,초5,2.0,0.9159739738243374,4.0,4.0,3.6666666666666665,4.0,4.0,4.0,4.0
2024,초5,1.0,0.965406567990305,1.0,1.0,3.0,1.0,1.0,1.0,1.0
2024,초5,2.0,0.9159739738243374,1.0,1.0,2.3333333333333335,1.0,1.0,1.0,1.0
2024,초5,1.0,0.965406567990305,2.6666666666666665,2.0,2.0,3.0,3.0,2.0,2.0
2024,초5,1.0,0.965406567990305,1.6666666666666667,4.0,4.0,1.0,2.0,2.0,4.0
2024,초5,1.0,0.965406567990305,2.3333333333333335,3.0,3.0,2.0,3.0,2.0,3.0
2024,초5,2.0,0.9159739738243374,1.0,1.0,3.0,1.0,1.0,1.0,1.0
2024,초5,1.0,0.965406567990305,1.0,1.0,2.0,1.0,1.0,1.0,1.0
2024,초5,1.0,0.965406567990305,2.0,3.0,3.6666666666666665,2.0,2.0,2.0,3.0
2024,초5,2.0,0.9159739738243374,1.0,4.0,4.0,1.0,1.0,1.0,4.0
2024,초5,2.0,0.9159739738243374,2.6666666666666665,2.0,2.3333333333333335,3.0,2.0,3.0,2.0
2024,초5,2.0,0.9159739738243374,1.0,4.0,4.0,1.0,1.0,1.0,4.0
2024,초5,1.0,0.965406567990305,1.0,4.0,4.0,1.0,1.0,1.0,4.0
2024,초6,2.0,1.8199246185189077,1.6666666666666667,4.0,3.0,2.0,1.0,2.0,4.0
2024,초6,1.0,1.5805018778646034,1.0,4.0,3.6666666666666665,1.0,1.0,1.0,4.0
2024,초6,1.0,1.5805018778646034,2.0,3.0,3.0,2.0,2.0,2.0,3.0
2024,초6,1.0,1.5805018778646034,1.0,1.0,2.0,1.0,1.0,1.0,1.0
2024,초6,1.0,1.5805018778646034,1.6666666666666667,3.0,2.3333333333333335,2.0,1.0,2.0,3.0
2024,초6,2.0,1.8199246185189077,1.0,3.0,3.0,1.0,1.0,1.0,3.0
2024,초6,1.0,1.5805018778646034,1.0,4.0,4.0,1.0,1.0,1.0,4.0
2024,초6,2.0,1.8199246185189077,1.0,4.0,4.0,1.0,1.0,1.0,4.0
2024,초6,1.0,1.5805018778646034,1.0,4.0,4.0,1.0,1.0,1.0,4.0
2024,초6,2.0,1.8199246185189077,3.0,3.0,2.6666666666666665,2.0,3.0,4.0,3.0
2024,초6,2.0,1.8199246185189077,3.3333333333333335,3.0,2.3333333333333335,2.0,4.0,4.0,3.0
2024,초6,2.0,1.8199246185189077,3.0,4.0,2.0,3.0,3.0,3.0,4.0
2024,초6,1.0,1.5805018778646034,1.0,4.0,3.6666666666666665,1.0,1.0,1.0,4.0
2024,초6,1.0,1.5805018778646034,1.6666666666666667,4.0,4.0,2.0,2.0,1.0,4.0
2024,초6,1.0,1.5805018778646034,2.0,3.0,3.0,2.0,2.0,2.0,3.0
2024,초6,2.0,1.8199246185189077,1.0,4.0,4.0,1.0,1.0,1.0,4.0
2024,초6,1.0,1.5805018778646034,1.0,4.0,3.6666666666666665,1.0,1.0,1.0,4.0
2024,초6,2.0,1.8199246185189077,2.6666666666666665,2.0,2.0,3.0,2.0,3.0,2.0
2024,초5,1.0,1.2367227561053946,3.0,3.0,3.0,3.0,3.0,3.0,3.0
2024,초5,1.0,1.2367227561053946,1.0,3.0,2.6666666666666665,1.0,1.0,1.0,3.0
2024,초5,2.0,1.4474258304378964,1.6666666666666667,1.0,2.3333333333333335,1.0,1.0,3.0,1.0
2024,초5,2.0,1.4474258304378964,2.6666666666666665,4.0,3.6666666666666665,2.0,3.0,3.0,4.0
2024,초5,1.0,1.2367227561053946,1.0,1.0,3.0,1.0,1.0,1.0,1.0
2024,초5,1.0,1.2367227561053946,2.0,3.0,2.6666666666666665,2.0,2.0,2.0,3.0
2024,초5,1.0,1.2367227561053946,2.6666666666666665,3.0,2.6666666666666665,3.0,3.0,2.0,3.0
2024,초5,2.0,1.4474258304378964,3.0,4.0,3.6666666666666665,3.0,3.0,3.0,4.0
2024,초5,2.0,1.4474258304378964,2.3333333333333335,3.0,3.0,3.0,3.0,1.0,3.0
2024,초5,1.0,1.2367227561053946,3.0,3.0,3.0,3.0,3.0,3.0,3.0
2024,초5,1.0,1.2367227561053946,2.0,4.0,4.0,1.0,1.0,4.0,4.0
2024,초5,2.0,1.4474258304378964,1.0,4.0,3.6666666666666665,1.0,1.0,1.0,4.0
2024,초5,1.0,1.2367227561053946,2.0,3.0,3.0,2.0,2.0,2.0,3.0
2024,초5,1.0,1.2367227561053946,1.3333333333333333,1.0,2.3333333333333335,1.0,2.0,1.0,1.0
2024,초5,1.0,1.2367227561053946,2.6666666666666665,4.0,2.6666666666666665,3.0,1.0,4.0,4.0
2024,초5,2.0,1.4474258304378964,1.0,4.0,4.0,1.0,1.0,1.0,4.0
2024,초5,2.0,1.4474258304378964,2.6666666666666665,3.0,3.0,2.0,3.0,3.0,3.0
2024,초5,2.0,1.4474258304378964,2.3333333333333335,4.0,3.6666666666666665,2.0,3.0,2.0,4.0
2024,초5,1.0,1.2367227561053946,2.0,2.0,2.3333333333333335,2.0,2.0,2.0,2.0
2024,초5,2.0,1.4474258304378964,1.0,2.0,2.0,1.0,1.0,1.0,2.0
2024,초5,2.0,1.4474258304378964,3.0,4.0,2.6666666666666665,3.0,3.0,3.0,4.0
2024,초5,2.0,1.4474258304378964,1.3333333333333333,4.0,3.3333333333333335,2.0,1.0,1.0,4.0
2024,초5,1.0,1.2367227561053946,1.6666666666666667,3.0,3.0,2.0,2.0,1.0,3.0
2024,초5,1.0,1.18519264126767,1.6666666666666667,2.0,2.3333333333333335,3.0,1.0,1.0,2.0
2024,초5,2.0,1.3871164208363174,1.3333333333333333,3.0,3.0,1.0,2.0,1.0,3.0
2024,초5,1.0,1.18519264126767,3.6666666666666665,3.0,3.6666666666666665,3.0,4.0,4.0,3.0
2024,초5,1.0,1.18519264126767,1.0,4.0,4.0,1.0,1.0,1.0,4.0
2024,초5,2.0,1.3871164208363174,1.0,2.0,2.3333333333333335,1.0,1.0,1.0,2.0
2024,초5,2.0,1.3871164208363174,2.0,2.0,2.3333333333333335,2.0,2.0,2.0,2.0
2024,초5,1.0,1.18519264126767,2.0,1.0,2.0,2.0,3.0,1.0,1.0
2024,초5,1.0,1.18519264126767,1.0,4.0,3.3333333333333335,1.0,1.0,1.0,4.0
2024,초5,1.0,1.18519264126767,1.0,1.0,2.0,1.0,1.0,1.0,1.0
2024,초5,2.0,1.3871164208363174,1.0,4.0,4.0,1.0,1.0,1.0,4.0
2024,초5,1.0,1.18519264126767,1.0,3.0,3.3333333333333335,1.0,1.0,1.0,3.0
2024,초5,2.0,1.3871164208363174,2.3333333333333335,4.0,3.6666666666666665,3.0,1.0,3.0,4.0
2024,초5,2.0,1.3871164208363174,1.3333333333333333,4.0,4.0,2.0,1.0,1.0,4.0
2024,초5,2.0,1.3871164208363174,1.0,4.0,4.0,1.0,1.0,1.0,4.0
2024,초5,2.0,1.3871164208363174,1.0,4.0,4.0,1.0,1.0,1.0,4.0
2024,초5,1.0,1.18519264126767,1.0,3.0,3.3333333333333335,1.0,1.0,1.0,3.0
2024,초5,1.0,1.18519264126767,1.0,,,1.0,1.0,1.0,
2024,초5,1.0,1.18519264126767,2.0,4.0,4.0,4.0,1.0,1.0,4.0
2024,초5,1.0,1.18519264126767,1.6666666666666667,4.0,4.0,1.0,3.0,1.0,4.0
2024,초5,2.0,1.3871164208363174,1.0,4.0,4.0,1.0,1.0,1.0,4.0
2024,초5,2.0,1.3871164208363174,2.6666666666666665,3.0,3.6666666666666665,3.0,3.0,2.0,3.0
2024,초5,1.0,1.18519264126767,1.0,1.0,3.0,1.0,1.0,1.0,1.0
2024,초5,1.0,1.18519264126767,3.0,2.0,2.6666666666666665,3.0,3.0,3.0,2.0
2024,초5,1.0,1.18519264126767,2.0,3.0,3.0,2.0,2.0,2.0,3.0
2024,초4,2.0,0.9720009977316775,1.0,4.0,4.0,1.0,1.0,1.0,4.0
2024,초4,1.0,1.4270544299798553,1.6666666666666667,3.0,2.6666666666666665,1.0,1.0,3.0,3.0
2024,초4,1.0,1.4270544299798553,1.0,4.0,3.6666666666666665,1.0,1.0,1.0,4.0
2024,초4,2.0,0.9720009977316775,1.0,3.0,3.6666666666666665,1.0,1.0,1.0,3.0
2024,초4,1.0,1.4270544299798553,1.0,4.0,4.0,1.0,1.0,1.0,4.0
2024,초4,2.0,0.9720009977316775,1.0,3.0,3.3333333333333335,1.0,1.0,1.0,3.0
2024,초4,1.0,1.4270544299798553,1.3333333333333333,3.0,3.3333333333333335,1.0,1.0,2.0,3.0
2024,초4,2.0,0.9720009977316775,1.0,3.0,3.0,1.0,1.0,1.0,3.0
2024,초4,2.0,0.9720009977316775,1.0,4.0,4.0,1.0,1.0,1.0,4.0
2024,초4,1.0,1.4270544299798553,1.0,4.0,4.0,1.0,1.0,1.0,4.0
2024,초4,2.0,0.9720009977316775,1.0,4.0,4.0,1.0,1.0,1.0,4.0
2024,초4,1.0,1.4270544299798553,1.0,4.0,4.0,1.0,1.0,1.0,4.0
2024,초4,2.0,0.9720009977316775,1.0,3.0,3.6666666666666665,1.0,1.0,1.0,3.0
2024,초4,2.0,0.9720009977316775,1.0,4.0,4.0,1.0,1.0,1.0,4.0
2024,초4,2.0,0.9720009977316775,1.0,1.0,3.0,1.0,1.0,1.0,1.0
2024,초4,2.0,0.9720009977316775,1.0,4.0,4.0,1.0,1.0,1.0,4.0
2024,초4,1.0,1.4270544299798553,2.0,4.0,4.0,1.0,4.0,1.0,4.0
2024,초4,1.0,1.4270544299798553,2.6666666666666665,4.0,4.0,3.0,1.0,4.0,4.0
2024,초4,2.0,0.9720009977316775,2.3333333333333335,,,2.0,2.0,3.0,
2024,초4,2.0,0.9720009977316775,1.3333333333333333,3.0,3.0,2.0,1.0,1.0,3.0
2024,초4,1.0,1.4270544299798553,1.0,4.0,3.6666666666666665,1.0,1.0,1.0,4.0
2024,초4,2.0,0.9720009977316775,1.3333333333333333,3.0,3.6666666666666665,1.0,2.0,1.0,3.0
2024,초4,2.0,0.9720009977316775,1.3333333333333333,3.0,3.0,1.0,1.0,2.0,3.0
2024,초6,2.0,0.9966057149210164,1.6666666666666667,4.0,3.6666666666666665,2.0,2.0,1.0,4.0
2024,초6,1.0,1.0569581664681351,1.0,1.0,3.0,1.0,1.0,1.0,1.0
2024,초6,1.0,1.0569581664681351,3.0,4.0,3.3333333333333335,3.0,3.0,3.0,4.0
2024,초6,2.0,0.9966057149210164,3.0,4.0,3.3333333333333335,3.0,3.0,3.0,4.0
2024,초6,1.0,1.0569581664681351,1.0,2.0,2.0,1.0,1.0,1.0,2.0
2024,초6,2.0,0.9966057149210164,2.0,3.0,3.3333333333333335,2.0,2.0,2.0,3.0
2024,초6,1.0,1.0569581664681351,2.0,3.0,3.0,2.0,3.0,1.0,3.0
2024,초6,2.0,0.9966057149210164,1.0,4.0,4.0,1.0,1.0,1.0,4.0
2024,초6,1.0,1.0569581664681351,2.0,3.0,2.6666666666666665,2.0,2.0,2.0,3.0
2024,초6,1.0,1.0569581664681351,1.0,3.0,3.0,1.0,1.0,1.0,3.0
2024,초6,2.0,0.9966057149210164,2.0,4.0,3.6666666666666665,2.0,2.0,2.0,4.0
2024,초6,1.0,1.0569581664681351,2.0,4.0,3.6666666666666665,2.0,2.0,2.0,4.0
2024,초6,2.0,0.9966057149210164,1.6666666666666667,3.0,3.0,1.0,1.0,3.0,3.0
2024,초6,1.0,1.0569581664681351,1.0,4.0,4.0,1.0,1.0,1.0,4.0
2024,초6,2.0,0.9966057149210164,2.6666666666666665,3.0,2.6666666666666665,3.0,2.0,3.0,3.0
2024,초6,2.0,0.9966057149210164,1.6666666666666667,2.0,2.0,3.0,1.0,1.0,2.0
2024,초6,2.0,0.9966057149210164,1.6666666666666667,3.0,3.0,2.0,1.0,2.0,3.0
2024,초6,1.0,1.0569581664681351,1.0,2.0,2.0,1.0,1.0,1.0,2.0
2024,초6,2.0,0.9966057149210164,3.0,4.0,3.3333333333333335,3.0,3.0,3.0,4.0
2024,초6,1.0,1.0569581664681351,1.0,4.0,4.0,1.0,1.0,1.0,4.0
2024,초6,2.0,0.9966057149210164,3.0,3.0,3.3333333333333335,3.0,3.0,3.0,3.0
2024,초6,2.0,0.9966057149210164,1.3333333333333333,2.0,1.6666666666666667,1.0,2.0,1.0,2.0
2024,초6,1.0,1.0569581664681351,3.3333333333333335,4.0,3.3333333333333335,3.0,3.0,4.0,4.0
2024,초6,1.0,1.0569581664681351,1.3333333333333333,3.0,3.3333333333333335,2.0,1.0,1.0,3.0
2024,초5,1.0,1.241237015987535,1.0,4.0,3.3333333333333335,1.0,1.0,1.0,4.0
2024,초5,1.0,1.241237015987535,1.3333333333333333,3.0,3.0,2.0,1.0,1.0,3.0
2024,초5,1.0,1.241237015987535,2.0,3.0,3.6666666666666665,2.0,3.0,1.0,3.0
2024,초5,1.0,1.241237015987535,2.0,3.0,3.3333333333333335,2.0,2.0,2.0,3.0
2024,초5,1.0,1.241237015987535,1.6666666666666667,3.0,3.0,3.0,1.0,1.0,3.0
2024,초5,1.0,1.241237015987535,1.0,2.0,3.0,1.0,1.0,1.0,2.0
2024,초5,1.0,1.241237015987535,1.0,4.0,3.6666666666666665,1.0,1.0,1.0,4.0
2024,초5,1.0,1.241237015987535,3.6666666666666665,3.0,2.0,4.0,4.0,3.0,3.0
2024,초5,2.0,1.1776808234884337,2.6666666666666665,4.0,4.0,1.0,4.0,3.0,4.0
2024,초5,1.0,1.241237015987535,1.0,4.0,3.6666666666666665,1.0,1.0,1.0,4.0
2024,초5,1.0,1.241237015987535,1.0,3.0,3.6666666666666665,1.0,1.0,1.0,3.0
2024,초5,2.0,1.1776808234884337,1.0,4.0,3.6666666666666665,1.0,1.0,1.0,4.0
2024,초5,2.0,1.1776808234884337,1.6666666666666667,3.0,3.3333333333333335,3.0,1.0,1.0,3.0
2024,초5,2.0,1.1776808234884337,1.3333333333333333,2.0,2.6666666666666665,1.0,1.0,2.0,2.0
2024,초5,1.0,1.241237015987535,1.0,3.0,3.0,1.0,1.0,1.0,3.0
2024,초5,2.0,1.1776808234884337,1.0,1.0,2.3333333333333335,1.0,1.0,1.0,1.0
2024,초5,2.0,1.1776808234884337,1.3333333333333333,1.0,2.0,1.0,2.0,1.0,1.0
2024,초5,2.0,1.1776808234884337,1.3333333333333333,4.0,3.6666666666666665,1.0,1.0,2.0,4.0
2024,초5,2.0,1.1776808234884337,2.3333333333333335,3.0,2.6666666666666665,3.0,2.0,2.0,3.0
2024,초5,2.0,1.1776808234884337,1.0,4.0,4.0,1.0,1.0,1.0,4.0
2024,초5,2.0,1.1776808234884337,2.0,3.0,3.0,2.0,2.0,2.0,3.0
2024,초4,2.0,1.0603647247981938,1.0,1.0,3.0,1.0,1.0,1.0,1.0
2024,초4,1.0,1.556786650887115,1.3333333333333333,3.0,3.6666666666666665,1.0,1.0,2.0,3.0
2024,초4,2.0,1.0603647247981938,1.0,1.0,2.0,1.0,1.0,1.0,1.0
2024,초4,2.0,1.0603647247981938,1.0,3.0,3.3333333333333335,1.0,1.0,1.0,3.0
2024,초4,1.0,1.556786650887115,1.0,4.0,4.0,1.0,1.0,1.0,4.0
2024,초4,1.0,1.556786650887115,1.0,1.0,1.3333333333333333,1.0,1.0,1.0,1.0
2024,초4,1.0,1.556786650887115,1.0,4.0,4.0,1.0,1.0,1.0,4.0
2024,초4,2.0,1.0603647247981938,1.0,4.0,3.6666666666666665,1.0,1.0,1.0,4.0
2024,초4,1.0,1.556786650887115,1.0,3.0,3.0,1.0,1.0,1.0,3.0
2024,초4,2.0,1.0603647247981938,3.0,2.0,2.0,3.0,3.0,3.0,2.0
2024,초4,1.0,1.556786650887115,1.0,4.0,4.0,1.0,1.0,1.0,4.0
2024,초4,2.0,1.0603647247981938,1.0,4.0,4.0,1.0,1.0,1.0,4.0
2024,초4,1.0,1.556786650887115,1.0,4.0,4.0,1.0,1.0,1.0,4.0
2024,초4,2.0,1.0603647247981938,1.3333333333333333,4.0,4.0,1.0,2.0,1.0,4.0
2024,초4,2.0,1.0603647247981938,3.0,4.0,4.0,3.0,3.0,3.0,4.0
2024,초4,2.0,1.0603647247981938,2.0,3.0,3.6666666666666665,3.0,1.0,2.0,3.0
2024,초4,2.0,1.0603647247981938,2.0,4.0,,2.0,2.0,2.0,4.0
2024,초4,1.0,1.556786650887115,4.0,3.0,3.0,4.0,4.0,4.0,3.0
2024,초4,1.0,1.556786650887115,1.0,4.0,3.6666666666666665,1.0,1.0,1.0,4.0
2024,초4,1.0,1.556786650887115,1.0,1.0,3.0,1.0,1.0,1.0,1.0
2024,초4,2.0,1.0603647247981938,2.0,3.0,2.6666666666666665,1.0,1.0,4.0,3.0
2024,초4,2.0,1.0603647247981938,1.0,4.0,4.0,1.0,1.0,1.0,4.0
2024,초6,2.0,1.489029233333652,1.3333333333333333,4.0,4.0,1.0,2.0,1.0,4.0
2024,초6,1.0,1.293137900071039,2.6666666666666665,2.0,2.3333333333333335,3.0,2.0,3.0,2.0
2024,초6,1.0,1.293137900071039,3.0,2.0,2.0,3.0,3.0,3.0,2.0
2024,초6,1.0,1.293137900071039,3.0,3.0,2.3333333333333335,3.0,3.0,3.0,3.0
2024,초6,2.0,1.489029233333652,4.0,2.0,2.3333333333333335,4.0,4.0,4.0,2.0
2024,초6,1.0,1.293137900071039,1.0,4.0,4.0,1.0,1.0,1.0,4.0
2024,초6,2.0,1.489029233333652,4.0,,,4.0,4.0,4.0,
2024,초6,2.0,1.489029233333652,1.0,4.0,4.0,1.0,1.0,1.0,4.0
2024,초6,1.0,1.293137900071039,2.6666666666666665,3.0,2.6666666666666665,3.0,3.0,2.0,3.0
2024,초6,1.0,1.293137900071039,1.3333333333333333,3.0,3.0,1.0,1.0,2.0,3.0
2024,초6,2.0,1.489029233333652,3.6666666666666665,3.0,3.0,3.0,4.0,4.0,3.0
2024,초6,1.0,1.293137900071039,3.0,4.0,4.0,3.0,3.0,3.0,4.0
2024,초6,1.0,1.293137900071039,1.0,4.0,4.0,1.0,1.0,1.0,4.0
2024,초6,1.0,1.293137900071039,2.0,3.0,2.6666666666666665,2.0,2.0,2.0,3.0
2024,초6,2.0,1.489029233333652,2.0,4.0,3.3333333333333335,4.0,1.0,1.0,4.0
2024,초6,2.0,1.489029233333652,2.3333333333333335,3.0,2.0,2.0,3.0,2.0,3.0
2024,초6,1.0,1.293137900071039,2.6666666666666665,2.0,2.0,2.0,3.0,3.0,2.0
2024,초6,2.0,1.489029233333652,2.0,3.0,3.0,2.0,2.0,2.0,3.0
2024,초6,1.0,1.293137900071039,1.3333333333333333,4.0,4.0,1.0,1.0,2.0,4.0
2024,초6,2.0,1.489029233333652,3.3333333333333335,3.0,3.0,3.0,4.0,3.0,3.0
2024,초6,1.0,1.293137900071039,3.0,3.0,2.3333333333333335,3.0,3.0,3.0,3.0
2024,초6,2.0,1.489029233333652,1.0,4.0,4.0,1.0,1.0,1.0,4.0
2024,초6,2.0,1.9327603926280883,4.0,3.0,2.3333333333333335,4.0,4.0,4.0,3.0
2024,초6,1.0,1.268751865810138,1.3333333333333333,1.0,2.3333333333333335,2.0,1.0,1.0,1.0
2024,초6,1.0,1.268751865810138,1.0,4.0,4.0,1.0,1.0,1.0,4.0
2024,초6,2.0,1.9327603926280883,3.0,1.0,1.6666666666666667,3.0,3.0,3.0,1.0
2024,초6,1.0,1.268751865810138,1.0,3.0,3.0,1.0,1.0,1.0,3.0
2024,초6,2.0,1.9327603926280883,2.0,3.0,3.0,2.0,2.0,2.0,3.0
2024,초6,2.0,1.9327603926280883,2.0,4.0,3.6666666666666665,2.0,2.0,2.0,4.0
2024,초6,2.0,1.9327603926280883,1.3333333333333333,4.0,3.6666666666666665,2.0,1.0,1.0,4.0
2024,초6,2.0,1.9327603926280883,1.0,3.0,3.6666666666666665,1.0,1.0,1.0,3.0
2024,초6,1.0,1.268751865810138,2.0,3.0,2.6666666666666665,2.0,2.0,2.0,3.0
2024,초6,1.0,1.268751865810138,1.0,3.0,3.0,1.0,1.0,1.0,3.0
2024,초6,2.0,1.9327603926280883,3.0,3.0,3.0,3.0,3.0,3.0,3.0
2024,초6,1.0,1.268751865810138,1.6666666666666667,4.0,3.0,2.0,1.0,2.0,4.0
2024,초6,1.0,1.268751865810138,3.0,3.0,3.0,4.0,3.0,2.0,3.0
2024,초6,1.0,1.268751865810138,3.6666666666666665,4.0,2.6666666666666665,3.0,4.0,4.0,4.0
2024,초6,1.0,1.268751865810138,2.3333333333333335,3.0,2.6666666666666665,3.0,2.0,2.0,3.0
2024,초6,1.0,1.268751865810138,1.0,2.0,2.3333333333333335,1.0,1.0,1.0,2.0
2024,초6,2.0,1.9327603926280883,2.3333333333333335,3.0,2.6666666666666665,2.0,2.0,3.0,3.0
2024,초6,1.0,1.268751865810138,1.6666666666666667,2.0,3.3333333333333335,3.0,1.0,1.0,2.0
2024,초6,1.0,1.268751865810138,3.0,1.0,2.3333333333333335,3.0,3.0,3.0,1.0
2024,초5,2.0,1.9858946989546333,2.0,2.0,3.0,2.0,2.0,2.0,2.0
2024,초5,2.0,1.9858946989546333,1.3333333333333333,4.0,4.0,1.0,1.0,2.0,4.0
2024,초5,2.0,1.9858946989546333,2.3333333333333335,2.0,2.0,2.0,1.0,4.0,2.0
2024,초5,2.0,1.9858946989546333,2.6666666666666665,3.0,2.3333333333333335,2.0,3.0,3.0,3.0
2024,초5,2.0,1.9858946989546333,2.6666666666666665,3.0,2.6666666666666665,3.0,2.0,3.0,3.0
2024,초5,2.0,1.9858946989546333,1.0,4.0,3.6666666666666665,1.0,1.0,1.0,4.0
2024,초5,2.0,1.9858946989546333,3.6666666666666665,2.0,2.6666666666666665,4.0,4.0,3.0,2.0
2024,초5,2.0,1.9858946989546333,2.3333333333333335,3.0,2.6666666666666665,3.0,1.0,3.0,3.0
2024,초5,1.0,1.3298903785384382,2.0,3.0,2.3333333333333335,1.0,3.0,2.0,3.0
2024,초5,1.0,1.3298903785384382,1.0,3.0,3.6666666666666665,1.0,1.0,1.0,3.0
2024,초5,1.0,1.3298903785384382,1.0,4.0,3.6666666666666665,1.0,1.0,1.0,4.0
2024,초5,1.0,1.3298903785384382,1.0,3.0,3.0,1.0,1.0,1.0,3.0
2024,초5,1.0,1.3298903785384382,1.0,4.0,4.0,1.0,1.0,1.0,4.0
2024,초5,1.0,1.3298903785384382,1.0,4.0,4.0,1.0,1.0,1.0,4.0
2024,초5,1.0,1.3298903785384382,1.3333333333333333,3.0,3.3333333333333335,1.0,2.0,1.0,3.0
2024,초5,1.0,1.3298903785384382,1.0,4.0,4.0,1.0,1.0,1.0,4.0
2024,초5,1.0,1.3298903785384382,1.0,3.0,3.6666666666666665,1.0,1.0,1.0,3.0
2024,초5,1.0,1.3298903785384382,1.0,3.0,3.3333333333333335,1.0,1.0,1.0,3.0
2024,초5,1.0,1.3298903785384382,1.0,3.0,3.3333333333333335,1.0,1.0,1.0,3.0
2024,초5,1.0,1.3298903785384382,1.0,3.0,3.0,1.0,1.0,1.0,3.0
2024,초5,1.0,1.3298903785384382,1.0,3.0,3.3333333333333335,1.0,1.0,1.0,3.0
2024,초4,1.0,1.1670814142814596,2.0,3.0,3.0,3.0,2.0,1.0,3.0
2024,초4,1.0,1.1670814142814596,1.6666666666666667,4.0,4.0,2.0,2.0,1.0,4.0
2024,초4,2.0,1.030900425424849,1.0,4.0,3.6666666666666665,1.0,1.0,1.0,4.0
2024,초4,2.0,1.030900425424849,1.0,4.0,4.0,1.0,1.0,1.0,4.0
2024,초4,1.0,1.1670814142814596,1.0,3.0,3.0,1.0,1.0,1.0,3.0
2024,초4,1.0,1.1670814142814596,1.0,2.0,2.6666666666666665,1.0,1.0,1.0,2.0
2024,초4,2.0,1.030900425424849,1.3333333333333333,2.0,2.3333333333333335,2.0,1.0,1.0,2.0
2024,초4,2.0,1.030900425424849,1.0,1.0,2.0,1.0,1.0,1.0,1.0
2024,초4,1.0,1.1670814142814596,1.6666666666666667,3.0,2.6666666666666665,1.0,3.0,1.0,3.0
2024,초4,1.0,1.1670814142814596,1.3333333333333333,4.0,4.0,2.0,1.0,1.0,4.0
2024,초4,1.0,1.1670814142814596,1.0,4.0,4.0,1.0,1.0,1.0,4.0
2024,초4,1.0,1.1670814142814596,2.0,4.0,4.0,2.0,2.0,2.0,4.0
2024,초4,2.0,1.030900425424849,1.3333333333333333,1.0,1.3333333333333333,1.0,2.0,1.0,1.0
2024,초4,2.0,1.030900425424849,3.3333333333333335,4.0,4.0,4.0,3.0,3.0,4.0
2024,초4,2.0,1.030900425424849,1.0,4.0,3.6666666666666665,1.0,1.0,1.0,4.0
2024,초4,2.0,1.030900425424849,1.6666666666666667,4.0,3.3333333333333335,1.0,2.0,2.0,4.0
2024,초4,2.0,1.030900425424849,1.0,4.0,4.0,1.0,1.0,1.0,4.0
2024,초4,1.0,1.1670814142814596,1.6666666666666667,4.0,4.0,1.0,3.0,1.0,4.0
2024,초4,2.0,1.030900425424849,2.0,4.0,4.0,2.0,2.0,2.0,4.0
2024,초4,1.0,1.1670814142814596,1.0,1.0,2.3333333333333335,1.0,1.0,1.0,1.0
2024,초4,2.0,1.030900425424849,1.0,1.0,2.0,1.0,1.0,1.0,1.0
2024,초4,2.0,1.030900425424849,1.6666666666666667,2.0,2.3333333333333335,2.0,1.0,2.0,2.0
2024,초4,1.0,1.1670814142814596,1.6666666666666667,3.0,2.6666666666666665,2.0,1.0,2.0,3.0
2024,초4,1.0,1.1670814142814596,1.3333333333333333,1.0,2.0,2.0,1.0,1.0,1.0
2024,초4,2.0,1.030900425424849,1.0,1.0,2.0,1.0,1.0,1.0,1.0
2024,초4,1.0,1.1670814142814596,2.6666666666666665,4.0,4.0,3.0,1.0,4.0,4.0
2024,초4,2.0,1.030900425424849,1.3333333333333333,3.0,3.3333333333333335,2.0,1.0,1.0,3.0
2024,초6,1.0,1.3816932308020227,2.0,3.0,3.0,3.0,1.0,2.0,3.0
2024,초6,1.0,1.3816932308020227,1.0,1.0,2.6666666666666665,1.0,1.0,1.0,1.0
2024,초6,2.0,1.4301984119561797,2.0,3.0,3.0,2.0,2.0,2.0,3.0
2024,초6,1.0,1.3816932308020227,1.3333333333333333,4.0,4.0,1.0,2.0,1.0,4.0
2024,초6,1.0,1.3816932308020227,3.0,4.0,4.0,3.0,3.0,3.0,4.0
2024,초6,1.0,1.3816932308020227,3.0,4.0,3.0,3.0,3.0,3.0,4.0
2024,초6,1.0,1.3816932308020227,4.0,4.0,3.3333333333333335,4.0,4.0,4.0,4.0
2024,초6,2.0,1.4301984119561797,2.3333333333333335,2.0,2.6666666666666665,2.0,3.0,2.0,2.0
2024,초6,2.0,1.4301984119561797,1.0,4.0,4.0,1.0,1.0,1.0,4.0
2024,초6,2.0,1.4301984119561797,1.3333333333333333,4.0,4.0,2.0,1.0,1.0,4.0
2024,초6,1.0,1.3816932308020227,1.0,4.0,4.0,1.0,1.0,1.0,4.0
2024,초6,1.0,1.3816932308020227,1.0,4.0,3.3333333333333335,1.0,1.0,1.0,4.0
2024,초6,1.0,1.3816932308020227,1.0,3.0,3.6666666666666665,1.0,1.0,1.0,3.0
2024,초6,2.0,1.4301984119561797,1.3333333333333333,4.0,4.0,1.0,1.0,2.0,4.0
2024,초6,2.0,1.4301984119561797,1.3333333333333333,1.0,2.3333333333333335,2.0,1.0,1.0,1.0
2024,초6,2.0,1.4301984119561797,1.6666666666666667,4.0,3.3333333333333335,1.0,2.0,2.0,4.0
2024,초6,2.0,1.4301984119561797,1.0,4.0,3.6666666666666665,1.0,1.0,1.0,4.0
2024,초6,1.0,1.3816932308020227,1.0,4.0,4.0,1.0,1.0,1.0,4.0
2024,초6,2.0,1.4301984119561797,1.6666666666666667,3.0,3.3333333333333335,2.0,2.0,1.0,3.0
2024,초6,2.0,1.4301984119561797,2.0,3.0,3.0,2.0,2.0,2.0,3.0
2024,초6,1.0,1.3816932308020227,1.6666666666666667,3.0,3.0,1.0,3.0,1.0,3.0
2024,초5,1.0,1.1848171516244652,1.0,4.0,4.0,1.0,1.0,1.0,4.0
2024,초5,2.0,1.1241498769662324,3.0,2.0,2.0,3.0,3.0,3.0,2.0
2024,초5,1.0,1.1848171516244652,1.0,4.0,3.6666666666666665,1.0,1.0,1.0,4.0
2024,초5,2.0,1.1241498769662324,4.0,2.0,1.6666666666666667,4.0,4.0,4.0,2.0
2024,초5,2.0,1.1241498769662324,1.6666666666666667,4.0,4.0,2.0,2.0,1.0,4.0
2024,초5,1.0,1.1848171516244652,1.0,1.0,2.6666666666666665,1.0,1.0,1.0,1.0
2024,초5,2.0,1.1241498769662324,1.0,3.0,3.0,1.0,1.0,1.0,3.0
2024,초5,1.0,1.1848171516244652,1.0,3.0,3.3333333333333335,1.0,1.0,1.0,3.0
2024,초5,1.0,1.1848171516244652,3.0,1.0,1.3333333333333333,3.0,3.0,3.0,1.0
2024,초5,1.0,1.1848171516244652,4.0,3.0,3.0,4.0,4.0,4.0,3.0
2024,초5,2.0,1.1241498769662324,1.0,4.0,4.0,1.0,1.0,1.0,4.0
2024,초5,2.0,1.1241498769662324,2.6666666666666665,4.0,4.0,2.0,3.0,3.0,4.0
2024,초5,1.0,1.1848171516244652,1.0,2.0,1.6666666666666667,1.0,1.0,1.0,2.0
2024,초5,2.0,1.1241498769662324,2.6666666666666665,4.0,3.6666666666666665,3.0,1.0,4.0,4.0
2024,초5,2.0,1.1241498769662324,2.0,3.0,3.3333333333333335,2.0,2.0,2.0,3.0
2024,초5,1.0,1.1848171516244652,2.0,3.0,3.0,2.0,2.0,2.0,3.0
2024,초5,2.0,1.1241498769662324,1.6666666666666667,3.0,2.3333333333333335,1.0,3.0,1.0,3.0
2024,초5,2.0,1.1241498769662324,1.0,3.0,3.0,1.0,1.0,1.0,3.0
2024,초5,2.0,1.1241498769662324,2.0,3.0,2.3333333333333335,2.0,2.0,2.0,3.0
2024,초5,2.0,1.1241498769662324,1.6666666666666667,4.0,3.3333333333333335,1.0,3.0,1.0,4.0
2024,초5,1.0,1.1848171516244652,1.0,4.0,4.0,1.0,1.0,1.0,4.0
2024,초5,2.0,1.1241498769662324,1.0,4.0,4.0,1.0,1.0,1.0,4.0
2024,초4,1.0,1.386584002179807,1.0,3.0,3.6666666666666665,1.0,1.0,1.0,3.0
2024,초4,1.0,1.386584002179807,1.0,3.0,3.0,1.0,1.0,1.0,3.0
2024,초4,1.0,1.386584002179807,2.3333333333333335,3.0,2.3333333333333335,2.0,3.0,2.0,3.0
2024,초4,1.0,1.386584002179807,2.0,3.0,2.3333333333333335,2.0,3.0,1.0,3.0
2024,초4,1.0,1.386584002179807,2.0,3.0,3.0,2.0,2.0,2.0,3.0
2024,초4,1.0,1.386584002179807,2.0,4.0,3.0,2.0,2.0,2.0,4.0
2024,초4,1.0,1.386584002179807,1.0,4.0,3.6666666666666665,1.0,1.0,1.0,4.0
2024,초4,1.0,1.386584002179807,1.0,4.0,4.0,1.0,1.0,1.0,4.0
2024,초4,1.0,1.386584002179807,2.6666666666666665,1.0,3.0,3.0,2.0,3.0,1.0
2024,초4,1.0,1.386584002179807,1.0,4.0,4.0,1.0,1.0,1.0,4.0
2024,초4,2.0,1.3354422323405066,1.3333333333333333,1.0,3.0,2.0,1.0,1.0,1.0
2024,초4,2.0,1.3354422323405066,2.0,2.0,2.6666666666666665,2.0,2.0,2.0,2.0
2024,초4,2.0,1.3354422323405066,3.3333333333333335,2.0,1.3333333333333333,4.0,3.0,3.0,2.0
2024,초4,2.0,1.3354422323405066,1.0,1.0,2.6666666666666665,1.0,1.0,1.0,1.0
2024,초4,2.0,1.3354422323405066,1.0,4.0,4.0,1.0,1.0,1.0,4.0
2024,초4,2.0,1.3354422323405066,1.0,4.0,3.6666666666666665,1.0,1.0,1.0,4.0
2024,초4,2.0,1.3354422323405066,2.3333333333333335,3.0,3.3333333333333335,3.0,1.0,3.0,3.0
2024,초4,2.0,1.3354422323405066,1.6666666666666667,3.0,2.6666666666666665,3.0,1.0,1.0,3.0
2024,초4,2.0,1.3354422323405066,1.3333333333333333,4.0,4.0,2.0,1.0,1.0,4.0
2024,초4,2.0,1.3354422323405066,1.0,3.0,2.3333333333333335,1.0,1.0,1.0,3.0
2024,초5,1.0,1.3877312201573113,2.6666666666666665,4.0,4.0,3.0,3.0,2.0,4.0
2024,초5,1.0,1.3877312201573113,4.0,2.0,2.3333333333333335,4.0,4.0,4.0,2.0
2024,초5,1.0,1.3877312201573113,2.6666666666666665,4.0,3.0,2.0,3.0,3.0,4.0
2024,초5,1.0,1.3877312201573113,2.0,3.0,3.0,2.0,2.0,2.0,3.0
2024,초5,2.0,1.3072246954201217,1.0,4.0,4.0,1.0,1.0,1.0,4.0
2024,초5,2.0,1.3072246954201217,2.6666666666666665,2.0,2.3333333333333335,3.0,3.0,2.0,2.0
2024,초5,2.0,1.3072246954201217,1.0,4.0,4.0,1.0,1.0,1.0,4.0
2024,초5,1.0,1.3877312201573113,2.3333333333333335,2.0,2.0,2.0,3.0,2.0,2.0
2024,초5,2.0,1.3072246954201217,1.6666666666666667,4.0,4.0,2.0,1.0,2.0,4.0
2024,초5,1.0,1.3877312201573113,1.0,4.0,4.0,1.0,1.0,1.0,4.0
2024,초5,1.0,1.3877312201573113,1.0,3.0,3.0,1.0,1.0,1.0,3.0
2024,초5,1.0,1.3877312201573113,3.0,2.0,1.6666666666666667,3.0,3.0,3.0,2.0
2024,초5,1.0,1.3877312201573113,2.0,4.0,3.6666666666666665,1.0,3.0,2.0,4.0
2024,초5,1.0,1.3877312201573113,1.0,3.0,3.3333333333333335,1.0,1.0,1.0,3.0
2024,초5,2.0,1.3072246954201217,1.0,4.0,4.0,1.0,1.0,1.0,4.0
2024,초5,2.0,1.3072246954201217,2.3333333333333335,3.0,3.0,2.0,3.0,2.0,3.0
2024,초5,2.0,1.3072246954201217,3.0,3.0,3.0,3.0,3.0,3.0,3.0
2024,초5,2.0,1.3072246954201217,1.6666666666666667,3.0,3.6666666666666665,2.0,1.0,2.0,3.0
2024,초5,2.0,1.3072246954201217,1.3333333333333333,1.0,2.0,2.0,1.0,1.0,1.0
2024,초5,2.0,1.3072246954201217,1.3333333333333333,1.0,3.0,2.0,1.0,1.0,1.0
2024,초5,1.0,1.3877312201573113,1.0,4.0,4.0,1.0,1.0,1.0,4.0
2024,초5,1.0,0.9532547575488557,1.3333333333333333,1.0,2.6666666666666665,1.0,1.0,2.0,1.0
2024,초5,1.0,0.9532547575488557,1.0,4.0,3.3333333333333335,1.0,1.0,1.0,4.0
2024,초5,1.0,0.9532547575488557,1.0,1.0,3.0,1.0,1.0,1.0,1.0
2024,초5,1.0,0.9532547575488557,1.0,1.0,2.6666666666666665,1.0,1.0,1.0,1.0
2024,초5,1.0,0.9532547575488557,1.0,3.0,3.3333333333333335,1.0,1.0,1.0,3.0
2024,초5,2.0,1.395267525389654,3.3333333333333335,2.0,2.0,3.0,4.0,3.0,2.0
2024,초5,1.0,0.9532547575488557,1.0,4.0,4.0,1.0,1.0,1.0,4.0
2024,초5,2.0,1.395267525389654,1.6666666666666667,4.0,3.6666666666666665,3.0,1.0,1.0,4.0
2024,초5,2.0,1.395267525389654,1.0,1.0,2.0,1.0,1.0,1.0,1.0
2024,초5,2.0,1.395267525389654,1.0,1.0,1.6666666666666667,1.0,1.0,1.0,1.0
2024,초5,2.0,1.395267525389654,2.0,3.0,3.0,2.0,2.0,2.0,3.0
2024,초5,2.0,1.395267525389654,1.0,4.0,4.0,1.0,1.0,1.0,4.0
2024,초5,2.0,1.395267525389654,3.0,2.0,2.0,3.0,3.0,3.0,2.0
2024,초5,1.0,0.9532547575488557,1.0,4.0,4.0,1.0,1.0,1.0,4.0
2024,초5,1.0,0.9532547575488557,1.6666666666666667,3.0,3.0,2.0,2.0,1.0,3.0
2024,초5,1.0,0.9532547575488557,1.0,1.0,3.0,1.0,1.0,1.0,1.0
2024,초5,1.0,0.9532547575488557,1.0,4.0,4.0,1.0,1.0,1.0,4.0
2024,초5,2.0,1.395267525389654,3.0,3.0,3.0,3.0,3.0,3.0,3.0
2024,초5,2.0,1.395267525389654,1.0,1.0,3.0,1.0,1.0,1.0,1.0
2024,초5,1.0,0.9532547575488557,3.6666666666666665,3.0,,3.0,4.0,4.0,3.0
2024,초5,1.0,0.9532547575488557,3.3333333333333335,3.0,3.3333333333333335,3.0,3.0,4.0,3.0
2024,초5,1.0,0.9532547575488557,1.0,4.0,4.0,1.0,1.0,1.0,4.0
2024,초5,1.0,0.9532547575488557,3.6666666666666665,2.0,1.6666666666666667,4.0,3.0,4.0,2.0
2024,초6,1.0,0.8548719506759743,1.3333333333333333,3.0,3.0,2.0,1.0,1.0,3.0
2024,초6,1.0,0.8548719506759743,4.0,1.0,2.0,4.0,4.0,4.0,1.0
2024,초6,1.0,0.8548719506759743,2.3333333333333335,1.0,1.6666666666666667,3.0,3.0,1.0,1.0
2024,초6,2.0,0.8450884910983882,2.3333333333333335,3.0,3.0,2.0,3.0,2.0,3.0
2024,초6,1.0,0.8548719506759743,1.3333333333333333,3.0,2.6666666666666665,2.0,1.0,1.0,3.0
2024,초6,2.0,0.8450884910983882,4.0,4.0,4.0,4.0,4.0,4.0,4.0
2024,초6,1.0,0.8548719506759743,1.6666666666666667,1.0,2.6666666666666665,2.0,2.0,1.0,1.0
2024,초6,1.0,0.8548719506759743,1.0,4.0,3.6666666666666665,1.0,1.0,1.0,4.0
2024,초6,1.0,0.8548719506759743,2.0,3.0,3.0,2.0,2.0,2.0,3.0
2024,초6,2.0,0.8450884910983882,2.0,4.0,4.0,2.0,2.0,2.0,4.0
2024,초6,1.0,0.8548719506759743,1.0,4.0,4.0,1.0,1.0,1.0,4.0
2024,초6,2.0,0.8450884910983882,2.0,4.0,3.6666666666666665,2.0,3.0,1.0,4.0
2024,초6,2.0,0.8450884910983882,1.3333333333333333,4.0,3.6666666666666665,1.0,2.0,1.0,4.0
2024,초6,2.0,0.8450884910983882,2.6666666666666665,3.0,3.0,3.0,2.0,3.0,3.0
2024,초6,1.0,0.8548719506759743,3.3333333333333335,4.0,3.6666666666666665,3.0,4.0,3.0,4.0
2024,초6,2.0,0.8450884910983882,1.0,4.0,3.0,1.0,1.0,1.0,4.0
2024,초6,1.0,0.8548719506759743,1.6666666666666667,4.0,3.3333333333333335,3.0,1.0,1.0,4.0
2024,초6,2.0,0.8450884910983882,1.0,4.0,4.0,1.0,1.0,1.0,4.0
2024,초6,1.0,0.8548719506759743,1.6666666666666667,4.0,4.0,1.0,3.0,1.0,4.0
2024,초6,1.0,0.8548719506759743,1.0,4.0,4.0,1.0,1.0,1.0,4.0
2024,초6,2.0,0.8450884910983882,2.6666666666666665,1.0,2.3333333333333335,3.0,3.0,2.0,1.0
2024,초6,2.0,0.8450884910983882,1.0,3.0,2.6666666666666665,1.0,1.0,1.0,3.0
2024,초6,2.0,0.8450884910983882,1.0,4.0,4.0,1.0,1.0,1.0,4.0
2024,초6,1.0,0.8548719506759743,3.0,4.0,3.0,3.0,3.0,3.0,4.0
2024,초6,2.0,0.8450884910983882,3.0,3.0,2.0,3.0,3.0,3.0,3.0
2024,초6,2.0,0.8450884910983882,2.6666666666666665,2.0,2.0,3.0,2.0,3.0,2.0
2024,초6,1.0,0.8548719506759743,1.3333333333333333,3.0,3.0,1.0,2.0,1.0,3.0
2024,초6,1.0,0.8548719506759743,1.0,1.0,2.0,1.0,1.0,1.0,1.0
2024,초6,2.0,0.8450884910983882,1.0,1.0,1.6666666666666667,1.0,1.0,1.0,1.0
2024,초4,1.0,1.0910144714791195,1.0,4.0,3.6666666666666665,1.0,1.0,1.0,4.0
2024,초4,1.0,1.0910144714791195,1.0,3.0,3.3333333333333335,1.0,1.0,1.0,3.0
2024,초4,1.0,1.0910144714791195,1.0,4.0,4.0,1.0,1.0,1.0,4.0
2024,초4,2.0,0.986236868869685,3.0,1.0,2.3333333333333335,3.0,3.0,3.0,1.0
2024,초4,2.0,0.986236868869685,1.0,4.0,4.0,1.0,1.0,1.0,4.0
2024,초4,2.0,0.986236868869685,1.0,4.0,4.0,1.0,1.0,1.0,4.0
2024,초4,2.0,0.986236868869685,1.0,4.0,3.3333333333333335,1.0,1.0,1.0,4.0
2024,초4,1.0,1.0910144714791195,1.0,4.0,4.0,1.0,1.0,1.0,4.0
2024,초4,1.0,1.0910144714791195,2.3333333333333335,2.0,2.0,3.0,2.0,2.0,2.0
2024,초4,1.0,1.0910144714791195,1.0,3.0,3.3333333333333335,1.0,1.0,1.0,3.0
2024,초4,2.0,0.986236868869685,1.0,3.0,3.3333333333333335,1.0,1.0,1.0,3.0
2024,초4,2.0,0.986236868869685,1.0,3.0,2.3333333333333335,1.0,1.0,1.0,3.0
2024,초4,1.0,1.0910144714791195,2.0,4.0,3.6666666666666665,2.0,3.0,1.0,4.0
2024,초4,2.0,0.986236868869685,2.6666666666666665,3.0,2.3333333333333335,3.0,3.0,2.0,3.0
2024,초4,1.0,1.0910144714791195,1.0,4.0,3.6666666666666665,1.0,1.0,1.0,4.0
2024,초4,2.0,0.986236868869685,1.6666666666666667,3.0,3.3333333333333335,3.0,1.0,1.0,3.0
2024,초4,1.0,1.0910144714791195,1.0,4.0,4.0,1.0,1.0,1.0,4.0
2024,초4,2.0,0.986236868869685,2.3333333333333335,2.0,2.3333333333333335,3.0,1.0,3.0,2.0
2024,초4,1.0,1.0910144714791195,1.6666666666666667,4.0,3.3333333333333335,3.0,1.0,1.0,4.0
2024,초4,1.0,1.0910144714791195,2.3333333333333335,3.0,2.3333333333333335,3.0,2.0,2.0,3.0
2024,초4,1.0,1.0910144714791195,2.0,3.0,3.0,1.0,2.0,3.0,3.0
2024,초4,2.0,0.986236868869685,1.0,4.0,4.0,1.0,1.0,1.0,4.0
2024,초4,2.0,1.2877689519419677,2.3333333333333335,1.0,2.3333333333333335,3.0,3.0,1.0,1.0
2024,초4,1.0,1.091668475436296,1.0,4.0,4.0,1.0,1.0,1.0,4.0
2024,초4,2.0,1.2877689519419677,1.0,4.0,3.6666666666666665,1.0,1.0,1.0,4.0
2024,초4,1.0,1.091668475436296,1.0,3.0,3.3333333333333335,1.0,1.0,1.0,3.0
2024,초4,1.0,1.091668475436296,1.0,4.0,4.0,1.0,1.0,1.0,4.0
2024,초4,2.0,1.2877689519419677,1.0,4.0,4.0,1.0,1.0,1.0,4.0
2024,초4,2.0,1.2877689519419677,1.6666666666666667,3.0,3.0,1.0,3.0,1.0,3.0
2024,초4,2.0,1.2877689519419677,1.0,3.0,3.3333333333333335,1.0,1.0,1.0,3.0
2024,초4,2.0,1.2877689519419677,3.0,3.0,3.6666666666666665,3.0,3.0,3.0,3.0
2024,초4,2.0,1.2877689519419677,1.0,3.0,3.3333333333333335,1.0,1.0,1.0,3.0
2024,초4,1.0,1.091668475436296,1.6666666666666667,4.0,4.0,3.0,1.0,1.0,4.0
2024,초4,2.0,1.2877689519419677,1.0,3.0,3.6666666666666665,1.0,1.0,1.0,3.0
2024,초4,1.0,1.091668475436296,1.0,4.0,4.0,1.0,1.0,1.0,4.0
2024,초4,1.0,1.091668475436296,1.0,4.0,4.0,1.0,1.0,1.0,4.0
2024,초4,1.0,1.091668475436296,1.0,2.0,3.0,1.0,1.0,1.0,2.0
2024,초4,1.0,1.091668475436296,1.0,3.0,3.0,1.0,1.0,1.0,3.0
2024,초4,1.0,1.091668475436296,1.0,2.0,2.3333333333333335,1.0,1.0,1.0,2.0
2024,초4,1.0,1.091668475436296,1.0,3.0,2.6666666666666665,1.0,1.0,1.0,3.0
2024,초4,2.0,1.2877689519419677,1.0,4.0,4.0,1.0,1.0,1.0,4.0
2024,초4,1.0,1.091668475436296,3.0,3.0,3.0,3.0,3.0,3.0,3.0
2024,초6,1.0,0.4761651297725028,3.6666666666666665,3.0,2.0,4.0,4.0,3.0,3.0
2024,초6,2.0,0.5796067248453991,1.0,3.0,3.6666666666666665,1.0,1.0,1.0,3.0
2024,초6,2.0,0.5796067248453991,4.0,3.0,2.3333333333333335,4.0,4.0,4.0,3.0
2024,초6,1.0,0.4761651297725028,2.6666666666666665,4.0,4.0,2.0,3.0,3.0,4.0
2024,초6,1.0,0.4761651297725028,2.3333333333333335,3.0,3.0,1.0,3.0,3.0,3.0
2024,초6,1.0,0.4761651297725028,3.0,2.0,2.3333333333333335,3.0,3.0,3.0,2.0
2024,초6,2.0,0.5796067248453991,1.0,4.0,4.0,1.0,1.0,1.0,4.0
2024,초6,2.0,0.5796067248453991,1.3333333333333333,3.0,3.3333333333333335,2.0,1.0,1.0,3.0
2024,초6,1.0,0.4761651297725028,1.0,4.0,3.6666666666666665,1.0,1.0,1.0,4.0
2024,초6,2.0,0.5796067248453991,2.3333333333333335,2.0,2.0,3.0,2.0,2.0,2.0
2024,초6,1.0,0.4761651297725028,2.0,3.0,3.6666666666666665,2.0,2.0,2.0,3.0
2024,초6,1.0,0.4761651297725028,2.6666666666666665,3.0,2.3333333333333335,2.0,3.0,3.0,3.0
2024,초6,1.0,0.4761651297725028,1.0,3.0,3.0,1.0,1.0,1.0,3.0
2024,초6,1.0,0.4761651297725028,2.3333333333333335,3.0,2.6666666666666665,3.0,2.0,2.0,3.0
2024,초6,2.0,0.5796067248453991,3.6666666666666665,1.0,1.0,3.0,4.0,4.0,1.0
2024,초6,2.0,0.5796067248453991,2.3333333333333335,3.0,3.0,3.0,1.0,3.0,3.0
2024,초6,1.0,0.4761651297725028,1.6666666666666667,3.0,3.0,2.0,2.0,1.0,3.0
2024,초6,1.0,0.4761651297725028,3.0,3.0,2.3333333333333335,3.0,3.0,3.0,3.0
2024,초6,1.0,0.4761651297725028,1.0,3.0,3.6666666666666665,1.0,1.0,1.0,3.0
2024,초6,2.0,0.5796067248453991,2.3333333333333335,3.0,3.0,2.0,3.0,2.0,3.0
2024,초6,2.0,0.5796067248453991,2.0,3.0,3.0,2.0,2.0,2.0,3.0
2024,초6,1.0,0.4761651297725028,2.0,3.0,3.0,2.0,2.0,2.0,3.0
2024,초6,2.0,0.5796067248453991,1.6666666666666667,3.0,2.6666666666666665,3.0,1.0,1.0,3.0
2024,초4,1.0,0.5365759873733709,1.0,4.0,3.3333333333333335,1.0,1.0,1.0,4.0
2024,초4,1.0,0.5365759873733709,1.0,3.0,3.0,1.0,1.0,1.0,3.0
2024,초4,2.0,0.6321998484223221,3.0,3.0,2.6666666666666665,3.0,3.0,3.0,3.0
2024,초4,1.0,0.5365759873733709,3.6666666666666665,1.0,2.0,3.0,4.0,4.0,1.0
2024,초4,1.0,0.5365759873733709,3.0,3.0,3.3333333333333335,3.0,3.0,3.0,3.0
2024,초4,1.0,0.5365759873733709,1.0,4.0,4.0,1.0,1.0,1.0,4.0
2024,초4,2.0,0.6321998484223221,1.6666666666666667,4.0,3.6666666666666665,2.0,2.0,1.0,4.0
2024,초4,1.0,0.5365759873733709,1.0,1.0,3.0,1.0,1.0,1.0,1.0
2024,초4,2.0,0.6321998484223221,3.0,1.0,1.3333333333333333,3.0,3.0,3.0,1.0
2024,초4,2.0,0.6321998484223221,1.0,4.0,4.0,1.0,1.0,1.0,4.0
2024,초4,1.0,0.5365759873733709,1.0,4.0,4.0,1.0,1.0,1.0,4.0
2024,초4,1.0,0.5365759873733709,2.6666666666666665,3.0,2.6666666666666665,3.0,4.0,1.0,3.0
2024,초4,1.0,0.5365759873733709,2.0,3.0,3.0,2.0,2.0,2.0,3.0
2024,초4,2.0,0.6321998484223221,1.3333333333333333,3.0,2.6666666666666665,1.0,1.0,2.0,3.0
2024,초4,1.0,0.5365759873733709,1.0,4.0,4.0,1.0,1.0,1.0,4.0
2024,초4,1.0,0.5365759873733709,1.0,1.0,2.6666666666666665,1.0,1.0,1.0,1.0
2024,초4,2.0,0.6321998484223221,1.0,2.0,2.3333333333333335,1.0,1.0,1.0,2.0
2024,초4,2.0,0.6321998484223221,2.0,3.0,3.0,2.0,2.0,2.0,3.0
2024,초4,2.0,0.6321998484223221,2.0,4.0,4.0,1.0,3.0,2.0,4.0
2024,초4,2.0,0.6321998484223221,1.6666666666666667,3.0,3.0,2.0,2.0,1.0,3.0
2024,초5,1.0,0.5921254894420322,2.0,3.0,2.3333333333333335,2.0,2.0,2.0,3.0
2024,초5,1.0,0.5921254894420322,2.0,3.0,3.3333333333333335,2.0,2.0,2.0,3.0
2024,초5,1.0,0.5921254894420322,1.3333333333333333,4.0,4.0,1.0,2.0,1.0,4.0
2024,초5,1.0,0.5921254894420322,1.6666666666666667,1.0,2.3333333333333335,1.0,2.0,2.0,1.0
2024,초5,2.0,0.6196788475333356,2.6666666666666665,4.0,4.0,3.0,3.0,2.0,4.0
2024,초5,1.0,0.5921254894420322,2.0,3.0,3.0,2.0,2.0,2.0,3.0
2024,초5,2.0,0.6196788475333356,1.0,3.0,3.3333333333333335,1.0,1.0,1.0,3.0
2024,초5,1.0,0.5921254894420322,1.0,4.0,4.0,1.0,1.0,1.0,4.0
2024,초5,2.0,0.6196788475333356,1.0,1.0,2.0,1.0,1.0,1.0,1.0
2024,초5,1.0,0.5921254894420322,1.3333333333333333,3.0,3.0,1.0,2.0,1.0,3.0
2024,초5,1.0,0.5921254894420322,1.3333333333333333,4.0,3.6666666666666665,2.0,1.0,1.0,4.0
2024,초5,2.0,0.6196788475333356,1.0,4.0,4.0,1.0,1.0,1.0,4.0
2024,초5,2.0,0.6196788475333356,1.6666666666666667,3.0,3.0,3.0,1.0,1.0,3.0
2024,초5,2.0,0.6196788475333356,2.3333333333333335,3.0,3.0,2.0,3.0,2.0,3.0
2024,초5,2.0,0.6196788475333356,1.0,4.0,4.0,1.0,1.0,1.0,4.0
2024,초5,1.0,0.5921254894420322,1.0,4.0,3.6666666666666665,1.0,1.0,1.0,4.0
2024,초5,1.0,0.5921254894420322,1.0,4.0,4.0,1.0,1.0,1.0,4.0
2024,초5,2.0,0.6196788475333356,2.0,4.0,4.0,2.0,2.0,2.0,4.0
2024,초5,1.0,0.5921254894420322,2.6666666666666665,1.0,1.6666666666666667,3.0,3.0,2.0,1.0
2024,초5,2.0,0.6196788475333356,2.0,1.0,1.0,1.0,1.0,4.0,1.0
2024,초5,2.0,0.6196788475333356,2.6666666666666665,3.0,2.3333333333333335,3.0,2.0,3.0,3.0
2024,초6,1.0,1.1471817622808558,1.3333333333333333,4.0,4.0,1.0,2.0,1.0,4.0
2024,초6,1.0,1.1471817622808558,1.0,4.0,3.6666666666666665,1.0,1.0,1.0,4.0
2024,초6,2.0,1.1394842909652183,3.0,3.0,3.3333333333333335,3.0,3.0,3.0,3.0
2024,초6,2.0,1.1394842909652183,2.6666666666666665,3.0,2.3333333333333335,3.0,2.0,3.0,3.0
2024,초6,2.0,1.1394842909652183,3.0,4.0,4.0,3.0,3.0,3.0,4.0
2024,초6,2.0,1.1394842909652183,2.0,3.0,2.3333333333333335,2.0,2.0,2.0,3.0
2024,초6,1.0,1.1471817622808558,1.6666666666666667,1.0,2.0,2.0,1.0,2.0,1.0
2024,초6,2.0,1.1394842909652183,1.0,3.0,3.0,1.0,1.0,1.0,3.0
2024,초6,1.0,1.1471817622808558,4.0,1.0,1.0,4.0,4.0,4.0,1.0
2024,초6,2.0,1.1394842909652183,2.0,3.0,2.6666666666666665,2.0,2.0,2.0,3.0
2024,초6,1.0,1.1471817622808558,1.0,4.0,4.0,1.0,1.0,1.0,4.0
2024,초6,2.0,1.1394842909652183,4.0,2.0,2.3333333333333335,4.0,4.0,4.0,2.0
2024,초6,2.0,1.1394842909652183,3.0,3.0,2.6666666666666665,3.0,3.0,3.0,3.0
2024,초6,1.0,1.1471817622808558,2.6666666666666665,2.0,2.0,3.0,2.0,3.0,2.0
2024,초6,2.0,1.1394842909652183,3.0,3.0,2.3333333333333335,3.0,4.0,2.0,3.0
2024,초6,1.0,1.1471817622808558,3.0,3.0,3.0,3.0,3.0,3.0,3.0
2024,초6,2.0,1.1394842909652183,2.0,4.0,2.6666666666666665,3.0,1.0,2.0,4.0
2024,초6,1.0,1.1471817622808558,1.6666666666666667,4.0,3.6666666666666665,1.0,3.0,1.0,4.0
2024,초6,1.0,1.1471817622808558,1.0,4.0,4.0,1.0,1.0,1.0,4.0
2024,초6,2.0,1.1394842909652183,1.0,3.0,1.6666666666666667,1.0,1.0,1.0,3.0
2024,초6,1.0,1.1471817622808558,1.0,3.0,2.3333333333333335,1.0,1.0,1.0,3.0
2024,초6,2.0,1.1394842909652183,2.0,4.0,4.0,1.0,3.0,2.0,4.0
2024,초6,1.0,1.1471817622808558,1.0,3.0,3.3333333333333335,1.0,1.0,1.0,3.0
2024,초5,2.0,1.1431618545500264,2.6666666666666665,4.0,3.6666666666666665,2.0,3.0,3.0,4.0
2024,초5,2.0,1.1431618545500264,3.0,2.0,2.0,3.0,3.0,3.0,2.0
2024,초5,2.0,1.1431618545500264,1.0,4.0,4.0,1.0,1.0,1.0,4.0
2024,초5,2.0,1.1431618545500264,3.0,4.0,3.6666666666666665,3.0,3.0,3.0,4.0
2024,초5,2.0,1.1431618545500264,2.3333333333333335,3.0,3.0,2.0,3.0,2.0,3.0
2024,초5,2.0,1.1431618545500264,1.6666666666666667,4.0,3.6666666666666665,2.0,2.0,1.0,4.0
2024,초5,2.0,1.1431618545500264,3.0,2.0,2.6666666666666665,3.0,2.0,4.0,2.0
2024,초5,2.0,1.1431618545500264,2.0,3.0,3.3333333333333335,2.0,2.0,2.0,3.0
2024,초5,2.0,1.1431618545500264,1.3333333333333333,3.0,2.6666666666666665,1.0,2.0,1.0,3.0
2024,초5,2.0,1.1431618545500264,2.3333333333333335,3.0,2.6666666666666665,2.0,2.0,3.0,3.0
2024,초5,2.0,1.1431618545500264,3.0,3.0,3.3333333333333335,3.0,3.0,3.0,3.0
2024,초5,2.0,1.1431618545500264,1.6666666666666667,4.0,4.0,1.0,2.0,2.0,4.0
2024,초5,1.0,1.1232702952040903,1.0,4.0,3.6666666666666665,1.0,1.0,1.0,4.0
2024,초5,1.0,1.1232702952040903,3.6666666666666665,3.0,2.3333333333333335,4.0,4.0,3.0,3.0
2024,초5,1.0,1.1232702952040903,3.6666666666666665,3.0,2.6666666666666665,3.0,4.0,4.0,3.0
2024,초5,1.0,1.1232702952040903,1.3333333333333333,3.0,2.0,1.0,1.0,2.0,3.0
2024,초5,1.0,1.1232702952040903,1.0,4.0,3.0,1.0,1.0,1.0,4.0
2024,초5,1.0,1.1232702952040903,2.0,3.0,3.0,2.0,2.0,2.0,3.0
2024,초5,1.0,1.1232702952040903,2.0,3.0,2.6666666666666665,2.0,2.0,2.0,3.0
2024,초5,1.0,1.1232702952040903,3.3333333333333335,3.0,3.6666666666666665,4.0,4.0,2.0,3.0
2024,초5,1.0,1.1232702952040903,1.0,3.0,3.0,1.0,1.0,1.0,3.0
2024,초5,1.0,1.1232702952040903,1.0,4.0,4.0,1.0,1.0,1.0,4.0
2024,초5,1.0,1.1232702952040903,1.6666666666666667,2.0,2.0,2.0,2.0,1.0,2.0
2024,초5,1.0,1.1232702952040903,1.0,1.0,2.6666666666666665,1.0,1.0,1.0,1.0
2024,초6,2.0,0.9706718034148155,1.0,4.0,4.0,1.0,1.0,1.0,4.0
2024,초6,2.0,0.9706718034148155,1.6666666666666667,3.0,3.3333333333333335,1.0,2.0,2.0,3.0
2024,초6,2.0,0.9706718034148155,3.0,3.0,3.0,3.0,3.0,3.0,3.0
2024,초6,2.0,0.9706718034148155,1.0,4.0,3.0,1.0,1.0,1.0,4.0
2024,초6,2.0,0.9706718034148155,1.0,4.0,4.0,1.0,1.0,1.0,4.0
2024,초6,2.0,0.9706718034148155,2.3333333333333335,4.0,4.0,4.0,2.0,1.0,4.0
2024,초6,2.0,0.9706718034148155,2.0,2.0,2.0,2.0,2.0,2.0,2.0
2024,초6,2.0,0.9706718034148155,3.6666666666666665,3.0,3.6666666666666665,3.0,4.0,4.0,3.0
2024,초6,2.0,0.9706718034148155,1.3333333333333333,3.0,2.6666666666666665,2.0,1.0,1.0,3.0
2024,초6,2.0,0.9706718034148155,1.0,3.0,2.3333333333333335,1.0,1.0,1.0,3.0
2024,초6,2.0,0.9706718034148155,3.0,3.0,3.0,3.0,3.0,3.0,3.0
2024,초6,2.0,0.9706718034148155,3.0,2.0,1.6666666666666667,3.0,2.0,4.0,2.0
2024,초6,2.0,0.9706718034148155,2.6666666666666665,3.0,3.6666666666666665,3.0,2.0,3.0,3.0
2024,초6,1.0,0.977228908609618,1.0,4.0,4.0,1.0,1.0,1.0,4.0
2024,초6,1.0,0.977228908609618,3.0,3.0,3.0,3.0,3.0,3.0,3.0
2024,초6,1.0,0.977228908609618,2.0,3.0,3.3333333333333335,2.0,2.0,2.0,3.0
2024,초6,1.0,0.977228908609618,2.6666666666666665,3.0,3.0,2.0,3.0,3.0,3.0
2024,초6,1.0,0.977228908609618,2.0,2.0,3.0,2.0,2.0,2.0,2.0
2024,초6,1.0,0.977228908609618,2.0,4.0,4.0,2.0,2.0,2.0,4.0
2024,초6,1.0,0.977228908609618,2.0,2.0,2.0,2.0,2.0,2.0,2.0
2024,초6,1.0,0.977228908609618,1.6666666666666667,4.0,3.0,2.0,2.0,1.0,4.0
2024,초6,1.0,0.977228908609618,3.0,3.0,3.3333333333333335,3.0,3.0,3.0,3.0
2024,초6,1.0,0.977228908609618,1.0,4.0,4.0,1.0,1.0,1.0,4.0
2024,초6,1.0,0.977228908609618,1.0,4.0,4.0,1.0,1.0,1.0,4.0
2024,초6,1.0,0.977228908609618,2.0,3.0,3.0,2.0,2.0,2.0,3.0
2024,초6,1.0,0.977228908609618,1.0,1.0,1.6666666666666667,1.0,1.0,1.0,1.0
2024,초6,1.0,0.977228908609618,1.0,1.0,2.0,1.0,1.0,1.0,1.0
2024,초6,2.0,1.2480066043904772,2.6666666666666665,4.0,4.0,2.0,3.0,3.0,4.0
2024,초6,1.0,1.2564371682123658,2.0,3.0,2.6666666666666665,2.0,2.0,2.0,3.0
2024,초6,2.0,1.2480066043904772,2.6666666666666665,3.0,3.0,3.0,2.0,3.0,3.0
2024,초6,2.0,1.2480066043904772,3.0,4.0,4.0,3.0,4.0,2.0,4.0
2024,초6,2.0,1.2480066043904772,2.3333333333333335,3.0,2.6666666666666665,2.0,2.0,3.0,3.0
2024,초6,1.0,1.2564371682123658,1.0,4.0,3.3333333333333335,1.0,1.0,1.0,4.0
2024,초6,1.0,1.2564371682123658,2.6666666666666665,2.0,2.3333333333333335,3.0,3.0,2.0,2.0
2024,초6,1.0,1.2564371682123658,1.0,1.0,2.3333333333333335,1.0,1.0,1.0,1.0
2024,초6,1.0,1.2564371682123658,2.3333333333333335,2.0,2.3333333333333335,2.0,3.0,2.0,2.0
2024,초6,1.0,1.2564371682123658,2.0,3.0,3.0,2.0,2.0,2.0,3.0
2024,초6,2.0,1.2480066043904772,2.0,3.0,3.3333333333333335,3.0,2.0,1.0,3.0
2024,초6,1.0,1.2564371682123658,1.3333333333333333,3.0,2.6666666666666665,2.0,1.0,1.0,3.0
2024,초6,2.0,1.2480066043904772,3.3333333333333335,2.0,2.0,4.0,3.0,3.0,2.0
2024,초6,1.0,1.2564371682123658,1.3333333333333333,3.0,3.0,1.0,1.0,2.0,3.0
2024,초6,1.0,1.2564371682123658,1.0,3.0,3.3333333333333335,1.0,1.0,1.0,3.0
2024,초6,1.0,1.2564371682123658,1.0,4.0,3.6666666666666665,1.0,1.0,1.0,4.0
2024,초6,1.0,1.2564371682123658,1.0,3.0,3.0,1.0,1.0,1.0,3.0
2024,초6,1.0,1.2564371682123658,1.0,4.0,3.3333333333333335,1.0,1.0,1.0,4.0
2024,초6,2.0,1.2480066043904772,3.0,4.0,4.0,3.0,3.0,3.0,4.0
2024,초6,2.0,1.2480066043904772,3.0,2.0,2.0,3.0,3.0,3.0,2.0
2024,초6,1.0,1.2564371682123658,1.0,1.0,2.0,1.0,1.0,1.0,1.0
2024,초6,1.0,1.0554072212983874,3.0,1.0,2.6666666666666665,3.0,4.0,2.0,1.0
2024,초6,1.0,1.0554072212983874,3.0,2.0,1.6666666666666667,3.0,3.0,3.0,2.0
2024,초6,1.0,1.0554072212983874,1.0,4.0,4.0,1.0,1.0,1.0,4.0
2024,초6,1.0,1.0554072212983874,1.0,2.0,1.6666666666666667,1.0,1.0,1.0,2.0
2024,초6,1.0,1.0554072212983874,2.6666666666666665,2.0,2.6666666666666665,3.0,3.0,2.0,2.0
2024,초6,2.0,1.048325547688001,1.0,3.0,2.6666666666666665,1.0,1.0,1.0,3.0
2024,초6,1.0,1.0554072212983874,1.3333333333333333,4.0,3.6666666666666665,2.0,1.0,1.0,4.0
2024,초6,1.0,1.0554072212983874,4.0,3.0,3.0,4.0,4.0,4.0,3.0
2024,초6,1.0,1.0554072212983874,2.0,2.0,2.0,2.0,2.0,2.0,2.0
2024,초6,2.0,1.048325547688001,2.0,1.0,2.6666666666666665,2.0,2.0,2.0,1.0
2024,초6,2.0,1.048325547688001,1.0,4.0,3.3333333333333335,1.0,1.0,1.0,4.0
2024,초6,2.0,1.048325547688001,1.6666666666666667,4.0,4.0,3.0,1.0,1.0,4.0
2024,초6,2.0,1.048325547688001,1.0,4.0,3.3333333333333335,1.0,1.0,1.0,4.0
2024,초6,2.0,1.048325547688001,1.6666666666666667,3.0,3.3333333333333335,3.0,1.0,1.0,3.0
2024,초6,2.0,1.048325547688001,1.0,4.0,4.0,1.0,1.0,1.0,4.0
2024,초6,2.0,1.048325547688001,1.3333333333333333,4.0,4.0,1.0,1.0,2.0,4.0
2024,초6,1.0,1.0554072212983874,2.0,3.0,3.0,2.0,2.0,2.0,3.0
2024,초6,1.0,1.0554072212983874,1.0,3.0,2.3333333333333335,1.0,1.0,1.0,3.0
2024,초6,2.0,1.048325547688001,1.6666666666666667,3.0,2.3333333333333335,1.0,1.0,3.0,3.0
2024,초6,2.0,1.048325547688001,2.0,4.0,3.3333333333333335,2.0,2.0,2.0,4.0
2024,초6,2.0,1.048325547688001,1.6666666666666667,4.0,3.3333333333333335,2.0,2.0,1.0,4.0
2024,초6,2.0,1.048325547688001,3.0,3.0,3.0,3.0,3.0,3.0,3.0
2024,초6,2.0,1.048325547688001,2.6666666666666665,4.0,3.6666666666666665,2.0,3.0,3.0,4.0
2024,초6,2.0,1.048325547688001,1.0,4.0,4.0,1.0,1.0,1.0,4.0
2024,초6,1.0,1.0554072212983874,1.0,3.0,3.0,1.0,1.0,1.0,3.0
2024,초6,2.0,1.1394842909652183,4.0,2.0,2.0,4.0,4.0,4.0,2.0
2024,초6,1.0,1.1471817622808558,1.0,4.0,4.0,1.0,1.0,1.0,4.0
2024,초6,2.0,1.1394842909652183,2.3333333333333335,4.0,3.6666666666666665,2.0,3.0,2.0,4.0
2024,초6,1.0,1.1471817622808558,2.0,3.0,2.6666666666666665,2.0,2.0,2.0,3.0
2024,초6,2.0,1.1394842909652183,2.3333333333333335,3.0,2.3333333333333335,3.0,2.0,2.0,3.0
2024,초6,1.0,1.1471817622808558,3.3333333333333335,3.0,2.3333333333333335,3.0,3.0,4.0,3.0
2024,초6,2.0,1.1394842909652183,1.0,4.0,4.0,1.0,1.0,1.0,4.0
2024,초6,2.0,1.1394842909652183,2.3333333333333335,3.0,3.6666666666666665,2.0,3.0,2.0,3.0
2024,초6,1.0,1.1471817622808558,2.0,3.0,3.0,2.0,2.0,2.0,3.0
2024,초6,2.0,1.1394842909652183,3.3333333333333335,4.0,4.0,3.0,4.0,3.0,4.0
2024,초6,2.0,1.1394842909652183,1.6666666666666667,3.0,3.0,1.0,3.0,1.0,3.0
2024,초6,1.0,1.1471817622808558,1.0,4.0,4.0,1.0,1.0,1.0,4.0
2024,초6,2.0,1.1394842909652183,4.0,1.0,1.0,4.0,4.0,4.0,1.0
2024,초6,1.0,1.1471817622808558,1.3333333333333333,1.0,2.3333333333333335,2.0,1.0,1.0,1.0
2024,초6,2.0,1.1394842909652183,1.0,4.0,4.0,1.0,1.0,1.0,4.0
2024,초6,1.0,1.1471817622808558,1.0,1.0,2.6666666666666665,1.0,1.0,1.0,1.0
2024,초6,2.0,1.1394842909652183,3.0,3.0,3.0,3.0,3.0,3.0,3.0
2024,초6,2.0,1.1394842909652183,1.0,4.0,4.0,1.0,1.0,1.0,4.0
2024,초6,2.0,1.1394842909652183,1.0,4.0,4.0,1.0,1.0,1.0,4.0
2024,초6,1.0,1.1471817622808558,2.0,3.0,3.0,2.0,2.0,2.0,3.0
2024,초6,1.0,1.1471817622808558,2.6666666666666665,4.0,3.3333333333333335,2.0,3.0,3.0,4.0
2024,초6,1.0,1.1471817622808558,1.0,1.0,2.6666666666666665,1.0,1.0,1.0,1.0
2024,초5,2.0,1.524215806066702,2.0,3.0,3.0,2.0,2.0,2.0,3.0
2024,초5,1.0,1.4976937269387869,1.3333333333333333,3.0,3.6666666666666665,1.0,1.0,2.0,3.0
2024,초5,1.0,1.4976937269387869,3.0,3.0,2.6666666666666665,3.0,3.0,3.0,3.0
2024,초5,2.0,1.524215806066702,3.0,,,3.0,2.0,4.0,
2024,초5,1.0,1.4976937269387869,1.0,3.0,3.3333333333333335,1.0,1.0,1.0,3.0
2024,초5,2.0,1.524215806066702,4.0,3.0,2.6666666666666665,4.0,4.0,4.0,3.0
2024,초5,2.0,1.524215806066702,2.0,4.0,3.6666666666666665,2.0,3.0,1.0,4.0
2024,초5,1.0,1.4976937269387869,2.0,4.0,4.0,2.0,3.0,1.0,4.0
2024,초5,1.0,1.4976937269387869,1.0,1.0,2.0,1.0,1.0,1.0,1.0
2024,초5,2.0,1.524215806066702,1.3333333333333333,4.0,4.0,2.0,1.0,1.0,4.0
2024,초5,1.0,1.4976937269387869,3.0,3.0,3.3333333333333335,3.0,2.0,4.0,3.0
2024,초5,1.0,1.4976937269387869,2.0,2.0,2.3333333333333335,2.0,2.0,2.0,2.0
2024,초5,2.0,1.524215806066702,2.0,3.0,3.0,2.0,2.0,2.0,3.0
2024,초5,1.0,1.4976937269387869,1.0,4.0,4.0,1.0,1.0,1.0,4.0
2024,초5,2.0,1.524215806066702,1.0,4.0,3.3333333333333335,1.0,1.0,1.0,4.0
2024,초5,2.0,1.524215806066702,1.0,3.0,3.0,1.0,1.0,1.0,3.0
2024,초5,2.0,1.524215806066702,1.0,4.0,4.0,1.0,1.0,1.0,4.0
2024,초5,1.0,1.4976937269387869,2.6666666666666665,4.0,4.0,2.0,3.0,3.0,4.0
2024,초5,1.0,1.2253857765862801,1.6666666666666667,1.0,2.0,1.0,1.0,3.0,1.0
2024,초5,2.0,1.2470856595091198,1.6666666666666667,4.0,4.0,1.0,1.0,3.0,4.0
2024,초5,1.0,1.2253857765862801,1.0,4.0,4.0,1.0,1.0,1.0,4.0
2024,초5,1.0,1.2253857765862801,2.0,3.0,3.0,2.0,3.0,1.0,3.0
2024,초5,2.0,1.2470856595091198,2.0,2.0,2.0,2.0,2.0,2.0,2.0
2024,초5,1.0,1.2253857765862801,4.0,2.0,2.3333333333333335,4.0,4.0,4.0,2.0
2024,초5,1.0,1.2253857765862801,1.6666666666666667,1.0,2.3333333333333335,3.0,1.0,1.0,1.0
2024,초5,2.0,1.2470856595091198,1.0,4.0,4.0,1.0,1.0,1.0,4.0
2024,초5,1.0,1.2253857765862801,1.6666666666666667,3.0,3.0,2.0,1.0,2.0,3.0
2024,초5,1.0,1.2253857765862801,3.6666666666666665,2.0,2.0,4.0,4.0,3.0,2.0
2024,초5,1.0,1.2253857765862801,1.0,4.0,4.0,1.0,1.0,1.0,4.0
2024,초5,1.0,1.2253857765862801,2.3333333333333335,3.0,2.6666666666666665,3.0,2.0,2.0,3.0
2024,초5,2.0,1.2470856595091198,1.0,2.0,2.3333333333333335,1.0,1.0,1.0,2.0
2024,초5,2.0,1.2470856595091198,1.6666666666666667,4.0,3.6666666666666665,1.0,1.0,3.0,4.0
2024,초5,1.0,1.2253857765862801,1.0,4.0,4.0,1.0,1.0,1.0,4.0
2024,초5,1.0,1.2253857765862801,4.0,4.0,2.0,4.0,4.0,4.0,4.0
2024,초5,2.0,1.2470856595091198,1.0,4.0,4.0,1.0,1.0,1.0,4.0
2024,초5,1.0,1.2253857765862801,1.0,3.0,3.0,1.0,1.0,1.0,3.0
2024,초5,2.0,1.2470856595091198,3.3333333333333335,3.0,2.0,4.0,3.0,3.0,3.0
2024,초5,1.0,1.2253857765862801,2.0,3.0,,2.0,3.0,1.0,3.0
2024,초5,1.0,1.2253857765862801,1.6666666666666667,1.0,2.3333333333333335,2.0,2.0,1.0,1.0
2024,초5,2.0,1.2470856595091198,3.3333333333333335,2.0,1.6666666666666667,3.0,3.0,4.0,2.0
2024,초6,1.0,1.2564371682123658,1.0,3.0,3.3333333333333335,1.0,1.0,1.0,3.0
2024,초6,1.0,1.2564371682123658,2.6666666666666665,2.0,2.0,3.0,3.0,2.0,2.0
2024,초6,1.0,1.2564371682123658,1.0,4.0,4.0,1.0,1.0,1.0,4.0
2024,초6,1.0,1.2564371682123658,1.0,4.0,4.0,1.0,1.0,1.0,4.0
2024,초6,2.0,1.2480066043904772,2.0,3.0,3.0,2.0,2.0,2.0,3.0
2024,초6,2.0,1.2480066043904772,3.3333333333333335,3.0,2.0,4.0,4.0,2.0,3.0
2024,초6,2.0,1.2480066043904772,1.0,4.0,4.0,1.0,1.0,1.0,4.0
2024,초6,2.0,1.2480066043904772,1.6666666666666667,3.0,3.0,2.0,2.0,1.0,3.0
2024,초6,1.0,1.2564371682123658,2.3333333333333335,4.0,4.0,3.0,1.0,3.0,4.0
2024,초6,1.0,1.2564371682123658,2.6666666666666665,3.0,3.0,3.0,3.0,2.0,3.0
2024,초6,1.0,1.2564371682123658,2.3333333333333335,1.0,2.3333333333333335,3.0,2.0,2.0,1.0
2024,초6,1.0,1.2564371682123658,4.0,3.0,2.3333333333333335,4.0,4.0,4.0,3.0
2024,초6,2.0,1.2480066043904772,1.3333333333333333,1.0,2.0,1.0,1.0,2.0,1.0
2024,초6,2.0,1.2480066043904772,1.3333333333333333,3.0,3.3333333333333335,1.0,2.0,1.0,3.0
2024,초6,1.0,1.2564371682123658,1.6666666666666667,3.0,3.0,2.0,2.0,1.0,3.0
2024,초6,2.0,1.2480066043904772,2.3333333333333335,3.0,2.6666666666666665,2.0,2.0,3.0,3.0
2024,초6,2.0,1.2480066043904772,2.3333333333333335,3.0,3.0,2.0,3.0,2.0,3.0
2024,초6,2.0,1.2480066043904772,2.6666666666666665,3.0,2.6666666666666665,3.0,2.0,3.0,3.0
2024,초6,2.0,1.2480066043904772,3.0,2.0,2.3333333333333335,3.0,3.0,3.0,2.0
2024,초6,1.0,1.2564371682123658,1.0,3.0,2.3333333333333335,1.0,1.0,1.0,3.0
2024,초4,2.0,1.0407394186419079,3.0,2.0,2.0,3.0,3.0,3.0,2.0
2024,초4,2.0,1.0407394186419079,1.0,1.0,3.0,1.0,1.0,1.0,1.0
2024,초4,1.0,1.0062663011770043,3.0,2.0,2.0,3.0,3.0,3.0,2.0
2024,초4,1.0,1.0062663011770043,3.0,3.0,2.6666666666666665,3.0,3.0,3.0,3.0
2024,초4,1.0,1.0062663011770043,1.0,1.0,2.0,1.0,1.0,1.0,1.0
2024,초4,2.0,1.0407394186419079,1.6666666666666667,4.0,4.0,3.0,1.0,1.0,4.0
2024,초4,1.0,1.0062663011770043,4.0,3.0,2.3333333333333335,4.0,4.0,4.0,3.0
2024,초4,2.0,1.0407394186419079,1.0,4.0,3.6666666666666665,1.0,1.0,1.0,4.0
2024,초4,1.0,1.0062663011770043,1.3333333333333333,4.0,3.3333333333333335,1.0,2.0,1.0,4.0
2024,초4,1.0,1.0062663011770043,1.3333333333333333,3.0,2.6666666666666665,2.0,1.0,1.0,3.0
2024,초4,2.0,1.0407394186419079,1.0,3.0,3.6666666666666665,1.0,1.0,1.0,3.0
2024,초4,2.0,1.0407394186419079,2.6666666666666665,4.0,3.6666666666666665,3.0,3.0,2.0,4.0
2024,초4,1.0,1.0062663011770043,1.0,4.0,4.0,1.0,1.0,1.0,4.0
2024,초4,1.0,1.0062663011770043,1.0,4.0,3.3333333333333335,1.0,1.0,1.0,4.0
2024,초4,1.0,1.0062663011770043,1.0,4.0,4.0,1.0,1.0,1.0,4.0
2024,초4,2.0,1.0407394186419079,1.0,3.0,3.0,1.0,1.0,1.0,3.0
2024,초4,2.0,1.0407394186419079,1.0,3.0,3.0,1.0,1.0,1.0,3.0
2024,초4,1.0,1.0062663011770043,1.3333333333333333,4.0,3.6666666666666665,1.0,2.0,1.0,4.0
2024,초4,1.0,1.0062663011770043,1.3333333333333333,3.0,3.6666666666666665,2.0,1.0,1.0,3.0
2024,초4,2.0,1.0407394186419079,1.0,3.0,2.3333333333333335,1.0,1.0,1.0,3.0
2024,초4,2.0,1.0407394186419079,2.0,4.0,4.0,2.0,2.0,2.0,4.0
2024,초4,2.0,1.0407394186419079,1.3333333333333333,4.0,3.3333333333333335,1.0,2.0,1.0,4.0
2024,초4,2.0,1.0407394186419079,1.3333333333333333,1.0,2.6666666666666665,1.0,2.0,1.0,1.0
2024,초4,1.0,1.0062663011770043,3.6666666666666665,4.0,3.3333333333333335,3.0,4.0,4.0,4.0
2024,초4,2.0,1.0407394186419079,1.6666666666666667,4.0,4.0,3.0,1.0,1.0,4.0
2024,초4,2.0,1.0407394186419079,1.0,4.0,4.0,1.0,1.0,1.0,4.0
2024,초4,1.0,1.0062663011770043,1.0,4.0,3.6666666666666665,1.0,1.0,1.0,4.0
2024,초4,1.0,1.0062663011770043,1.0,4.0,4.0,1.0,1.0,1.0,4.0
2024,초4,2.0,1.0407394186419079,1.0,3.0,2.6666666666666665,1.0,1.0,1.0,3.0
2024,초4,2.0,1.0407394186419079,1.0,4.0,3.6666666666666665,1.0,1.0,1.0,4.0
2024,초4,1.0,1.0062663011770043,1.3333333333333333,4.0,4.0,1.0,2.0,1.0,4.0
2024,초4,2.0,1.0407394186419079,1.0,4.0,4.0,1.0,1.0,1.0,4.0
2024,초4,2.0,1.0407394186419079,1.3333333333333333,4.0,3.6666666666666665,1.0,2.0,1.0,4.0
2024,초4,2.0,1.0407394186419079,2.0,2.0,2.6666666666666665,4.0,1.0,1.0,2.0
2024,초4,2.0,1.0407394186419079,1.0,4.0,3.6666666666666665,1.0,1.0,1.0,4.0
2024,초4,2.0,1.0407394186419079,1.0,4.0,4.0,1.0,1.0,1.0,4.0
2024,초4,1.0,1.0062663011770043,1.0,1.0,2.0,1.0,1.0,1.0,1.0
2024,초4,2.0,1.0407394186419079,1.0,4.0,3.6666666666666665,1.0,1.0,1.0,4.0
2024,초4,1.0,1.0062663011770043,2.0,4.0,4.0,3.0,1.0,2.0,4.0
2024,초4,2.0,1.0407394186419079,1.0,4.0,4.0,1.0,1.0,1.0,4.0
2024,초4,2.0,1.0407394186419079,3.0,1.0,1.0,3.0,3.0,3.0,1.0
2024,초4,1.0,1.0062663011770043,1.0,4.0,4.0,1.0,1.0,1.0,4.0
2024,초4,1.0,1.0062663011770043,1.0,3.0,3.3333333333333335,1.0,1.0,1.0,3.0
2024,초4,1.0,1.0062663011770043,1.0,4.0,4.0,1.0,1.0,1.0,4.0
2024,초4,1.0,1.0062663011770043,4.0,3.0,2.6666666666666665,4.0,4.0,4.0,3.0
2024,초4,1.0,1.0062663011770043,1.0,4.0,4.0,1.0,1.0,1.0,4.0
2024,초4,1.0,1.0062663011770043,1.0,2.0,2.0,1.0,1.0,1.0,2.0
2024,초4,1.0,1.0062663011770043,3.0,2.0,,4.0,4.0,1.0,2.0
2024,초4,1.0,1.0062663011770043,1.0,3.0,3.3333333333333335,1.0,1.0,1.0,3.0
2024,초4,1.0,1.0062663011770043,2.3333333333333335,3.0,3.0,2.0,2.0,3.0,3.0
2024,초4,2.0,1.0407394186419079,4.0,2.0,2.6666666666666665,4.0,4.0,4.0,2.0
2024,초4,2.0,1.0407394186419079,2.0,1.0,2.0,2.0,1.0,3.0,1.0
2024,초4,2.0,1.0407394186419079,1.0,1.0,3.0,1.0,1.0,1.0,1.0
2024,초4,2.0,1.0407394186419079,1.0,4.0,3.6666666666666665,1.0,1.0,1.0,4.0
2024,초4,1.0,1.0062663011770043,2.6666666666666665,3.0,3.0,3.0,3.0,2.0,3.0
2024,초4,2.0,1.0407394186419079,1.6666666666666667,4.0,4.0,2.0,2.0,1.0,4.0
2024,초4,1.0,1.0062663011770043,2.3333333333333335,2.0,2.6666666666666665,2.0,3.0,2.0,2.0
2024,초4,1.0,1.0062663011770043,1.6666666666666667,3.0,3.0,2.0,1.0,2.0,3.0
2024,초4,2.0,1.0407394186419079,2.0,2.0,2.6666666666666665,3.0,2.0,1.0,2.0
2024,초4,1.0,1.0062663011770043,1.0,4.0,3.6666666666666665,1.0,1.0,1.0,4.0
2024,초4,1.0,1.0062663011770043,2.6666666666666665,3.0,3.0,3.0,3.0,2.0,3.0
2024,초4,2.0,1.0407394186419079,1.0,4.0,4.0,1.0,1.0,1.0,4.0
2024,초4,2.0,1.0407394186419079,1.0,4.0,3.3333333333333335,1.0,1.0,1.0,4.0
2024,초4,1.0,1.0062663011770043,1.0,3.0,3.0,1.0,1.0,1.0,3.0
2024,초4,1.0,1.0062663011770043,2.3333333333333335,4.0,3.6666666666666665,2.0,2.0,3.0,4.0
2024,초4,2.0,1.0407394186419079,2.3333333333333335,3.0,2.6666666666666665,3.0,1.0,3.0,3.0
2024,초4,1.0,1.0062663011770043,1.6666666666666667,1.0,2.6666666666666665,2.0,2.0,1.0,1.0
2024,초4,2.0,1.0407394186419079,1.0,3.0,3.3333333333333335,1.0,1.0,1.0,3.0
2024,초4,2.0,1.0407394186419079,1.3333333333333333,1.0,2.3333333333333335,1.0,1.0,2.0,1.0
2024,초4,1.0,1.0062663011770043,1.0,4.0,4.0,1.0,1.0,1.0,4.0
2024,초4,1.0,1.0062663011770043,1.0,1.0,2.0,1.0,1.0,1.0,1.0
2024,초6,2.0,1.048325547688001,1.6666666666666667,4.0,3.6666666666666665,2.0,2.0,1.0,4.0
2024,초6,1.0,1.0554072212983874,1.0,4.0,3.3333333333333335,1.0,1.0,1.0,4.0
2024,초6,1.0,1.0554072212983874,2.0,3.0,3.0,2.0,2.0,2.0,3.0
2024,초6,1.0,1.0554072212983874,1.0,3.0,2.6666666666666665,1.0,1.0,1.0,3.0
2024,초6,2.0,1.048325547688001,3.0,2.0,2.3333333333333335,2.0,3.0,4.0,2.0
2024,초6,2.0,1.048325547688001,3.3333333333333335,3.0,2.3333333333333335,3.0,3.0,4.0,3.0
2024,초6,2.0,1.048325547688001,1.6666666666666667,3.0,3.0,3.0,1.0,1.0,3.0
2024,초6,2.0,1.048325547688001,2.6666666666666665,3.0,2.6666666666666665,3.0,2.0,3.0,3.0
2024,초6,1.0,1.0554072212983874,2.0,3.0,3.0,2.0,2.0,2.0,3.0
2024,초6,2.0,1.048325547688001,2.0,4.0,2.0,2.0,3.0,1.0,4.0
2024,초6,1.0,1.0554072212983874,2.3333333333333335,3.0,3.0,2.0,3.0,2.0,3.0
2024,초6,1.0,1.0554072212983874,2.6666666666666665,4.0,3.3333333333333335,3.0,3.0,2.0,4.0
2024,초6,1.0,1.0554072212983874,1.0,4.0,4.0,1.0,1.0,1.0,4.0
2024,초6,1.0,1.0554072212983874,2.3333333333333335,3.0,2.3333333333333335,3.0,1.0,3.0,3.0
2024,초6,2.0,1.048325547688001,2.6666666666666665,3.0,3.0,2.0,3.0,3.0,3.0
2024,초6,2.0,1.048325547688001,1.0,4.0,3.6666666666666665,1.0,1.0,1.0,4.0
2024,초6,1.0,1.0554072212983874,2.3333333333333335,3.0,3.3333333333333335,2.0,2.0,3.0,3.0
2024,초6,2.0,1.048325547688001,1.3333333333333333,3.0,2.6666666666666665,1.0,1.0,2.0,3.0
2024,초6,2.0,1.048325547688001,3.0,3.0,3.0,4.0,2.0,3.0,3.0
2024,초6,2.0,1.048325547688001,2.3333333333333335,3.0,2.6666666666666665,2.0,3.0,2.0,3.0
2024,초6,1.0,1.0554072212983874,2.0,3.0,2.6666666666666665,2.0,2.0,2.0,3.0
2024,초6,1.0,1.0554072212983874,2.0,3.0,3.0,3.0,2.0,1.0,3.0
2024,초6,1.0,1.0554072212983874,2.3333333333333335,1.0,1.6666666666666667,2.0,3.0,2.0,1.0
2024,초6,2.0,1.048325547688001,2.6666666666666665,3.0,3.0,3.0,2.0,3.0,3.0
2024,초4,2.0,1.0859889585828606,3.6666666666666665,3.0,2.3333333333333335,4.0,3.0,4.0,3.0
2024,초4,2.0,1.0859889585828606,1.3333333333333333,4.0,4.0,2.0,1.0,1.0,4.0
2024,초4,1.0,1.0500170099238306,1.3333333333333333,3.0,2.0,1.0,1.0,2.0,3.0
2024,초4,1.0,1.0500170099238306,1.0,1.0,3.0,1.0,1.0,1.0,1.0
2024,초4,2.0,1.0859889585828606,1.0,4.0,3.0,1.0,1.0,1.0,4.0
2024,초4,1.0,1.0500170099238306,1.6666666666666667,4.0,4.0,1.0,2.0,2.0,4.0
2024,초4,1.0,1.0500170099238306,1.0,4.0,4.0,1.0,1.0,1.0,4.0
2024,초4,2.0,1.0859889585828606,1.0,1.0,2.3333333333333335,1.0,1.0,1.0,1.0
2024,초4,1.0,1.0500170099238306,1.0,1.0,2.0,1.0,1.0,1.0,1.0
2024,초4,2.0,1.0859889585828606,1.0,4.0,4.0,1.0,1.0,1.0,4.0
2024,초4,2.0,1.0859889585828606,1.0,1.0,2.0,1.0,1.0,1.0,1.0
2024,초4,2.0,1.0859889585828606,1.0,4.0,4.0,1.0,1.0,1.0,4.0
2024,초4,2.0,1.0859889585828606,1.0,3.0,,1.0,1.0,1.0,3.0
2024,초4,1.0,1.0500170099238306,1.0,4.0,3.6666666666666665,1.0,1.0,1.0,4.0
2024,초4,2.0,1.0859889585828606,1.3333333333333333,4.0,3.3333333333333335,2.0,1.0,1.0,4.0
2024,초4,2.0,1.0859889585828606,1.6666666666666667,4.0,4.0,2.0,2.0,1.0,4.0
2024,초4,1.0,1.0500170099238306,1.0,4.0,4.0,1.0,1.0,1.0,4.0
2024,초4,1.0,1.0500170099238306,1.0,4.0,4.0,1.0,1.0,1.0,4.0
2024,초4,1.0,1.0500170099238306,1.6666666666666667,4.0,3.6666666666666665,2.0,2.0,1.0,4.0
2024,초4,2.0,1.0859889585828606,1.3333333333333333,1.0,1.6666666666666667,1.0,2.0,1.0,1.0
2024,초4,1.0,1.0500170099238306,1.0,3.0,3.0,1.0,1.0,1.0,3.0
2024,초5,2.0,1.1431618545500264,2.0,3.0,3.0,2.0,1.0,3.0,3.0
2024,초5,2.0,1.1431618545500264,1.6666666666666667,3.0,3.0,2.0,1.0,2.0,3.0
2024,초5,1.0,1.1232702952040903,1.0,3.0,2.6666666666666665,1.0,1.0,1.0,3.0
2024,초5,1.0,1.1232702952040903,1.0,3.0,3.0,1.0,1.0,1.0,3.0
2024,초5,1.0,1.1232702952040903,1.3333333333333333,3.0,3.0,1.0,1.0,2.0,3.0
2024,초5,2.0,1.1431618545500264,1.3333333333333333,3.0,3.3333333333333335,1.0,1.0,2.0,3.0
2024,초5,1.0,1.1232702952040903,3.6666666666666665,1.0,2.0,4.0,3.0,4.0,1.0
2024,초5,2.0,1.1431618545500264,1.0,4.0,4.0,1.0,1.0,1.0,4.0
2024,초5,2.0,1.1431618545500264,3.3333333333333335,1.0,1.3333333333333333,3.0,3.0,4.0,1.0
2024,초5,2.0,1.1431618545500264,2.6666666666666665,3.0,3.0,3.0,2.0,3.0,3.0
2024,초5,2.0,1.1431618545500264,2.6666666666666665,4.0,4.0,3.0,2.0,3.0,4.0
2024,초5,1.0,1.1232702952040903,3.3333333333333335,4.0,4.0,4.0,4.0,2.0,4.0
2024,초5,2.0,1.1431618545500264,1.0,4.0,3.3333333333333335,1.0,1.0,1.0,4.0
2024,초5,1.0,1.1232702952040903,4.0,2.0,1.6666666666666667,4.0,4.0,4.0,2.0
2024,초5,2.0,1.1431618545500264,1.3333333333333333,3.0,3.3333333333333335,2.0,1.0,1.0,3.0
2024,초5,2.0,1.1431618545500264,3.0,3.0,3.3333333333333335,3.0,3.0,3.0,3.0
2024,초5,2.0,1.1431618545500264,1.6666666666666667,4.0,4.0,2.0,1.0,2.0,4.0
2024,초5,1.0,1.1232702952040903,1.3333333333333333,4.0,4.0,1.0,2.0,1.0,4.0
2024,초5,1.0,1.1232702952040903,1.3333333333333333,4.0,3.6666666666666665,1.0,2.0,1.0,4.0
2024,초5,1.0,1.1232702952040903,1.0,4.0,4.0,1.0,1.0,1.0,4.0
2024,초5,1.0,1.1232702952040903,1.0,4.0,4.0,1.0,1.0,1.0,4.0
2024,초5,1.0,1.1232702952040903,1.6666666666666667,4.0,4.0,2.0,2.0,1.0,4.0
2024,초5,2.0,1.1431618545500264,2.3333333333333335,3.0,3.6666666666666665,2.0,2.0,3.0,3.0
2024,초5,2.0,1.1431618545500264,3.0,3.0,3.0,2.0,3.0,4.0,3.0
2024,초4,2.0,1.0407394186419079,1.3333333333333333,3.0,3.3333333333333335,1.0,2.0,1.0,3.0
2024,초4,1.0,1.0062663011770043,1.0,3.0,3.3333333333333335,1.0,1.0,1.0,3.0
2024,초4,2.0,1.0407394186419079,1.3333333333333333,1.0,2.3333333333333335,2.0,1.0,1.0,1.0
2024,초4,2.0,1.0407394186419079,1.0,4.0,4.0,1.0,1.0,1.0,4.0
2024,초4,1.0,1.0062663011770043,2.6666666666666665,2.0,2.6666666666666665,2.0,3.0,3.0,2.0
2024,초4,2.0,1.0407394186419079,2.0,3.0,2.3333333333333335,1.0,3.0,2.0,3.0
2024,초4,1.0,1.0062663011770043,1.3333333333333333,1.0,2.3333333333333335,2.0,1.0,1.0,1.0
2024,초4,1.0,1.0062663011770043,1.6666666666666667,1.0,3.0,1.0,3.0,1.0,1.0
2024,초4,1.0,1.0062663011770043,1.0,1.0,3.0,1.0,1.0,1.0,1.0
2024,초4,1.0,1.0062663011770043,1.0,3.0,2.3333333333333335,1.0,1.0,1.0,3.0
2024,초4,2.0,1.0407394186419079,1.0,4.0,3.6666666666666665,1.0,1.0,1.0,4.0
2024,초4,1.0,1.0062663011770043,1.0,3.0,3.3333333333333335,1.0,1.0,1.0,3.0
2024,초4,1.0,1.0062663011770043,3.0,3.0,3.3333333333333335,3.0,3.0,3.0,3.0
2024,초4,2.0,1.0407394186419079,1.0,3.0,3.0,1.0,1.0,1.0,3.0
2024,초4,1.0,1.0062663011770043,2.6666666666666665,4.0,3.6666666666666665,1.0,3.0,4.0,4.0
2024,초4,2.0,1.0407394186419079,2.6666666666666665,3.0,3.0,3.0,2.0,3.0,3.0
2024,초4,1.0,1.0062663011770043,1.0,4.0,3.3333333333333335,1.0,1.0,1.0,4.0
2024,초4,1.0,1.0062663011770043,1.6666666666666667,4.0,4.0,1.0,3.0,1.0,4.0
2024,초4,2.0,1.0407394186419079,1.3333333333333333,4.0,4.0,1.0,1.0,2.0,4.0
2024,초4,2.0,1.0407394186419079,3.6666666666666665,1.0,1.6666666666666667,4.0,4.0,3.0,1.0
2024,초4,1.0,1.0062663011770043,1.0,4.0,3.3333333333333335,1.0,1.0,1.0,4.0
2024,초4,1.0,1.0062663011770043,3.6666666666666665,1.0,3.0,3.0,4.0,4.0,1.0
2024,초4,2.0,1.0407394186419079,1.0,1.0,3.0,1.0,1.0,1.0,1.0
2024,초4,2.0,0.7749003969690382,1.3333333333333333,4.0,3.3333333333333335,2.0,1.0,1.0,4.0
2024,초4,1.0,0.8572256561621652,1.0,2.0,2.6666666666666665,1.0,1.0,1.0,2.0
2024,초4,1.0,0.8572256561621652,1.0,4.0,4.0,1.0,1.0,1.0,4.0
2024,초4,2.0,0.7749003969690382,2.3333333333333335,4.0,4.0,1.0,3.0,3.0,4.0
2024,초4,1.0,0.8572256561621652,1.0,3.0,3.6666666666666665,1.0,1.0,1.0,3.0
2024,초4,1.0,0.8572256561621652,1.3333333333333333,4.0,4.0,1.0,2.0,1.0,4.0
2024,초4,2.0,0.7749003969690382,1.0,4.0,3.6666666666666665,1.0,1.0,1.0,4.0
2024,초4,1.0,0.8572256561621652,1.0,2.0,3.0,1.0,1.0,1.0,2.0
2024,초4,2.0,0.7749003969690382,2.0,3.0,3.3333333333333335,2.0,2.0,2.0,3.0
2024,초4,2.0,0.7749003969690382,1.0,3.0,3.3333333333333335,1.0,1.0,1.0,3.0
2024,초4,1.0,0.8572256561621652,2.0,3.0,3.3333333333333335,2.0,2.0,2.0,3.0
2024,초4,1.0,0.8572256561621652,1.6666666666666667,4.0,4.0,1.0,1.0,3.0,4.0
2024,초4,2.0,0.7749003969690382,1.0,4.0,4.0,1.0,1.0,1.0,4.0
2024,초4,2.0,0.7749003969690382,1.0,4.0,4.0,1.0,1.0,1.0,4.0
2024,초4,2.0,0.7749003969690382,1.0,4.0,4.0,1.0,1.0,1.0,4.0
2024,초4,2.0,0.7749003969690382,2.0,4.0,3.6666666666666665,2.0,3.0,1.0,4.0
2024,초4,2.0,0.7749003969690382,1.0,4.0,4.0,1.0,1.0,1.0,4.0
2024,초4,1.0,0.8572256561621652,1.0,3.0,3.0,1.0,1.0,1.0,3.0
2024,초4,2.0,0.7749003969690382,1.6666666666666667,4.0,4.0,2.0,1.0,2.0,4.0
2024,초4,2.0,0.7749003969690382,1.3333333333333333,4.0,3.3333333333333335,1.0,1.0,2.0,4.0
2024,초4,2.0,0.7749003969690382,1.0,4.0,4.0,1.0,1.0,1.0,4.0
2024,초4,1.0,0.8572256561621652,2.0,4.0,3.3333333333333335,2.0,1.0,3.0,4.0
2024,초4,1.0,0.8572256561621652,2.0,3.0,2.6666666666666665,1.0,2.0,3.0,3.0
2024,초4,2.0,0.7749003969690382,1.0,4.0,3.6666666666666665,1.0,1.0,1.0,4.0
2024,초4,1.0,0.8572256561621652,2.0,3.0,3.0,2.0,2.0,2.0,3.0
2024,초4,2.0,0.7749003969690382,4.0,3.0,3.0,4.0,4.0,4.0,3.0
2024,초4,1.0,0.8572256561621652,1.3333333333333333,3.0,3.3333333333333335,2.0,1.0,1.0,3.0
2024,초4,1.0,0.8572256561621652,1.0,4.0,4.0,1.0,1.0,1.0,4.0
2024,초4,1.0,1.0500170099238306,2.6666666666666665,2.0,3.3333333333333335,4.0,3.0,1.0,2.0
2024,초4,2.0,1.0859889585828606,1.3333333333333333,4.0,4.0,1.0,1.0,2.0,4.0
2024,초4,1.0,1.0500170099238306,1.0,1.0,2.0,1.0,1.0,1.0,1.0
2024,초4,1.0,1.0500170099238306,1.0,4.0,4.0,1.0,1.0,1.0,4.0
2024,초4,2.0,1.0859889585828606,1.0,4.0,4.0,1.0,1.0,1.0,4.0
2024,초4,2.0,1.0859889585828606,1.3333333333333333,1.0,2.0,1.0,1.0,2.0,1.0
2024,초4,1.0,1.0500170099238306,2.6666666666666665,2.0,2.0,3.0,3.0,2.0,2.0
2024,초4,1.0,1.0500170099238306,1.0,3.0,3.0,1.0,1.0,1.0,3.0
2024,초4,2.0,1.0859889585828606,2.6666666666666665,3.0,2.6666666666666665,3.0,3.0,2.0,3.0
2024,초4,1.0,1.0500170099238306,3.6666666666666665,2.0,2.0,4.0,4.0,3.0,2.0
2024,초4,2.0,1.0859889585828606,1.3333333333333333,1.0,3.0,2.0,1.0,1.0,1.0
2024,초4,1.0,1.0500170099238306,1.3333333333333333,1.0,2.3333333333333335,1.0,1.0,2.0,1.0
2024,초4,2.0,1.0859889585828606,1.0,1.0,3.0,1.0,1.0,1.0,1.0
2024,초4,1.0,1.0500170099238306,1.0,4.0,4.0,1.0,1.0,1.0,4.0
2024,초4,2.0,1.0859889585828606,1.0,3.0,3.3333333333333335,1.0,1.0,1.0,3.0
2024,초4,1.0,1.0500170099238306,2.3333333333333335,3.0,3.3333333333333335,3.0,2.0,2.0,3.0
2024,초4,1.0,1.0500170099238306,1.6666666666666667,3.0,2.6666666666666665,1.0,3.0,1.0,3.0
2024,초4,1.0,1.0500170099238306,2.3333333333333335,3.0,,3.0,3.0,1.0,3.0
2024,초4,2.0,1.0859889585828606,1.0,4.0,4.0,1.0,1.0,1.0,4.0
2024,초4,1.0,1.0500170099238306,2.0,4.0,3.3333333333333335,2.0,2.0,2.0,4.0
2024,초4,2.0,1.0859889585828606,1.0,3.0,3.6666666666666665,1.0,1.0,1.0,3.0
2024,초4,1.0,1.0500170099238306,1.0,4.0,3.6666666666666665,1.0,1.0,1.0,4.0
2024,초4,1.0,1.0500170099238306,1.0,4.0,4.0,1.0,1.0,1.0,4.0
2024,초5,2.0,1.4439939215368756,1.0,4.0,4.0,1.0,1.0,1.0,4.0
2024,초5,2.0,1.4439939215368756,2.0,3.0,3.0,2.0,2.0,2.0,3.0
2024,초5,1.0,1.4188677413104298,1.0,4.0,3.3333333333333335,1.0,1.0,1.0,4.0
2024,초5,1.0,1.4188677413104298,2.0,4.0,3.6666666666666665,2.0,3.0,1.0,4.0
2024,초5,1.0,1.4188677413104298,3.0,4.0,2.6666666666666665,3.0,3.0,3.0,4.0
2024,초5,1.0,1.4188677413104298,1.0,4.0,4.0,1.0,1.0,1.0,4.0
2024,초5,1.0,1.4188677413104298,3.0,3.0,3.6666666666666665,3.0,3.0,3.0,3.0
2024,초5,1.0,1.4188677413104298,2.6666666666666665,3.0,2.6666666666666665,3.0,2.0,3.0,3.0
2024,초5,2.0,1.4439939215368756,2.0,3.0,2.6666666666666665,2.0,2.0,2.0,3.0
2024,초5,2.0,1.4439939215368756,1.6666666666666667,4.0,4.0,1.0,1.0,3.0,4.0
2024,초5,1.0,1.4188677413104298,1.0,4.0,3.3333333333333335,1.0,1.0,1.0,4.0
2024,초5,1.0,1.4188677413104298,3.3333333333333335,1.0,1.6666666666666667,3.0,4.0,3.0,1.0
2024,초5,1.0,1.4188677413104298,1.0,2.0,2.6666666666666665,1.0,1.0,1.0,2.0
2024,초5,2.0,1.4439939215368756,4.0,2.0,2.0,4.0,4.0,4.0,2.0
2024,초5,1.0,1.4188677413104298,1.3333333333333333,3.0,3.6666666666666665,2.0,1.0,1.0,3.0
2024,초5,2.0,1.4439939215368756,2.6666666666666665,3.0,2.3333333333333335,3.0,2.0,3.0,3.0
2024,초5,2.0,1.4439939215368756,2.3333333333333335,4.0,4.0,3.0,3.0,1.0,4.0
2024,초5,2.0,1.4439939215368756,2.3333333333333335,4.0,4.0,3.0,3.0,1.0,4.0
2024,초5,2.0,1.4439939215368756,3.3333333333333335,3.0,3.3333333333333335,3.0,3.0,4.0,3.0
2024,초4,2.0,1.0407394186419079,2.6666666666666665,3.0,3.0,3.0,2.0,3.0,3.0
2024,초4,2.0,1.0407394186419079,1.0,4.0,3.6666666666666665,1.0,1.0,1.0,4.0
2024,초4,2.0,1.0407394186419079,2.0,3.0,3.3333333333333335,2.0,2.0,2.0,3.0
2024,초4,2.0,1.0407394186419079,3.0,2.0,2.3333333333333335,3.0,3.0,3.0,2.0
2024,초4,2.0,1.0407394186419079,2.6666666666666665,2.0,2.3333333333333335,2.0,3.0,3.0,2.0
2024,초4,2.0,1.0407394186419079,1.0,3.0,3.0,1.0,1.0,1.0,3.0
2024,초4,2.0,1.0407394186419079,1.3333333333333333,3.0,3.3333333333333335,1.0,1.0,2.0,3.0
2024,초4,1.0,1.0062663011770043,1.0,4.0,4.0,1.0,1.0,1.0,4.0
2024,초4,2.0,1.0407394186419079,1.0,4.0,4.0,1.0,1.0,1.0,4.0
2024,초4,2.0,1.0407394186419079,1.0,2.0,3.0,1.0,1.0,1.0,2.0
2024,초4,2.0,1.0407394186419079,1.0,4.0,3.6666666666666665,1.0,1.0,1.0,4.0
2024,초4,2.0,1.0407394186419079,1.0,4.0,4.0,1.0,1.0,1.0,4.0
2024,초4,1.0,1.0062663011770043,1.0,3.0,3.0,1.0,1.0,1.0,3.0
2024,초4,1.0,1.0062663011770043,1.6666666666666667,4.0,3.3333333333333335,2.0,2.0,1.0,4.0
2024,초4,1.0,1.0062663011770043,2.0,2.0,2.0,2.0,2.0,2.0,2.0
2024,초4,2.0,1.0407394186419079,2.6666666666666665,4.0,4.0,1.0,3.0,4.0,4.0
2024,초4,1.0,1.0062663011770043,2.3333333333333335,4.0,4.0,3.0,2.0,2.0,4.0
2024,초4,1.0,1.0062663011770043,2.3333333333333335,2.0,2.0,3.0,1.0,3.0,2.0
2024,초4,2.0,1.0407394186419079,1.0,4.0,4.0,1.0,1.0,1.0,4.0
2024,초4,1.0,1.0062663011770043,2.0,3.0,2.6666666666666665,2.0,2.0,2.0,3.0
2024,초4,2.0,1.0407394186419079,1.6666666666666667,4.0,4.0,1.0,2.0,2.0,4.0
2024,초4,1.0,1.0062663011770043,1.0,3.0,3.3333333333333335,1.0,1.0,1.0,3.0
2024,초4,1.0,1.0062663011770043,1.0,4.0,4.0,1.0,1.0,1.0,4.0
2024,초4,1.0,1.0062663011770043,3.6666666666666665,4.0,,3.0,4.0,4.0,4.0
2024,초5,2.0,1.306470690914316,1.0,1.0,2.0,1.0,1.0,1.0,1.0
2024,초5,1.0,1.283737480233246,1.3333333333333333,4.0,3.6666666666666665,2.0,1.0,1.0,4.0
2024,초5,2.0,1.306470690914316,2.0,4.0,4.0,1.0,2.0,3.0,4.0
2024,초5,1.0,1.283737480233246,1.3333333333333333,4.0,4.0,1.0,2.0,1.0,4.0
2024,초5,2.0,1.306470690914316,2.6666666666666665,4.0,3.3333333333333335,2.0,3.0,3.0,4.0
2024,초5,2.0,1.306470690914316,1.0,1.0,2.6666666666666665,1.0,1.0,1.0,1.0
2024,초5,1.0,1.283737480233246,2.0,4.0,4.0,1.0,2.0,3.0,4.0
2024,초5,2.0,1.306470690914316,1.3333333333333333,2.0,2.3333333333333335,2.0,1.0,1.0,2.0
2024,초5,1.0,1.283737480233246,1.6666666666666667,4.0,4.0,2.0,1.0,2.0,4.0
2024,초5,2.0,1.306470690914316,1.0,1.0,3.0,1.0,1.0,1.0,1.0
2024,초5,2.0,1.306470690914316,2.0,3.0,3.3333333333333335,2.0,2.0,2.0,3.0
2024,초5,2.0,1.306470690914316,1.6666666666666667,4.0,4.0,1.0,3.0,1.0,4.0
2024,초5,2.0,1.306470690914316,2.0,3.0,3.0,2.0,2.0,2.0,3.0
2024,초5,1.0,1.283737480233246,1.0,3.0,3.0,1.0,1.0,1.0,3.0
2024,초5,1.0,1.283737480233246,1.3333333333333333,4.0,4.0,1.0,2.0,1.0,4.0
2024,초5,1.0,1.283737480233246,1.0,4.0,4.0,1.0,1.0,1.0,4.0
2024,초5,1.0,1.283737480233246,1.0,4.0,4.0,1.0,1.0,1.0,4.0
2024,초5,1.0,1.283737480233246,2.3333333333333335,2.0,2.0,2.0,3.0,2.0,2.0
2024,초5,1.0,1.283737480233246,1.0,1.0,3.0,1.0,1.0,1.0,1.0
2024,초5,2.0,1.306470690914316,2.3333333333333335,4.0,4.0,3.0,1.0,3.0,4.0
2024,초5,1.0,1.283737480233246,2.6666666666666665,4.0,4.0,2.0,3.0,3.0,4.0
2024,초6,2.0,1.0920057788416675,2.3333333333333335,4.0,3.6666666666666665,3.0,2.0,2.0,4.0
2024,초6,2.0,1.0920057788416675,2.6666666666666665,3.0,2.6666666666666665,3.0,2.0,3.0,3.0
2024,초6,1.0,1.0993825221858202,2.0,2.0,2.3333333333333335,2.0,2.0,2.0,2.0
2024,초6,2.0,1.0920057788416675,3.0,3.0,2.6666666666666665,3.0,3.0,3.0,3.0
2024,초6,2.0,1.0920057788416675,3.6666666666666665,3.0,2.3333333333333335,4.0,3.0,4.0,3.0
2024,초6,2.0,1.0920057788416675,2.0,3.0,3.0,1.0,3.0,2.0,3.0
2024,초6,2.0,1.0920057788416675,1.0,4.0,3.3333333333333335,1.0,1.0,1.0,4.0
2024,초6,2.0,1.0920057788416675,1.3333333333333333,4.0,3.6666666666666665,2.0,1.0,1.0,4.0
2024,초6,1.0,1.0993825221858202,1.0,4.0,3.3333333333333335,1.0,1.0,1.0,4.0
2024,초6,1.0,1.0993825221858202,2.0,3.0,2.3333333333333335,3.0,2.0,1.0,3.0
2024,초6,1.0,1.0993825221858202,4.0,4.0,4.0,4.0,4.0,4.0,4.0
2024,초6,1.0,1.0993825221858202,2.6666666666666665,3.0,3.6666666666666665,3.0,2.0,3.0,3.0
2024,초6,1.0,1.0993825221858202,3.0,2.0,2.3333333333333335,3.0,3.0,3.0,2.0
2024,초6,2.0,1.0920057788416675,2.3333333333333335,2.0,2.0,3.0,1.0,3.0,2.0
2024,초6,2.0,1.0920057788416675,3.3333333333333335,2.0,2.0,3.0,4.0,3.0,2.0
2024,초6,1.0,1.0993825221858202,1.0,3.0,3.3333333333333335,1.0,1.0,1.0,3.0
2024,초6,2.0,1.0920057788416675,3.0,2.0,1.3333333333333333,3.0,3.0,3.0,2.0
2024,초6,1.0,1.0993825221858202,3.3333333333333335,4.0,3.6666666666666665,3.0,4.0,3.0,4.0
2024,초6,2.0,1.0920057788416675,3.0,3.0,3.0,3.0,3.0,3.0,3.0
2024,초6,2.0,1.0920057788416675,1.0,4.0,4.0,1.0,1.0,1.0,4.0
2024,초6,2.0,1.0920057788416675,1.6666666666666667,3.0,3.3333333333333335,1.0,3.0,1.0,3.0
2024,초6,1.0,1.0993825221858202,1.0,3.0,3.0,1.0,1.0,1.0,3.0
2024,초6,1.0,1.0993825221858202,3.0,2.0,2.0,3.0,3.0,3.0,2.0
2024,초6,1.0,1.0993825221858202,2.0,2.0,2.6666666666666665,2.0,2.0,2.0,2.0
2024,초4,1.0,1.207519561412405,1.3333333333333333,3.0,3.0,1.0,1.0,2.0,3.0
2024,초4,1.0,1.207519561412405,1.0,3.0,2.6666666666666665,1.0,1.0,1.0,3.0
2024,초4,1.0,1.207519561412405,1.6666666666666667,1.0,2.3333333333333335,1.0,2.0,2.0,1.0
2024,초4,1.0,1.207519561412405,1.0,4.0,4.0,1.0,1.0,1.0,4.0
2024,초4,1.0,1.207519561412405,1.0,4.0,3.0,1.0,1.0,1.0,4.0
2024,초4,2.0,1.2488873023702893,3.3333333333333335,1.0,3.0,3.0,4.0,3.0,1.0
2024,초4,1.0,1.207519561412405,2.3333333333333335,4.0,4.0,3.0,2.0,2.0,4.0
2024,초4,1.0,1.207519561412405,1.0,3.0,3.0,1.0,1.0,1.0,3.0
2024,초4,1.0,1.207519561412405,1.6666666666666667,4.0,3.6666666666666665,3.0,1.0,1.0,4.0
2024,초4,2.0,1.2488873023702893,2.0,1.0,2.3333333333333335,3.0,2.0,1.0,1.0
2024,초4,2.0,1.2488873023702893,2.0,,,1.0,3.0,2.0,
2024,초4,2.0,1.2488873023702893,1.0,4.0,4.0,1.0,1.0,1.0,4.0
2024,초4,1.0,1.207519561412405,1.0,4.0,4.0,1.0,1.0,1.0,4.0
2024,초4,2.0,1.2488873023702893,1.0,4.0,4.0,1.0,1.0,1.0,4.0
2024,초4,2.0,1.2488873023702893,3.3333333333333335,4.0,4.0,3.0,3.0,4.0,4.0
2024,초4,2.0,1.2488873023702893,2.0,1.0,3.0,2.0,2.0,2.0,1.0
2024,초4,1.0,1.207519561412405,2.0,4.0,3.3333333333333335,3.0,1.0,2.0,4.0
2024,초4,1.0,1.207519561412405,2.0,1.0,2.3333333333333335,2.0,2.0,2.0,1.0
2024,초4,1.0,1.207519561412405,1.0,4.0,4.0,1.0,1.0,1.0,4.0
2024,초5,2.0,1.1431618545500264,1.0,4.0,4.0,1.0,1.0,1.0,4.0
2024,초5,1.0,1.1232702952040903,2.3333333333333335,3.0,3.0,2.0,3.0,2.0,3.0
2024,초5,2.0,1.1431618545500264,1.0,4.0,3.6666666666666665,1.0,1.0,1.0,4.0
2024,초5,1.0,1.1232702952040903,1.0,4.0,4.0,1.0,1.0,1.0,4.0
2024,초5,2.0,1.1431618545500264,1.3333333333333333,4.0,4.0,1.0,2.0,1.0,4.0
2024,초5,1.0,1.1232702952040903,1.0,4.0,4.0,1.0,1.0,1.0,4.0
2024,초5,2.0,1.1431618545500264,1.0,3.0,2.6666666666666665,1.0,1.0,1.0,3.0
2024,초5,1.0,1.1232702952040903,1.0,1.0,2.0,1.0,1.0,1.0,1.0
2024,초5,2.0,1.1431618545500264,1.6666666666666667,3.0,3.6666666666666665,3.0,1.0,1.0,3.0
2024,초5,1.0,1.1232702952040903,1.0,4.0,4.0,1.0,1.0,1.0,4.0
2024,초5,1.0,1.1232702952040903,1.6666666666666667,3.0,2.3333333333333335,1.0,3.0,1.0,3.0
2024,초5,2.0,1.1431618545500264,1.0,4.0,4.0,1.0,1.0,1.0,4.0
2024,초5,1.0,1.1232702952040903,2.0,3.0,2.6666666666666665,2.0,2.0,2.0,3.0
2024,초5,2.0,1.1431618545500264,1.0,1.0,3.0,1.0,1.0,1.0,1.0
2024,초5,1.0,1.1232702952040903,1.0,3.0,3.0,1.0,1.0,1.0,3.0
2024,초5,1.0,1.1232702952040903,1.0,3.0,3.3333333333333335,1.0,1.0,1.0,3.0
2024,초5,1.0,1.1232702952040903,1.0,4.0,4.0,1.0,1.0,1.0,4.0
2024,초5,1.0,1.1232702952040903,1.0,4.0,4.0,1.0,1.0,1.0,4.0
2024,초5,1.0,1.1232702952040903,1.0,4.0,4.0,1.0,1.0,1.0,4.0
2024,초5,2.0,1.1431618545500264,1.0,4.0,3.6666666666666665,1.0,1.0,1.0,4.0
2024,초5,2.0,1.1431618545500264,1.0,3.0,3.3333333333333335,1.0,1.0,1.0,3.0
2024,초5,1.0,1.1232702952040903,1.0,4.0,4.0,1.0,1.0,1.0,4.0
2024,초5,1.0,1.1232702952040903,1.6666666666666667,3.0,3.0,3.0,1.0,1.0,3.0
2024,초5,2.0,1.1431618545500264,1.0,4.0,4.0,1.0,1.0,1.0,4.0
2024,초6,2.0,1.0080053343153854,2.0,4.0,4.0,2.0,1.0,3.0,4.0
2024,초6,1.0,1.0148146358638341,2.3333333333333335,2.0,2.0,2.0,3.0,2.0,2.0
2024,초6,1.0,1.0148146358638341,2.3333333333333335,3.0,2.3333333333333335,2.0,3.0,2.0,3.0
2024,초6,1.0,1.0148146358638341,1.0,1.0,1.6666666666666667,1.0,1.0,1.0,1.0
2024,초6,1.0,1.0148146358638341,1.0,3.0,3.6666666666666665,1.0,1.0,1.0,3.0
2024,초6,1.0,1.0148146358638341,1.0,4.0,4.0,1.0,1.0,1.0,4.0
2024,초6,2.0,1.0080053343153854,3.3333333333333335,3.0,2.3333333333333335,3.0,4.0,3.0,3.0
2024,초6,1.0,1.0148146358638341,1.6666666666666667,4.0,3.3333333333333335,2.0,2.0,1.0,4.0
2024,초6,2.0,1.0080053343153854,1.0,1.0,1.6666666666666667,1.0,1.0,1.0,1.0
2024,초6,1.0,1.0148146358638341,1.0,4.0,4.0,1.0,1.0,1.0,4.0
2024,초6,1.0,1.0148146358638341,2.0,4.0,2.6666666666666665,2.0,1.0,3.0,4.0
2024,초6,2.0,1.0080053343153854,3.3333333333333335,2.0,2.3333333333333335,3.0,4.0,3.0,2.0
2024,초6,1.0,1.0148146358638341,3.0,3.0,2.6666666666666665,3.0,3.0,3.0,3.0
2024,초6,2.0,1.0080053343153854,3.0,3.0,2.3333333333333335,3.0,3.0,3.0,3.0
2024,초6,2.0,1.0080053343153854,1.0,4.0,3.6666666666666665,1.0,1.0,1.0,4.0
2024,초6,1.0,1.0148146358638341,1.0,3.0,3.3333333333333335,1.0,1.0,1.0,3.0
2024,초6,2.0,1.0080053343153854,3.0,2.0,2.0,3.0,3.0,3.0,2.0
2024,초6,2.0,1.0080053343153854,1.3333333333333333,3.0,2.6666666666666665,1.0,2.0,1.0,3.0
2024,초6,2.0,1.0080053343153854,4.0,3.0,3.0,4.0,4.0,4.0,3.0
2024,초6,1.0,1.0148146358638341,1.6666666666666667,3.0,3.0,3.0,1.0,1.0,3.0
2024,초6,2.0,1.0080053343153854,2.3333333333333335,3.0,3.0,3.0,2.0,2.0,3.0
2024,초6,2.0,1.0080053343153854,1.0,4.0,4.0,1.0,1.0,1.0,4.0
2024,초6,2.0,1.0080053343153854,2.3333333333333335,4.0,4.0,1.0,3.0,3.0,4.0
2024,초6,1.0,1.0148146358638341,2.3333333333333335,2.0,2.0,2.0,3.0,2.0,2.0
2024,초6,1.0,1.0148146358638341,1.6666666666666667,2.0,2.3333333333333335,1.0,2.0,2.0,2.0
2024,초6,2.0,1.0080053343153854,1.3333333333333333,3.0,3.0,2.0,1.0,1.0,3.0
2024,초5,2.0,1.2470856595091198,1.0,4.0,4.0,1.0,1.0,1.0,4.0
2024,초5,1.0,1.2253857765862801,1.6666666666666667,3.0,2.6666666666666665,1.0,2.0,2.0,3.0
2024,초5,2.0,1.2470856595091198,1.6666666666666667,4.0,3.0,1.0,3.0,1.0,4.0
2024,초5,1.0,1.2253857765862801,3.0,3.0,2.6666666666666665,3.0,3.0,3.0,3.0
2024,초5,2.0,1.2470856595091198,2.3333333333333335,4.0,3.3333333333333335,3.0,3.0,1.0,4.0
2024,초5,1.0,1.2253857765862801,3.0,2.0,,3.0,3.0,3.0,2.0
2024,초5,2.0,1.2470856595091198,3.3333333333333335,4.0,3.6666666666666665,3.0,3.0,4.0,4.0
2024,초5,1.0,1.2253857765862801,1.0,1.0,1.6666666666666667,1.0,1.0,1.0,1.0
2024,초5,2.0,1.2470856595091198,3.0,4.0,3.6666666666666665,3.0,3.0,3.0,4.0
2024,초5,2.0,1.2470856595091198,2.6666666666666665,2.0,2.3333333333333335,3.0,3.0,2.0,2.0
2024,초5,1.0,1.2253857765862801,1.0,4.0,4.0,1.0,1.0,1.0,4.0
2024,초5,2.0,1.2470856595091198,2.0,2.0,2.6666666666666665,2.0,2.0,2.0,2.0
2024,초5,2.0,1.2470856595091198,3.6666666666666665,2.0,2.6666666666666665,4.0,4.0,3.0,2.0
2024,초5,1.0,1.2253857765862801,1.0,3.0,3.0,1.0,1.0,1.0,3.0
2024,초5,1.0,1.2253857765862801,1.0,4.0,3.6666666666666665,1.0,1.0,1.0,4.0
2024,초5,1.0,1.2253857765862801,1.0,4.0,4.0,1.0,1.0,1.0,4.0
2024,초5,2.0,1.2470856595091198,2.0,2.0,2.0,3.0,2.0,1.0,2.0
2024,초5,2.0,1.2470856595091198,1.6666666666666667,4.0,4.0,2.0,1.0,2.0,4.0
2024,초5,2.0,1.2470856595091198,4.0,2.0,1.6666666666666667,4.0,4.0,4.0,2.0
2024,초5,1.0,1.2253857765862801,2.3333333333333335,4.0,3.3333333333333335,2.0,3.0,2.0,4.0
2024,초5,1.0,1.2253857765862801,2.6666666666666665,3.0,3.6666666666666665,3.0,2.0,3.0,3.0
2024,초5,2.0,1.2470856595091198,2.0,4.0,3.6666666666666665,2.0,2.0,2.0,4.0
2024,초5,2.0,1.4439939215368756,1.6666666666666667,4.0,4.0,3.0,1.0,1.0,4.0
2024,초5,1.0,1.4188677413104298,3.6666666666666665,3.0,3.3333333333333335,4.0,3.0,4.0,3.0
2024,초5,1.0,1.4188677413104298,2.0,3.0,2.6666666666666665,2.0,2.0,2.0,3.0
2024,초5,2.0,1.4439939215368756,4.0,1.0,1.3333333333333333,4.0,4.0,4.0,1.0
2024,초5,1.0,1.4188677413104298,3.0,3.0,3.0,3.0,3.0,3.0,3.0
2024,초5,2.0,1.4439939215368756,4.0,2.0,2.0,4.0,4.0,4.0,2.0
2024,초5,2.0,1.4439939215368756,4.0,2.0,1.3333333333333333,4.0,4.0,4.0,2.0
2024,초5,1.0,1.4188677413104298,1.0,4.0,3.6666666666666665,1.0,1.0,1.0,4.0
2024,초5,1.0,1.4188677413104298,1.0,3.0,2.6666666666666665,1.0,1.0,1.0,3.0
2024,초5,2.0,1.4439939215368756,1.3333333333333333,4.0,4.0,2.0,1.0,1.0,4.0
2024,초5,2.0,1.4439939215368756,2.6666666666666665,4.0,3.0,3.0,2.0,3.0,4.0
2024,초5,2.0,1.4439939215368756,1.3333333333333333,4.0,3.6666666666666665,1.0,1.0,2.0,4.0
2024,초5,2.0,1.4439939215368756,2.3333333333333335,3.0,3.0,3.0,2.0,2.0,3.0
2024,초5,1.0,1.4188677413104298,1.0,1.0,3.0,1.0,1.0,1.0,1.0
2024,초5,1.0,1.4188677413104298,2.3333333333333335,2.0,2.6666666666666665,3.0,2.0,2.0,2.0
2024,초5,2.0,1.4439939215368756,1.0,4.0,4.0,1.0,1.0,1.0,4.0
2024,초5,1.0,1.4188677413104298,1.0,3.0,3.3333333333333335,1.0,1.0,1.0,3.0
2024,초4,2.0,1.1353520930638996,1.0,3.0,3.6666666666666665,1.0,1.0,1.0,3.0
2024,초4,1.0,1.0977450558294592,1.0,4.0,4.0,1.0,1.0,1.0,4.0
2024,초4,1.0,1.0977450558294592,1.0,4.0,4.0,1.0,1.0,1.0,4.0
2024,초4,1.0,1.0977450558294592,2.3333333333333335,4.0,3.6666666666666665,3.0,2.0,2.0,4.0
2024,초4,1.0,1.0977450558294592,1.3333333333333333,3.0,3.3333333333333335,2.0,1.0,1.0,3.0
2024,초4,1.0,1.0977450558294592,1.0,4.0,4.0,1.0,1.0,1.0,4.0
2024,초4,2.0,1.1353520930638996,1.0,4.0,3.3333333333333335,1.0,1.0,1.0,4.0
2024,초4,2.0,1.1353520930638996,1.0,4.0,3.3333333333333335,1.0,1.0,1.0,4.0
2024,초4,1.0,1.0977450558294592,4.0,1.0,1.6666666666666667,4.0,4.0,4.0,1.0
2024,초4,1.0,1.0977450558294592,1.0,4.0,3.0,1.0,1.0,1.0,4.0
2024,초4,1.0,1.0977450558294592,1.0,4.0,,1.0,1.0,1.0,4.0
2024,초4,2.0,1.1353520930638996,1.0,4.0,4.0,1.0,1.0,1.0,4.0
2024,초4,2.0,1.1353520930638996,1.0,3.0,2.6666666666666665,1.0,1.0,1.0,3.0
2024,초4,1.0,1.0977450558294592,1.0,4.0,4.0,1.0,1.0,1.0,4.0
2024,초4,2.0,1.1353520930638996,1.6666666666666667,4.0,3.6666666666666665,2.0,2.0,1.0,4.0
2024,초4,1.0,1.0977450558294592,2.6666666666666665,2.0,2.3333333333333335,3.0,2.0,3.0,2.0
2024,초4,2.0,1.1353520930638996,2.0,4.0,4.0,2.0,2.0,2.0,4.0
2024,초4,2.0,1.1353520930638996,3.6666666666666665,4.0,4.0,3.0,4.0,4.0,4.0
2024,초4,1.0,1.0977450558294592,1.0,4.0,3.3333333333333335,1.0,1.0,1.0,4.0
2024,초4,2.0,1.1353520930638996,1.6666666666666667,1.0,3.0,1.0,2.0,2.0,1.0
2024,초4,1.0,1.0977450558294592,1.6666666666666667,4.0,3.0,2.0,2.0,1.0,4.0
2024,초4,2.0,0.9991098418962316,1.0,3.0,2.6666666666666665,1.0,1.0,1.0,3.0
2024,초4,2.0,0.9991098418962316,1.0,4.0,4.0,1.0,1.0,1.0,4.0
2024,초4,1.0,0.9660156491299241,1.0,4.0,4.0,1.0,1.0,1.0,4.0
2024,초4,1.0,0.9660156491299241,1.6666666666666667,4.0,4.0,1.0,3.0,1.0,4.0
2024,초4,2.0,0.9991098418962316,3.0,3.0,2.6666666666666665,3.0,3.0,3.0,3.0
2024,초4,1.0,0.9660156491299241,2.3333333333333335,3.0,2.0,2.0,1.0,4.0,3.0
2024,초4,2.0,0.9991098418962316,2.0,2.0,2.0,2.0,2.0,2.0,2.0
2024,초4,2.0,0.9991098418962316,1.0,4.0,4.0,1.0,1.0,1.0,4.0
2024,초4,1.0,0.9660156491299241,2.6666666666666665,4.0,3.6666666666666665,3.0,1.0,4.0,4.0
2024,초4,2.0,0.9991098418962316,3.0,3.0,3.0,3.0,3.0,3.0,3.0
2024,초4,2.0,0.9991098418962316,1.3333333333333333,4.0,4.0,1.0,2.0,1.0,4.0
2024,초4,1.0,0.9660156491299241,1.6666666666666667,2.0,2.0,2.0,2.0,1.0,2.0
2024,초4,1.0,0.9660156491299241,1.3333333333333333,1.0,2.3333333333333335,1.0,2.0,1.0,1.0
2024,초4,2.0,0.9991098418962316,2.6666666666666665,3.0,3.0,3.0,3.0,2.0,3.0
2024,초4,2.0,0.9991098418962316,1.0,4.0,4.0,1.0,1.0,1.0,4.0
2024,초4,1.0,0.9660156491299241,1.0,1.0,2.0,1.0,1.0,1.0,1.0
2024,초4,1.0,0.9660156491299241,1.0,3.0,3.0,1.0,1.0,1.0,3.0
2024,초4,2.0,0.9991098418962316,1.0,1.0,2.3333333333333335,1.0,1.0,1.0,1.0
2024,초4,1.0,0.9660156491299241,2.6666666666666665,2.0,1.6666666666666667,3.0,2.0,3.0,2.0
2024,초4,2.0,0.9991098418962316,2.6666666666666665,3.0,2.3333333333333335,3.0,3.0,2.0,3.0
2024,초4,2.0,0.9991098418962316,3.0,3.0,2.3333333333333335,1.0,4.0,4.0,3.0
2024,초4,2.0,0.9991098418962316,3.0,1.0,1.0,3.0,3.0,3.0,1.0
2024,초4,2.0,0.9991098418962316,2.3333333333333335,4.0,4.0,2.0,3.0,2.0,4.0
2024,초4,2.0,0.9991098418962316,1.0,4.0,4.0,1.0,1.0,1.0,4.0
2024,초4,2.0,0.9991098418962316,1.0,3.0,3.0,1.0,1.0,1.0,3.0
2024,초4,2.0,1.0859889585828606,1.0,4.0,3.6666666666666665,1.0,1.0,1.0,4.0
2024,초4,2.0,1.0859889585828606,2.0,3.0,3.0,3.0,2.0,1.0,3.0
2024,초4,1.0,1.0500170099238306,1.0,4.0,4.0,1.0,1.0,1.0,4.0
2024,초4,2.0,1.0859889585828606,1.3333333333333333,3.0,2.6666666666666665,1.0,2.0,1.0,3.0
2024,초4,1.0,1.0500170099238306,1.0,1.0,3.0,1.0,1.0,1.0,1.0
2024,초4,2.0,1.0859889585828606,2.0,3.0,3.0,2.0,2.0,2.0,3.0
2024,초4,1.0,1.0500170099238306,1.0,3.0,3.3333333333333335,1.0,1.0,1.0,3.0
2024,초4,2.0,1.0859889585828606,3.0,3.0,3.6666666666666665,3.0,2.0,4.0,3.0
2024,초4,1.0,1.0500170099238306,1.0,4.0,3.3333333333333335,1.0,1.0,1.0,4.0
2024,초4,2.0,1.0859889585828606,2.3333333333333335,4.0,3.6666666666666665,3.0,3.0,1.0,4.0
2024,초4,2.0,1.0859889585828606,1.0,4.0,4.0,1.0,1.0,1.0,4.0
2024,초4,1.0,1.0500170099238306,1.0,1.0,2.0,1.0,1.0,1.0,1.0
2024,초4,2.0,1.0859889585828606,1.0,4.0,4.0,1.0,1.0,1.0,4.0
2024,초4,1.0,1.0500170099238306,1.0,4.0,4.0,1.0,1.0,1.0,4.0
2024,초4,1.0,1.0500170099238306,1.6666666666666667,4.0,4.0,3.0,1.0,1.0,4.0
2024,초4,2.0,1.0859889585828606,3.3333333333333335,3.0,3.6666666666666665,4.0,3.0,3.0,3.0
2024,초4,1.0,1.0500170099238306,1.0,4.0,4.0,1.0,1.0,1.0,4.0
2024,초4,1.0,1.0500170099238306,1.0,3.0,3.0,1.0,1.0,1.0,3.0
2024,초4,1.0,1.0500170099238306,1.0,1.0,2.3333333333333335,1.0,1.0,1.0,1.0
2024,초4,1.0,1.0500170099238306,3.3333333333333335,1.0,1.0,4.0,4.0,2.0,1.0
2024,초4,2.0,1.0859889585828606,3.0,4.0,3.3333333333333335,3.0,3.0,3.0,4.0
2024,초4,1.0,1.0500170099238306,1.0,4.0,4.0,1.0,1.0,1.0,4.0
2024,초5,1.0,1.4188677413104298,2.0,1.0,1.6666666666666667,1.0,4.0,1.0,1.0
2024,초5,2.0,1.4439939215368756,2.6666666666666665,3.0,3.3333333333333335,3.0,2.0,3.0,3.0
2024,초5,1.0,1.4188677413104298,1.0,1.0,2.0,1.0,1.0,1.0,1.0
2024,초5,1.0,1.4188677413104298,1.0,1.0,2.0,1.0,1.0,1.0,1.0
2024,초5,2.0,1.4439939215368756,2.0,4.0,4.0,2.0,2.0,2.0,4.0
2024,초5,2.0,1.4439939215368756,2.3333333333333335,3.0,2.6666666666666665,2.0,2.0,3.0,3.0
2024,초5,1.0,1.4188677413104298,1.3333333333333333,2.0,2.6666666666666665,1.0,1.0,2.0,2.0
2024,초5,1.0,1.4188677413104298,1.3333333333333333,1.0,2.3333333333333335,2.0,1.0,1.0,1.0
2024,초5,2.0,1.4439939215368756,3.0,3.0,2.3333333333333335,3.0,3.0,3.0,3.0
2024,초5,1.0,1.4188677413104298,2.3333333333333335,4.0,4.0,2.0,3.0,2.0,4.0
2024,초5,1.0,1.4188677413104298,1.3333333333333333,3.0,3.3333333333333335,2.0,1.0,1.0,3.0
2024,초5,1.0,1.4188677413104298,2.0,4.0,3.6666666666666665,2.0,2.0,2.0,4.0
2024,초5,2.0,1.4439939215368756,2.3333333333333335,3.0,3.0,2.0,3.0,2.0,3.0
2024,초5,1.0,1.4188677413104298,3.0,2.0,2.6666666666666665,3.0,3.0,3.0,2.0
2024,초5,2.0,1.4439939215368756,2.0,3.0,2.6666666666666665,2.0,2.0,2.0,3.0
2024,초5,2.0,1.4439939215368756,1.3333333333333333,1.0,3.0,1.0,1.0,2.0,1.0
2024,초5,1.0,1.4188677413104298,1.6666666666666667,3.0,3.0,2.0,2.0,1.0,3.0
2024,초5,1.0,1.4188677413104298,2.0,3.0,3.0,2.0,2.0,2.0,3.0
2024,초5,2.0,1.4439939215368756,1.0,3.0,3.6666666666666665,1.0,1.0,1.0,3.0
2024,초6,1.0,1.1993263878390765,3.6666666666666665,3.0,2.0,4.0,4.0,3.0,3.0
2024,초6,1.0,1.1993263878390765,3.0,3.0,2.3333333333333335,3.0,3.0,3.0,3.0
2024,초6,1.0,1.1993263878390765,2.3333333333333335,1.0,2.3333333333333335,3.0,2.0,2.0,1.0
2024,초6,2.0,1.1912790314636372,1.0,1.0,2.0,1.0,1.0,1.0,1.0
2024,초6,1.0,1.1993263878390765,1.0,4.0,3.3333333333333335,1.0,1.0,1.0,4.0
2024,초6,1.0,1.1993263878390765,1.6666666666666667,4.0,3.6666666666666665,3.0,1.0,1.0,4.0
2024,초6,2.0,1.1912790314636372,1.0,4.0,4.0,1.0,1.0,1.0,4.0
2024,초6,2.0,1.1912790314636372,2.3333333333333335,2.0,2.0,3.0,2.0,2.0,2.0
2024,초6,1.0,1.1993263878390765,2.0,1.0,1.6666666666666667,1.0,4.0,1.0,1.0
2024,초6,1.0,1.1993263878390765,2.0,4.0,3.3333333333333335,2.0,2.0,2.0,4.0
2024,초6,2.0,1.1912790314636372,1.0,3.0,2.6666666666666665,1.0,1.0,1.0,3.0
2024,초6,1.0,1.1993263878390765,1.0,1.0,3.0,1.0,1.0,1.0,1.0
2024,초6,2.0,1.1912790314636372,2.6666666666666665,2.0,1.3333333333333333,2.0,3.0,3.0,2.0
2024,초6,2.0,1.1912790314636372,1.6666666666666667,3.0,2.6666666666666665,1.0,1.0,3.0,3.0
2024,초6,1.0,1.1993263878390765,2.0,3.0,2.6666666666666665,2.0,2.0,2.0,3.0
2024,초6,1.0,1.1993263878390765,2.0,4.0,4.0,1.0,2.0,3.0,4.0
2024,초6,2.0,1.1912790314636372,2.6666666666666665,3.0,3.6666666666666665,3.0,2.0,3.0,3.0
2024,초6,2.0,1.1912790314636372,1.6666666666666667,1.0,3.0,2.0,2.0,1.0,1.0
2024,초6,1.0,1.1993263878390765,1.6666666666666667,2.0,1.6666666666666667,2.0,2.0,1.0,2.0
2024,초6,2.0,1.1912790314636372,2.6666666666666665,4.0,3.6666666666666665,3.0,2.0,3.0,4.0
2024,초6,1.0,1.1993263878390765,1.6666666666666667,4.0,3.3333333333333335,1.0,3.0,1.0,4.0
2024,초5,1.0,1.283737480233246,1.3333333333333333,4.0,3.3333333333333335,1.0,1.0,2.0,4.0
2024,초5,2.0,1.306470690914316,1.0,4.0,4.0,1.0,1.0,1.0,4.0
2024,초5,2.0,1.306470690914316,1.3333333333333333,4.0,3.3333333333333335,2.0,1.0,1.0,4.0
2024,초5,2.0,1.306470690914316,1.0,4.0,3.6666666666666665,1.0,1.0,1.0,4.0
2024,초5,2.0,1.306470690914316,2.6666666666666665,4.0,4.0,3.0,3.0,2.0,4.0
2024,초5,2.0,1.306470690914316,2.6666666666666665,2.0,2.0,3.0,3.0,2.0,2.0
2024,초5,1.0,1.283737480233246,1.0,1.0,2.0,1.0,1.0,1.0,1.0
2024,초5,2.0,1.306470690914316,1.3333333333333333,4.0,4.0,2.0,1.0,1.0,4.0
2024,초5,2.0,1.306470690914316,1.6666666666666667,2.0,2.3333333333333335,3.0,1.0,1.0,2.0
2024,초5,1.0,1.283737480233246,1.0,4.0,4.0,1.0,1.0,1.0,4.0
2024,초5,2.0,1.306470690914316,3.0,3.0,3.6666666666666665,3.0,3.0,3.0,3.0
2024,초5,1.0,1.283737480233246,2.0,1.0,3.0,2.0,2.0,2.0,1.0
2024,초5,1.0,1.283737480233246,1.6666666666666667,4.0,3.6666666666666665,2.0,1.0,2.0,4.0
2024,초5,2.0,1.306470690914316,1.0,1.0,2.0,1.0,1.0,1.0,1.0
2024,초5,1.0,1.283737480233246,2.3333333333333335,,,3.0,2.0,2.0,
2024,초5,2.0,1.306470690914316,1.0,4.0,4.0,1.0,1.0,1.0,4.0
2024,초5,2.0,1.306470690914316,2.3333333333333335,2.0,3.3333333333333335,2.0,2.0,3.0,2.0
2024,초5,2.0,1.306470690914316,2.6666666666666665,3.0,2.6666666666666665,3.0,2.0,3.0,3.0
2024,초5,1.0,1.283737480233246,2.3333333333333335,3.0,2.6666666666666665,2.0,3.0,2.0,3.0
2024,초5,1.0,1.283737480233246,1.0,1.0,3.0,1.0,1.0,1.0,1.0
2024,초5,1.0,1.283737480233246,1.0,4.0,4.0,1.0,1.0,1.0,4.0
2024,초6,2.0,1.048325547688001,2.0,3.0,2.6666666666666665,2.0,2.0,2.0,3.0
2024,초6,1.0,1.0554072212983874,1.0,4.0,4.0,1.0,1.0,1.0,4.0
2024,초6,1.0,1.0554072212983874,1.3333333333333333,4.0,3.3333333333333335,1.0,2.0,1.0,4.0
2024,초6,1.0,1.0554072212983874,1.0,3.0,3.0,1.0,1.0,1.0,3.0
2024,초6,2.0,1.048325547688001,2.0,4.0,3.0,2.0,2.0,2.0,4.0
2024,초6,1.0,1.0554072212983874,1.0,3.0,3.0,1.0,1.0,1.0,3.0
2024,초6,1.0,1.0554072212983874,1.0,4.0,4.0,1.0,1.0,1.0,4.0
2024,초6,1.0,1.0554072212983874,1.0,4.0,3.6666666666666665,1.0,1.0,1.0,4.0
2024,초6,2.0,1.048325547688001,1.6666666666666667,3.0,2.3333333333333335,3.0,1.0,1.0,3.0
2024,초6,2.0,1.048325547688001,3.3333333333333335,3.0,3.0,3.0,3.0,4.0,3.0
2024,초6,2.0,1.048325547688001,2.3333333333333335,2.0,3.0,1.0,2.0,4.0,2.0
2024,초6,1.0,1.0554072212983874,1.6666666666666667,4.0,3.6666666666666665,1.0,3.0,1.0,4.0
2024,초6,2.0,1.048325547688001,2.3333333333333335,3.0,3.0,2.0,2.0,3.0,3.0
2024,초6,2.0,1.048325547688001,2.0,4.0,3.6666666666666665,2.0,1.0,3.0,4.0
2024,초6,1.0,1.0554072212983874,1.0,1.0,2.3333333333333335,1.0,1.0,1.0,1.0
2024,초6,1.0,1.0554072212983874,1.0,4.0,3.6666666666666665,1.0,1.0,1.0,4.0
2024,초6,2.0,1.048325547688001,1.0,4.0,4.0,1.0,1.0,1.0,4.0
2024,초6,1.0,1.0554072212983874,2.0,3.0,3.0,2.0,2.0,2.0,3.0
2024,초6,2.0,1.048325547688001,2.0,2.0,2.3333333333333335,2.0,2.0,2.0,2.0
2024,초6,1.0,1.0554072212983874,1.3333333333333333,4.0,4.0,2.0,1.0,1.0,4.0
2024,초6,2.0,1.048325547688001,3.0,4.0,,3.0,3.0,3.0,4.0
2024,초6,2.0,1.048325547688001,1.0,3.0,2.3333333333333335,1.0,1.0,1.0,3.0
2024,초6,1.0,1.0554072212983874,2.0,2.0,2.3333333333333335,2.0,2.0,2.0,2.0
2024,초6,1.0,1.0554072212983874,1.6666666666666667,4.0,3.3333333333333335,2.0,2.0,1.0,4.0
2024,초6,2.0,1.048325547688001,1.0,1.0,2.0,1.0,1.0,1.0,1.0
2024,초5,1.0,1.4399397014493795,1.0,3.0,3.3333333333333335,1.0,1.0,1.0,3.0
2024,초5,2.0,1.1475534213580287,1.0,4.0,4.0,1.0,1.0,1.0,4.0
2024,초5,1.0,1.4399397014493795,2.0,4.0,4.0,1.0,2.0,3.0,4.0
2024,초5,2.0,1.1475534213580287,1.0,1.0,2.6666666666666665,1.0,1.0,1.0,1.0
2024,초5,1.0,1.4399397014493795,1.6666666666666667,4.0,4.0,1.0,3.0,1.0,4.0
2024,초5,1.0,1.4399397014493795,1.0,4.0,4.0,1.0,1.0,1.0,4.0
2024,초5,1.0,1.4399397014493795,1.0,1.0,2.6666666666666665,1.0,1.0,1.0,1.0
2024,초5,2.0,1.1475534213580287,1.0,4.0,4.0,1.0,1.0,1.0,4.0
2024,초5,2.0,1.1475534213580287,1.0,4.0,4.0,1.0,1.0,1.0,4.0
2024,초5,1.0,1.4399397014493795,2.0,1.0,1.3333333333333333,4.0,1.0,1.0,1.0
2024,초5,2.0,1.1475534213580287,2.0,3.0,3.0,2.0,2.0,2.0,3.0
2024,초5,2.0,1.1475534213580287,1.6666666666666667,3.0,2.3333333333333335,1.0,2.0,2.0,3.0
2024,초5,1.0,1.4399397014493795,1.0,4.0,4.0,1.0,1.0,1.0,4.0
2024,초5,2.0,1.1475534213580287,2.6666666666666665,3.0,3.0,3.0,2.0,3.0,3.0
2024,초5,1.0,1.4399397014493795,1.0,4.0,4.0,1.0,1.0,1.0,4.0
2024,초5,2.0,1.1475534213580287,3.0,3.0,2.3333333333333335,3.0,3.0,3.0,3.0
2024,초5,1.0,1.4399397014493795,1.0,4.0,4.0,1.0,1.0,1.0,4.0
2024,초5,2.0,1.1475534213580287,1.3333333333333333,4.0,4.0,2.0,1.0,1.0,4.0
2024,초5,2.0,1.1475534213580287,2.0,4.0,3.6666666666666665,2.0,2.0,2.0,4.0
2024,초5,1.0,1.4399397014493795,1.0,3.0,3.0,1.0,1.0,1.0,3.0
2024,초6,2.0,1.2160510561552542,2.6666666666666665,2.0,2.0,3.0,3.0,2.0,2.0
2024,초6,1.0,1.312860152151725,2.0,4.0,4.0,2.0,2.0,2.0,4.0
2024,초6,2.0,1.2160510561552542,4.0,1.0,2.3333333333333335,4.0,4.0,4.0,1.0
2024,초6,2.0,1.2160510561552542,1.0,3.0,3.6666666666666665,1.0,1.0,1.0,3.0
2024,초6,2.0,1.2160510561552542,1.3333333333333333,4.0,3.3333333333333335,2.0,1.0,1.0,4.0
2024,초6,2.0,1.2160510561552542,3.0,4.0,4.0,3.0,3.0,3.0,4.0
2024,초6,2.0,1.2160510561552542,1.0,4.0,4.0,1.0,1.0,1.0,4.0
2024,초6,1.0,1.312860152151725,1.0,4.0,4.0,1.0,1.0,1.0,4.0
2024,초6,2.0,1.2160510561552542,1.3333333333333333,4.0,4.0,1.0,2.0,1.0,4.0
2024,초6,2.0,1.2160510561552542,3.3333333333333335,3.0,2.6666666666666665,3.0,3.0,4.0,3.0
2024,초6,1.0,1.312860152151725,2.3333333333333335,3.0,3.0,2.0,2.0,3.0,3.0
2024,초6,2.0,1.2160510561552542,1.0,4.0,4.0,1.0,1.0,1.0,4.0
2024,초6,1.0,1.312860152151725,1.3333333333333333,4.0,3.6666666666666665,2.0,1.0,1.0,4.0
2024,초6,1.0,1.312860152151725,1.0,4.0,3.6666666666666665,1.0,1.0,1.0,4.0
2024,초6,1.0,1.312860152151725,1.3333333333333333,4.0,3.6666666666666665,1.0,2.0,1.0,4.0
2024,초6,1.0,1.312860152151725,2.0,1.0,1.0,1.0,1.0,4.0,1.0
2024,초6,2.0,1.2160510561552542,1.0,1.0,2.0,1.0,1.0,1.0,1.0
2024,초6,1.0,1.312860152151725,3.0,1.0,2.0,3.0,2.0,4.0,1.0
2024,초6,1.0,1.312860152151725,1.0,4.0,3.6666666666666665,1.0,1.0,1.0,4.0
2024,초6,1.0,1.312860152151725,1.3333333333333333,3.0,3.3333333333333335,1.0,1.0,2.0,3.0
2024,초6,2.0,1.2160510561552542,1.0,2.0,2.3333333333333335,1.0,1.0,1.0,2.0
2024,초6,1.0,1.312860152151725,1.0,3.0,3.6666666666666665,1.0,1.0,1.0,3.0
2024,초4,1.0,0.9141947168861866,1.3333333333333333,3.0,3.3333333333333335,2.0,1.0,1.0,3.0
2024,초4,2.0,0.8703905417300762,1.0,4.0,4.0,1.0,1.0,1.0,4.0
2024,초4,2.0,0.8703905417300762,2.3333333333333335,4.0,4.0,2.0,3.0,2.0,4.0
2024,초4,2.0,0.8703905417300762,1.0,1.0,3.0,1.0,1.0,1.0,1.0
2024,초4,2.0,0.8703905417300762,3.0,3.0,3.0,2.0,4.0,3.0,3.0
2024,초4,1.0,0.9141947168861866,3.0,4.0,3.3333333333333335,3.0,3.0,3.0,4.0
2024,초4,2.0,0.8703905417300762,1.0,2.0,1.3333333333333333,1.0,1.0,1.0,2.0
2024,초4,1.0,0.9141947168861866,2.0,2.0,2.6666666666666665,3.0,2.0,1.0,2.0
2024,초4,2.0,0.8703905417300762,1.0,3.0,3.0,1.0,1.0,1.0,3.0
2024,초4,2.0,0.8703905417300762,2.6666666666666665,3.0,3.3333333333333335,2.0,4.0,2.0,3.0
2024,초4,2.0,0.8703905417300762,1.0,4.0,4.0,1.0,1.0,1.0,4.0
2024,초4,1.0,0.9141947168861866,2.0,4.0,4.0,2.0,2.0,2.0,4.0
2024,초4,1.0,0.9141947168861866,2.6666666666666665,4.0,4.0,3.0,2.0,3.0,4.0
2024,초4,2.0,0.8703905417300762,1.0,,,1.0,1.0,1.0,
2024,초4,1.0,0.9141947168861866,1.0,4.0,4.0,1.0,1.0,1.0,4.0
2024,초4,1.0,0.9141947168861866,2.6666666666666665,4.0,3.6666666666666665,3.0,3.0,2.0,4.0
2024,초4,1.0,0.9141947168861866,1.0,4.0,4.0,1.0,1.0,1.0,4.0
2024,초4,1.0,0.9141947168861866,1.0,4.0,3.6666666666666665,1.0,1.0,1.0,4.0
2024,초4,2.0,0.8703905417300762,2.0,2.0,2.3333333333333335,2.0,2.0,2.0,2.0
2024,초4,1.0,0.9141947168861866,2.0,2.0,2.6666666666666665,2.0,3.0,1.0,2.0
2024,초4,2.0,0.8703905417300762,1.3333333333333333,3.0,2.6666666666666665,1.0,2.0,1.0,3.0
2024,초4,2.0,0.8703905417300762,1.0,4.0,3.0,1.0,1.0,1.0,4.0
2024,초4,1.0,0.9141947168861866,2.0,4.0,3.0,1.0,1.0,4.0,4.0
2024,초4,1.0,0.9141947168861866,2.0,2.0,2.3333333333333335,2.0,3.0,1.0,2.0
2024,초4,1.0,0.9141947168861866,1.0,4.0,4.0,1.0,1.0,1.0,4.0
2024,초4,2.0,0.8703905417300762,2.6666666666666665,2.0,2.0,3.0,3.0,2.0,2.0
2024,초4,2.0,0.8703905417300762,2.6666666666666665,3.0,2.3333333333333335,3.0,3.0,2.0,3.0
2024,초6,1.0,0.9395183701938978,1.6666666666666667,3.0,3.3333333333333335,2.0,2.0,1.0,3.0
2024,초6,1.0,0.9395183701938978,2.0,3.0,2.6666666666666665,1.0,3.0,2.0,3.0
2024,초6,2.0,0.885871746596459,2.6666666666666665,2.0,3.3333333333333335,3.0,2.0,3.0,2.0
2024,초6,1.0,0.9395183701938978,1.6666666666666667,1.0,3.0,1.0,3.0,1.0,1.0
2024,초6,1.0,0.9395183701938978,1.6666666666666667,4.0,4.0,1.0,2.0,2.0,4.0
2024,초6,2.0,0.885871746596459,2.3333333333333335,2.0,2.6666666666666665,2.0,2.0,3.0,2.0
2024,초6,1.0,0.9395183701938978,2.0,3.0,2.6666666666666665,2.0,2.0,2.0,3.0
2024,초6,2.0,0.885871746596459,3.0,3.0,3.0,3.0,3.0,3.0,3.0
2024,초6,2.0,0.885871746596459,1.0,4.0,4.0,1.0,1.0,1.0,4.0
2024,초6,2.0,0.885871746596459,2.6666666666666665,1.0,1.6666666666666667,3.0,2.0,3.0,1.0
2024,초6,1.0,0.9395183701938978,1.0,4.0,4.0,1.0,1.0,1.0,4.0
2024,초6,2.0,0.885871746596459,3.0,3.0,2.6666666666666665,3.0,3.0,3.0,3.0
2024,초6,1.0,0.9395183701938978,1.6666666666666667,3.0,3.6666666666666665,3.0,1.0,1.0,3.0
2024,초6,2.0,0.885871746596459,1.0,3.0,3.0,1.0,1.0,1.0,3.0
2024,초6,2.0,0.885871746596459,4.0,1.0,1.0,4.0,4.0,4.0,1.0
2024,초6,2.0,0.885871746596459,2.6666666666666665,2.0,2.0,3.0,2.0,3.0,2.0
2024,초6,1.0,0.9395183701938978,2.3333333333333335,2.0,2.6666666666666665,1.0,3.0,3.0,2.0
2024,초6,1.0,0.9395183701938978,1.0,4.0,4.0,1.0,1.0,1.0,4.0
2024,초6,1.0,0.9395183701938978,1.0,3.0,3.3333333333333335,1.0,1.0,1.0,3.0
2024,초6,1.0,0.9395183701938978,1.0,4.0,4.0,1.0,1.0,1.0,4.0
2024,초6,2.0,0.885871746596459,1.6666666666666667,3.0,3.3333333333333335,1.0,3.0,1.0,3.0
2024,초6,1.0,0.9395183701938978,2.3333333333333335,2.0,2.0,3.0,2.0,2.0,2.0
2024,초6,2.0,0.885871746596459,3.0,2.0,2.3333333333333335,3.0,3.0,3.0,2.0
2024,초6,2.0,0.885871746596459,1.3333333333333333,4.0,4.0,2.0,1.0,1.0,4.0
2024,초6,2.0,0.885871746596459,1.3333333333333333,4.0,3.3333333333333335,1.0,1.0,2.0,4.0
2024,초6,1.0,0.9395183701938978,2.6666666666666665,2.0,2.6666666666666665,3.0,2.0,3.0,2.0
2024,초6,2.0,1.0399363981784517,3.0,3.0,3.0,3.0,3.0,3.0,3.0
2024,초6,2.0,1.0399363981784517,4.0,3.0,2.3333333333333335,4.0,4.0,4.0,3.0
2024,초6,2.0,1.0399363981784517,1.6666666666666667,4.0,3.6666666666666665,2.0,1.0,2.0,4.0
2024,초6,2.0,1.0399363981784517,3.0,3.0,3.3333333333333335,3.0,4.0,2.0,3.0
2024,초6,2.0,1.0399363981784517,2.0,4.0,4.0,2.0,1.0,3.0,4.0
2024,초6,2.0,1.0399363981784517,3.0,2.0,2.6666666666666665,3.0,3.0,3.0,2.0
2024,초6,2.0,1.0399363981784517,2.0,3.0,3.0,2.0,2.0,2.0,3.0
2024,초6,2.0,1.0399363981784517,1.6666666666666667,1.0,2.3333333333333335,2.0,1.0,2.0,1.0
2024,초6,2.0,1.0399363981784517,3.3333333333333335,3.0,2.6666666666666665,3.0,3.0,4.0,3.0
2024,초6,2.0,1.0399363981784517,3.0,4.0,3.6666666666666665,3.0,3.0,3.0,4.0
2024,초6,2.0,1.0399363981784517,3.0,3.0,3.0,3.0,3.0,3.0,3.0
2024,초6,1.0,1.102912869358054,1.0,1.0,2.0,1.0,1.0,1.0,1.0
2024,초6,1.0,1.102912869358054,2.0,3.0,3.0,2.0,2.0,2.0,3.0
2024,초6,1.0,1.102912869358054,1.0,3.0,3.6666666666666665,1.0,1.0,1.0,3.0
2024,초6,1.0,1.102912869358054,1.3333333333333333,3.0,3.0,1.0,2.0,1.0,3.0
2024,초6,1.0,1.102912869358054,3.0,4.0,3.3333333333333335,3.0,3.0,3.0,4.0
2024,초6,1.0,1.102912869358054,4.0,3.0,3.6666666666666665,4.0,4.0,4.0,3.0
2024,초6,1.0,1.102912869358054,2.0,1.0,2.3333333333333335,3.0,1.0,2.0,1.0
2024,초6,1.0,1.102912869358054,1.3333333333333333,3.0,3.0,2.0,1.0,1.0,3.0
2024,초6,1.0,1.102912869358054,1.0,4.0,3.6666666666666665,1.0,1.0,1.0,4.0
2024,초6,1.0,1.102912869358054,2.6666666666666665,2.0,2.3333333333333335,3.0,3.0,2.0,2.0
2024,초6,1.0,1.368208387908543,1.0,3.0,2.3333333333333335,1.0,1.0,1.0,3.0
2024,초6,2.0,1.0463030487468887,1.0,3.0,2.0,1.0,1.0,1.0,3.0
2024,초6,2.0,1.0463030487468887,1.3333333333333333,4.0,4.0,1.0,2.0,1.0,4.0
2024,초6,2.0,1.0463030487468887,1.0,3.0,3.0,1.0,1.0,1.0,3.0
2024,초6,2.0,1.0463030487468887,1.0,1.0,3.0,1.0,1.0,1.0,1.0
2024,초6,1.0,1.368208387908543,2.0,3.0,2.3333333333333335,2.0,2.0,2.0,3.0
2024,초6,1.0,1.368208387908543,1.0,4.0,3.6666666666666665,1.0,1.0,1.0,4.0
2024,초6,2.0,1.0463030487468887,3.0,3.0,2.3333333333333335,3.0,3.0,3.0,3.0
2024,초6,1.0,1.368208387908543,1.3333333333333333,3.0,3.0,2.0,1.0,1.0,3.0
2024,초6,2.0,1.0463030487468887,1.0,3.0,3.3333333333333335,1.0,1.0,1.0,3.0
2024,초6,1.0,1.368208387908543,1.3333333333333333,3.0,2.6666666666666665,2.0,1.0,1.0,3.0
2024,초6,1.0,1.368208387908543,2.3333333333333335,3.0,3.0,3.0,3.0,1.0,3.0
2024,초6,2.0,1.0463030487468887,3.0,3.0,2.6666666666666665,3.0,3.0,3.0,3.0
2024,초6,2.0,1.0463030487468887,2.6666666666666665,3.0,3.0,2.0,3.0,3.0,3.0
2024,초6,2.0,1.0463030487468887,3.0,2.0,1.6666666666666667,3.0,3.0,3.0,2.0
2024,초6,2.0,1.0463030487468887,3.6666666666666665,2.0,2.0,3.0,4.0,4.0,2.0
2024,초6,1.0,1.368208387908543,3.0,3.0,3.0,3.0,4.0,2.0,3.0
2024,초6,1.0,1.368208387908543,1.0,4.0,4.0,1.0,1.0,1.0,4.0
2024,초6,2.0,1.0463030487468887,3.6666666666666665,2.0,2.0,4.0,3.0,4.0,2.0
2024,초6,1.0,1.368208387908543,1.0,4.0,3.6666666666666665,1.0,1.0,1.0,4.0
2024,초6,2.0,1.0463030487468887,3.3333333333333335,2.0,2.3333333333333335,4.0,3.0,3.0,2.0
2024,초6,2.0,1.0463030487468887,4.0,4.0,2.0,4.0,4.0,4.0,4.0
2024,초6,2.0,1.0463030487468887,1.3333333333333333,4.0,4.0,2.0,1.0,1.0,4.0
2024,초6,1.0,1.368208387908543,1.3333333333333333,3.0,3.0,2.0,1.0,1.0,3.0
2024,초6,2.0,1.0463030487468887,2.3333333333333335,1.0,3.0,3.0,1.0,3.0,1.0
2024,초6,1.0,1.368208387908543,1.6666666666666667,3.0,3.0,1.0,1.0,3.0,3.0
2024,초4,1.0,1.376057774070419,1.0,3.0,,1.0,1.0,1.0,3.0
2024,초4,1.0,1.376057774070419,1.0,4.0,4.0,1.0,1.0,1.0,4.0
2024,초4,2.0,1.327753859228105,2.3333333333333335,4.0,3.3333333333333335,2.0,2.0,3.0,4.0
2024,초4,2.0,1.327753859228105,1.0,4.0,4.0,1.0,1.0,1.0,4.0
2024,초4,1.0,1.376057774070419,1.0,4.0,3.6666666666666665,1.0,1.0,1.0,4.0
2024,초4,2.0,1.327753859228105,1.0,4.0,4.0,1.0,1.0,1.0,4.0
2024,초4,2.0,1.327753859228105,1.0,4.0,4.0,1.0,1.0,1.0,4.0
2024,초4,2.0,1.327753859228105,3.0,3.0,3.3333333333333335,4.0,1.0,4.0,3.0
2024,초4,2.0,1.327753859228105,1.3333333333333333,4.0,3.3333333333333335,1.0,2.0,1.0,4.0
2024,초4,1.0,1.376057774070419,1.0,1.0,3.0,1.0,1.0,1.0,1.0
2024,초4,2.0,1.327753859228105,2.0,3.0,3.0,2.0,2.0,2.0,3.0
2024,초4,2.0,1.327753859228105,1.6666666666666667,3.0,3.3333333333333335,3.0,1.0,1.0,3.0
2024,초4,2.0,1.327753859228105,1.3333333333333333,1.0,3.0,1.0,2.0,1.0,1.0
2024,초4,1.0,1.376057774070419,1.0,4.0,4.0,1.0,1.0,1.0,4.0
2024,초4,1.0,1.376057774070419,1.6666666666666667,2.0,2.0,1.0,3.0,1.0,2.0
2024,초4,1.0,1.376057774070419,1.6666666666666667,4.0,4.0,1.0,3.0,1.0,4.0
2024,초4,1.0,1.376057774070419,2.6666666666666665,2.0,2.6666666666666665,3.0,2.0,3.0,2.0
2024,초4,2.0,1.327753859228105,1.0,4.0,4.0,1.0,1.0,1.0,4.0
2024,초4,1.0,1.376057774070419,1.3333333333333333,3.0,3.0,2.0,1.0,1.0,3.0
2024,초4,1.0,1.376057774070419,3.6666666666666665,3.0,2.3333333333333335,3.0,4.0,4.0,3.0
2024,초4,1.0,1.376057774070419,2.0,3.0,3.0,2.0,2.0,2.0,3.0
2024,초4,2.0,1.327753859228105,2.0,4.0,3.3333333333333335,2.0,2.0,2.0,4.0
2024,초5,2.0,1.4543503693773363,2.0,4.0,4.0,2.0,2.0,2.0,4.0
2024,초5,2.0,1.4543503693773363,2.0,4.0,4.0,2.0,2.0,2.0,4.0
2024,초5,1.0,1.2791403039060325,1.0,3.0,3.6666666666666665,1.0,1.0,1.0,3.0
2024,초5,1.0,1.2791403039060325,1.0,4.0,4.0,1.0,1.0,1.0,4.0
2024,초5,2.0,1.4543503693773363,1.0,4.0,3.6666666666666665,1.0,1.0,1.0,4.0
2024,초5,2.0,1.4543503693773363,1.0,4.0,4.0,1.0,1.0,1.0,4.0
2024,초5,1.0,1.2791403039060325,1.6666666666666667,1.0,2.6666666666666665,3.0,1.0,1.0,1.0
2024,초5,2.0,1.4543503693773363,3.0,3.0,3.0,3.0,3.0,3.0,3.0
2024,초5,2.0,1.4543503693773363,4.0,2.0,1.6666666666666667,4.0,4.0,4.0,2.0
2024,초5,2.0,1.4543503693773363,1.0,4.0,4.0,1.0,1.0,1.0,4.0
2024,초5,1.0,1.2791403039060325,1.0,4.0,4.0,1.0,1.0,1.0,4.0
2024,초5,1.0,1.2791403039060325,1.0,3.0,3.0,1.0,1.0,1.0,3.0
2024,초5,1.0,1.2791403039060325,2.0,4.0,,2.0,2.0,2.0,4.0
2024,초5,2.0,1.4543503693773363,2.0,3.0,3.0,2.0,2.0,2.0,3.0
2024,초5,1.0,1.2791403039060325,3.0,2.0,2.0,3.0,3.0,3.0,2.0
2024,초5,1.0,1.2791403039060325,2.0,3.0,3.3333333333333335,2.0,3.0,1.0,3.0
2024,초5,1.0,1.2791403039060325,2.6666666666666665,2.0,2.0,2.0,3.0,3.0,2.0
2024,초5,1.0,1.2791403039060325,3.0,2.0,2.0,3.0,3.0,3.0,2.0
2024,초5,1.0,1.2791403039060325,2.3333333333333335,4.0,3.3333333333333335,1.0,3.0,3.0,4.0
2024,초5,2.0,1.4543503693773363,3.0,3.0,2.3333333333333335,3.0,3.0,3.0,3.0
2024,초5,2.0,1.4543503693773363,3.0,3.0,2.3333333333333335,3.0,3.0,3.0,3.0
2024,초5,2.0,1.4543503693773363,1.0,4.0,4.0,1.0,1.0,1.0,4.0
2024,초5,1.0,1.2791403039060325,1.0,1.0,3.0,1.0,1.0,1.0,1.0
2024,초5,1.0,1.2791403039060325,1.0,4.0,4.0,1.0,1.0,1.0,4.0
2024,초4,2.0,0.8036004116715951,1.0,4.0,3.0,1.0,1.0,1.0,4.0
2024,초4,1.0,0.8889747545385417,1.0,4.0,4.0,1.0,1.0,1.0,4.0
2024,초4,2.0,0.8036004116715951,1.6666666666666667,3.0,3.0,2.0,2.0,1.0,3.0
2024,초4,2.0,0.8036004116715951,1.6666666666666667,3.0,2.3333333333333335,1.0,2.0,2.0,3.0
2024,초4,2.0,0.8036004116715951,1.0,4.0,4.0,1.0,1.0,1.0,4.0
2024,초4,1.0,0.8889747545385417,3.0,4.0,3.0,4.0,4.0,1.0,4.0
2024,초4,1.0,0.8889747545385417,3.0,4.0,3.3333333333333335,3.0,3.0,3.0,4.0
2024,초4,1.0,0.8889747545385417,1.0,4.0,4.0,1.0,1.0,1.0,4.0
2024,초4,2.0,0.8036004116715951,2.3333333333333335,3.0,3.3333333333333335,2.0,2.0,3.0,3.0
2024,초4,1.0,0.8889747545385417,1.0,4.0,4.0,1.0,1.0,1.0,4.0
2024,초4,2.0,0.8036004116715951,1.0,4.0,3.3333333333333335,1.0,1.0,1.0,4.0
2024,초4,1.0,0.8889747545385417,1.0,4.0,4.0,1.0,1.0,1.0,4.0
2024,초4,2.0,0.8036004116715951,1.0,1.0,3.0,1.0,1.0,1.0,1.0
2024,초4,1.0,0.8889747545385417,1.0,3.0,3.3333333333333335,1.0,1.0,1.0,3.0
2024,초4,2.0,0.8036004116715951,1.0,4.0,4.0,1.0,1.0,1.0,4.0
2024,초4,1.0,0.8889747545385417,2.3333333333333335,4.0,4.0,2.0,2.0,3.0,4.0
2024,초4,1.0,0.8889747545385417,1.0,4.0,4.0,1.0,1.0,1.0,4.0
2024,초4,1.0,0.8889747545385417,1.0,4.0,4.0,1.0,1.0,1.0,4.0
2024,초4,1.0,0.8889747545385417,1.0,3.0,3.3333333333333335,1.0,1.0,1.0,3.0
2024,초4,2.0,0.8036004116715951,1.0,1.0,2.0,1.0,1.0,1.0,1.0
2024,초4,2.0,0.8036004116715951,1.3333333333333333,3.0,2.6666666666666665,2.0,1.0,1.0,3.0
2024,초4,2.0,0.8036004116715951,1.0,1.0,3.0,1.0,1.0,1.0,1.0
2024,초4,2.0,0.8036004116715951,1.0,1.0,3.0,1.0,1.0,1.0,1.0
2024,초4,1.0,0.8889747545385417,2.6666666666666665,3.0,3.0,3.0,4.0,1.0,3.0
2024,초4,2.0,0.8036004116715951,2.3333333333333335,4.0,3.0,1.0,3.0,3.0,4.0
2024,초4,2.0,0.8036004116715951,3.0,3.0,3.0,3.0,3.0,3.0,3.0
2024,초4,2.0,0.8036004116715951,1.3333333333333333,3.0,2.6666666666666665,2.0,1.0,1.0,3.0
2024,초6,1.0,1.0569581664681351,1.3333333333333333,4.0,4.0,2.0,1.0,1.0,4.0
2024,초6,2.0,0.9966057149210164,2.3333333333333335,4.0,3.6666666666666665,3.0,2.0,2.0,4.0
2024,초6,2.0,0.9966057149210164,2.0,3.0,2.6666666666666665,2.0,2.0,2.0,3.0
2024,초6,1.0,1.0569581664681351,1.0,3.0,3.6666666666666665,1.0,1.0,1.0,3.0
2024,초6,1.0,1.0569581664681351,1.0,3.0,2.3333333333333335,1.0,1.0,1.0,3.0
2024,초6,1.0,1.0569581664681351,1.0,1.0,2.3333333333333335,1.0,1.0,1.0,1.0
2024,초6,1.0,1.0569581664681351,1.0,3.0,3.6666666666666665,1.0,1.0,1.0,3.0
2024,초6,1.0,1.0569581664681351,1.6666666666666667,3.0,3.0,1.0,2.0,2.0,3.0
2024,초6,1.0,1.0569581664681351,3.0,1.0,1.6666666666666667,3.0,3.0,3.0,1.0
2024,초6,1.0,1.0569581664681351,1.0,3.0,3.0,1.0,1.0,1.0,3.0
2024,초6,2.0,0.9966057149210164,1.6666666666666667,3.0,3.0,1.0,2.0,2.0,3.0
2024,초6,2.0,0.9966057149210164,3.0,2.0,2.0,3.0,3.0,3.0,2.0
2024,초6,2.0,0.9966057149210164,2.3333333333333335,2.0,2.0,2.0,2.0,3.0,2.0
2024,초6,1.0,1.0569581664681351,1.0,4.0,4.0,1.0,1.0,1.0,4.0
2024,초6,2.0,0.9966057149210164,2.0,4.0,3.6666666666666665,2.0,2.0,2.0,4.0
2024,초6,2.0,0.9966057149210164,3.3333333333333335,2.0,2.3333333333333335,3.0,3.0,4.0,2.0
2024,초6,1.0,1.0569581664681351,3.0,3.0,3.0,3.0,4.0,2.0,3.0
2024,초6,1.0,1.0569581664681351,1.6666666666666667,2.0,2.6666666666666665,2.0,2.0,1.0,2.0
2024,초6,1.0,1.0569581664681351,1.0,1.0,2.0,1.0,1.0,1.0,1.0
2024,초6,2.0,0.9966057149210164,2.0,3.0,3.0,2.0,3.0,1.0,3.0
2024,초6,2.0,0.9966057149210164,2.6666666666666665,4.0,2.6666666666666665,2.0,3.0,3.0,4.0
2024,초6,1.0,1.0569581664681351,2.0,2.0,2.6666666666666665,2.0,2.0,2.0,2.0
2024,초6,1.0,1.0569581664681351,2.0,4.0,3.0,2.0,3.0,1.0,4.0
2024,초6,2.0,0.9966057149210164,1.0,4.0,3.3333333333333335,1.0,1.0,1.0,4.0
2024,초5,1.0,0.8253398684913761,2.3333333333333335,3.0,3.0,2.0,3.0,2.0,3.0
2024,초5,2.0,0.9683107730015346,3.6666666666666665,4.0,3.0,3.0,4.0,4.0,4.0
2024,초5,1.0,0.8253398684913761,1.0,4.0,3.3333333333333335,1.0,1.0,1.0,4.0
2024,초5,1.0,0.8253398684913761,2.3333333333333335,3.0,3.6666666666666665,2.0,2.0,3.0,3.0
2024,초5,1.0,0.8253398684913761,1.0,4.0,4.0,1.0,1.0,1.0,4.0
2024,초5,1.0,0.8253398684913761,1.0,3.0,3.3333333333333335,1.0,1.0,1.0,3.0
2024,초5,2.0,0.9683107730015346,1.6666666666666667,4.0,,1.0,2.0,2.0,4.0
2024,초5,2.0,0.9683107730015346,1.3333333333333333,4.0,4.0,2.0,1.0,1.0,4.0
2024,초5,1.0,0.8253398684913761,1.6666666666666667,4.0,4.0,3.0,1.0,1.0,4.0
2024,초5,1.0,0.8253398684913761,1.0,4.0,3.0,1.0,1.0,1.0,4.0
2024,초5,1.0,0.8253398684913761,1.0,1.0,2.0,1.0,1.0,1.0,1.0
2024,초5,1.0,0.8253398684913761,4.0,3.0,2.3333333333333335,4.0,4.0,4.0,3.0
2024,초5,2.0,0.9683107730015346,1.0,3.0,3.6666666666666665,1.0,1.0,1.0,3.0
2024,초5,1.0,0.8253398684913761,1.0,1.0,2.0,1.0,1.0,1.0,1.0
2024,초5,2.0,0.9683107730015346,2.0,3.0,3.0,2.0,2.0,2.0,3.0
2024,초5,2.0,0.9683107730015346,3.0,1.0,3.0,3.0,3.0,3.0,1.0
2024,초5,1.0,0.8253398684913761,1.3333333333333333,4.0,4.0,1.0,2.0,1.0,4.0
2024,초5,1.0,0.8253398684913761,1.6666666666666667,4.0,3.3333333333333335,3.0,1.0,1.0,4.0
2024,초5,1.0,0.8253398684913761,1.0,3.0,2.6666666666666665,1.0,1.0,1.0,3.0
2024,초5,2.0,0.9683107730015346,1.3333333333333333,3.0,3.6666666666666665,2.0,1.0,1.0,3.0
2024,초5,2.0,0.9683107730015346,1.0,1.0,3.0,1.0,1.0,1.0,1.0
2024,초5,2.0,0.9683107730015346,2.6666666666666665,4.0,4.0,3.0,2.0,3.0,4.0
2024,초5,2.0,0.9683107730015346,1.6666666666666667,3.0,3.3333333333333335,2.0,2.0,1.0,3.0
2024,초5,1.0,0.8253398684913761,3.3333333333333335,1.0,1.6666666666666667,3.0,4.0,3.0,1.0
2024,초5,2.0,0.9683107730015346,3.0,1.0,2.6666666666666665,4.0,3.0,2.0,1.0
2024,초5,2.0,0.9683107730015346,3.3333333333333335,4.0,4.0,3.0,3.0,4.0,4.0
2024,초4,1.0,1.0239950741066173,1.3333333333333333,3.0,2.6666666666666665,1.0,1.0,2.0,3.0
2024,초4,1.0,1.0239950741066173,3.0,4.0,4.0,3.0,3.0,3.0,4.0
2024,초4,2.0,0.8925985916051724,3.6666666666666665,3.0,2.3333333333333335,3.0,4.0,4.0,3.0
2024,초4,1.0,1.0239950741066173,1.0,1.0,3.0,1.0,1.0,1.0,1.0
2024,초4,2.0,0.8925985916051724,2.0,4.0,3.3333333333333335,1.0,2.0,3.0,4.0
2024,초4,2.0,0.8925985916051724,3.0,3.0,2.3333333333333335,3.0,3.0,3.0,3.0
2024,초4,2.0,0.8925985916051724,1.0,1.0,2.0,1.0,1.0,1.0,1.0
2024,초4,2.0,0.8925985916051724,1.6666666666666667,4.0,4.0,3.0,1.0,1.0,4.0
2024,초4,1.0,1.0239950741066173,2.3333333333333335,3.0,3.0,3.0,2.0,2.0,3.0
2024,초4,1.0,1.0239950741066173,1.0,4.0,4.0,1.0,1.0,1.0,4.0
2024,초4,2.0,0.8925985916051724,3.0,3.0,3.0,2.0,4.0,3.0,3.0
2024,초4,1.0,1.0239950741066173,1.0,4.0,3.6666666666666665,1.0,1.0,1.0,4.0
2024,초4,1.0,1.0239950741066173,1.0,3.0,3.0,1.0,1.0,1.0,3.0
2024,초4,1.0,1.0239950741066173,1.0,3.0,3.0,1.0,1.0,1.0,3.0
2024,초4,2.0,0.8925985916051724,3.6666666666666665,1.0,2.6666666666666665,3.0,4.0,4.0,1.0
2024,초4,1.0,1.0239950741066173,1.6666666666666667,2.0,2.3333333333333335,1.0,3.0,1.0,2.0
2024,초4,2.0,0.8925985916051724,4.0,3.0,3.3333333333333335,4.0,4.0,4.0,3.0
2024,초4,2.0,0.8925985916051724,2.3333333333333335,4.0,,2.0,3.0,2.0,4.0
2024,초4,2.0,0.8925985916051724,3.0,3.0,2.3333333333333335,3.0,3.0,3.0,3.0
2024,초4,1.0,1.0239950741066173,2.0,1.0,3.0,3.0,1.0,2.0,1.0
2024,초4,2.0,0.8925985916051724,1.0,4.0,3.3333333333333335,1.0,1.0,1.0,4.0
2024,초4,2.0,0.8925985916051724,1.6666666666666667,4.0,3.6666666666666665,2.0,1.0,2.0,4.0
2024,초6,1.0,0.7719050418702837,2.3333333333333335,4.0,4.0,3.0,3.0,1.0,4.0
2024,초6,2.0,1.0225999602607643,3.3333333333333335,3.0,2.6666666666666665,3.0,3.0,4.0,3.0
2024,초6,1.0,0.7719050418702837,1.3333333333333333,1.0,2.3333333333333335,1.0,2.0,1.0,1.0
2024,초6,1.0,0.7719050418702837,1.0,3.0,3.3333333333333335,1.0,1.0,1.0,3.0
2024,초6,2.0,1.0225999602607643,1.0,3.0,2.6666666666666665,1.0,1.0,1.0,3.0
2024,초6,1.0,0.7719050418702837,1.0,4.0,3.6666666666666665,1.0,1.0,1.0,4.0
2024,초6,1.0,0.7719050418702837,3.0,3.0,2.6666666666666665,3.0,3.0,3.0,3.0
2024,초6,1.0,0.7719050418702837,2.0,2.0,1.6666666666666667,2.0,2.0,2.0,2.0
2024,초6,1.0,0.7719050418702837,2.0,2.0,2.3333333333333335,2.0,2.0,2.0,2.0
2024,초6,1.0,0.7719050418702837,4.0,4.0,2.3333333333333335,4.0,4.0,4.0,4.0
2024,초6,2.0,1.0225999602607643,2.6666666666666665,3.0,3.0,3.0,2.0,3.0,3.0
2024,초6,1.0,0.7719050418702837,2.0,4.0,2.6666666666666665,2.0,2.0,2.0,4.0
2024,초6,2.0,1.0225999602607643,1.0,1.0,2.6666666666666665,1.0,1.0,1.0,1.0
2024,초6,1.0,0.7719050418702837,3.3333333333333335,3.0,2.6666666666666665,3.0,3.0,4.0,3.0
2024,초6,1.0,0.7719050418702837,3.0,2.0,2.0,3.0,3.0,3.0,2.0
2024,초6,1.0,0.7719050418702837,2.3333333333333335,4.0,4.0,3.0,2.0,2.0,4.0
2024,초6,2.0,1.0225999602607643,3.0,2.0,2.0,4.0,2.0,3.0,2.0
2024,초6,1.0,0.7719050418702837,1.0,4.0,4.0,1.0,1.0,1.0,4.0
2024,초6,2.0,1.0225999602607643,3.0,2.0,2.0,3.0,3.0,3.0,2.0
2024,초6,2.0,1.0225999602607643,1.6666666666666667,3.0,2.6666666666666665,2.0,1.0,2.0,3.0
2024,초6,2.0,1.0225999602607643,1.0,4.0,4.0,1.0,1.0,1.0,4.0
2024,초6,2.0,1.0225999602607643,1.0,1.0,2.6666666666666665,1.0,1.0,1.0,1.0
2024,초6,2.0,1.0225999602607643,1.0,3.0,3.0,1.0,1.0,1.0,3.0
2024,초6,1.0,0.7719050418702837,1.0,1.0,2.3333333333333335,1.0,1.0,1.0,1.0
2024,초6,1.0,0.7719050418702837,1.0,4.0,4.0,1.0,1.0,1.0,4.0
2024,초6,1.0,0.7719050418702837,1.0,4.0,4.0,1.0,1.0,1.0,4.0
2024,초5,1.0,0.8583534632310312,2.6666666666666665,3.0,3.0,3.0,3.0,2.0,3.0
2024,초5,1.0,0.8583534632310312,1.0,3.0,,1.0,1.0,1.0,3.0
2024,초5,1.0,0.8583534632310312,1.0,3.0,3.0,1.0,1.0,1.0,3.0
2024,초5,2.0,1.007043203921596,3.0,3.0,3.0,4.0,2.0,3.0,3.0
2024,초5,2.0,1.007043203921596,2.3333333333333335,4.0,3.6666666666666665,2.0,2.0,3.0,4.0
2024,초5,2.0,1.007043203921596,2.0,3.0,3.0,2.0,2.0,2.0,3.0
2024,초5,2.0,1.007043203921596,1.0,3.0,3.0,1.0,1.0,1.0,3.0
2024,초5,1.0,0.8583534632310312,1.0,4.0,3.3333333333333335,1.0,1.0,1.0,4.0
2024,초5,1.0,0.8583534632310312,2.0,3.0,2.3333333333333335,2.0,3.0,1.0,3.0
2024,초5,2.0,1.007043203921596,1.0,4.0,4.0,1.0,1.0,1.0,4.0
2024,초5,1.0,0.8583534632310312,1.6666666666666667,3.0,3.0,1.0,3.0,1.0,3.0
2024,초5,2.0,1.007043203921596,1.3333333333333333,4.0,4.0,1.0,2.0,1.0,4.0
2024,초5,1.0,0.8583534632310312,1.0,4.0,4.0,1.0,1.0,1.0,4.0
2024,초5,2.0,1.007043203921596,1.0,4.0,3.6666666666666665,1.0,1.0,1.0,4.0
2024,초5,2.0,1.007043203921596,1.3333333333333333,1.0,2.3333333333333335,1.0,2.0,1.0,1.0
2024,초5,2.0,1.007043203921596,1.0,4.0,4.0,1.0,1.0,1.0,4.0
2024,초5,1.0,0.8583534632310312,2.6666666666666665,2.0,2.0,2.0,3.0,3.0,2.0
2024,초5,1.0,0.8583534632310312,2.0,,,1.0,4.0,1.0,
2024,초5,1.0,0.8583534632310312,1.0,1.0,2.3333333333333335,1.0,1.0,1.0,1.0
2024,초5,1.0,0.8583534632310312,1.0,4.0,4.0,1.0,1.0,1.0,4.0
2024,초5,2.0,1.007043203921596,3.0,3.0,2.3333333333333335,3.0,3.0,3.0,3.0
2024,초5,1.0,0.8583534632310312,1.0,3.0,3.3333333333333335,1.0,1.0,1.0,3.0
2024,초5,2.0,1.007043203921596,2.6666666666666665,3.0,3.6666666666666665,3.0,1.0,4.0,3.0
2024,초5,1.0,0.8583534632310312,2.6666666666666665,2.0,2.0,3.0,2.0,3.0,2.0
2024,초5,1.0,0.8583534632310312,2.3333333333333335,3.0,2.3333333333333335,3.0,3.0,1.0,3.0
2024,초6,1.0,0.8027812435450952,1.6666666666666667,3.0,3.0,2.0,2.0,1.0,3.0
2024,초6,2.0,1.0635039586711947,1.0,3.0,3.3333333333333335,1.0,1.0,1.0,3.0
2024,초6,1.0,0.8027812435450952,3.0,3.0,3.0,3.0,3.0,3.0,3.0
2024,초6,1.0,0.8027812435450952,2.0,3.0,3.0,2.0,2.0,2.0,3.0
2024,초6,2.0,1.0635039586711947,3.0,3.0,2.6666666666666665,3.0,3.0,3.0,3.0
2024,초6,1.0,0.8027812435450952,2.6666666666666665,3.0,3.0,3.0,3.0,2.0,3.0
2024,초6,1.0,0.8027812435450952,1.0,3.0,3.3333333333333335,1.0,1.0,1.0,3.0
2024,초6,1.0,0.8027812435450952,1.3333333333333333,3.0,2.6666666666666665,1.0,1.0,2.0,3.0
2024,초6,1.0,0.8027812435450952,3.3333333333333335,2.0,1.3333333333333333,4.0,3.0,3.0,2.0
2024,초6,1.0,0.8027812435450952,2.0,3.0,2.6666666666666665,1.0,3.0,2.0,3.0
2024,초6,2.0,1.0635039586711947,2.3333333333333335,3.0,2.6666666666666665,3.0,2.0,2.0,3.0
2024,초6,1.0,0.8027812435450952,1.0,3.0,2.6666666666666665,1.0,1.0,1.0,3.0
2024,초6,1.0,0.8027812435450952,2.0,3.0,3.0,2.0,2.0,2.0,3.0
2024,초6,1.0,0.8027812435450952,1.0,4.0,4.0,1.0,1.0,1.0,4.0
2024,초6,1.0,0.8027812435450952,2.0,3.0,2.3333333333333335,2.0,3.0,1.0,3.0
2024,초6,2.0,1.0635039586711947,3.3333333333333335,2.0,2.0,4.0,3.0,3.0,2.0
2024,초6,1.0,0.8027812435450952,1.0,3.0,3.3333333333333335,1.0,1.0,1.0,3.0
2024,초6,2.0,1.0635039586711947,1.0,4.0,3.3333333333333335,1.0,1.0,1.0,4.0
2024,초6,2.0,1.0635039586711947,1.0,3.0,3.0,1.0,1.0,1.0,3.0
2024,초6,1.0,0.8027812435450952,1.0,1.0,2.6666666666666665,1.0,1.0,1.0,1.0
2024,초6,2.0,1.0635039586711947,2.6666666666666665,4.0,4.0,3.0,2.0,3.0,4.0
2024,초6,2.0,1.0635039586711947,3.3333333333333335,1.0,1.0,4.0,2.0,4.0,1.0
2024,초6,2.0,1.0635039586711947,1.6666666666666667,3.0,3.6666666666666665,2.0,2.0,1.0,3.0
2024,초6,2.0,1.0635039586711947,2.6666666666666665,2.0,2.0,3.0,3.0,2.0,2.0
2024,초6,2.0,1.0635039586711947,2.0,3.0,2.3333333333333335,2.0,2.0,2.0,3.0
2024,초4,2.0,0.8925985916051724,1.0,1.0,2.0,1.0,1.0,1.0,1.0
2024,초4,2.0,0.8925985916051724,1.0,4.0,4.0,1.0,1.0,1.0,4.0
2024,초4,1.0,1.0239950741066173,2.3333333333333335,1.0,2.6666666666666665,3.0,2.0,2.0,1.0
2024,초4,2.0,0.8925985916051724,1.0,3.0,3.3333333333333335,1.0,1.0,1.0,3.0
2024,초4,2.0,0.8925985916051724,2.0,1.0,3.0,1.0,1.0,4.0,1.0
2024,초4,2.0,0.8925985916051724,2.0,3.0,3.0,2.0,2.0,2.0,3.0
2024,초4,2.0,0.8925985916051724,1.0,4.0,3.6666666666666665,1.0,1.0,1.0,4.0
2024,초4,1.0,1.0239950741066173,1.0,3.0,3.0,1.0,1.0,1.0,3.0
2024,초4,1.0,1.0239950741066173,1.0,4.0,4.0,1.0,1.0,1.0,4.0
2024,초4,2.0,0.8925985916051724,1.0,4.0,4.0,1.0,1.0,1.0,4.0
2024,초4,1.0,1.0239950741066173,2.0,3.0,3.0,2.0,2.0,2.0,3.0
2024,초4,2.0,0.8925985916051724,2.3333333333333335,1.0,3.0,2.0,1.0,4.0,1.0
2024,초4,2.0,0.8925985916051724,1.6666666666666667,3.0,3.3333333333333335,2.0,2.0,1.0,3.0
2024,초4,2.0,0.8925985916051724,1.0,4.0,4.0,1.0,1.0,1.0,4.0
2024,초4,1.0,1.0239950741066173,1.3333333333333333,3.0,3.3333333333333335,2.0,1.0,1.0,3.0
2024,초4,2.0,0.8925985916051724,1.0,1.0,2.0,1.0,1.0,1.0,1.0
2024,초4,1.0,1.0239950741066173,3.0,4.0,3.0,3.0,3.0,3.0,4.0
2024,초4,1.0,1.0239950741066173,1.0,1.0,2.6666666666666665,1.0,1.0,1.0,1.0
2024,초4,1.0,1.0239950741066173,1.0,1.0,2.6666666666666665,1.0,1.0,1.0,1.0
2024,초4,1.0,1.0239950741066173,3.3333333333333335,4.0,2.3333333333333335,3.0,3.0,4.0,4.0
2024,초4,1.0,1.0239950741066173,1.0,4.0,4.0,1.0,1.0,1.0,4.0
2024,초4,1.0,1.0239950741066173,1.0,3.0,2.3333333333333335,1.0,1.0,1.0,3.0
2024,초6,2.0,0.7474542861907624,1.0,4.0,4.0,1.0,1.0,1.0,4.0
2024,초6,1.0,0.7927186248511013,2.0,3.0,3.0,2.0,2.0,2.0,3.0
2024,초6,2.0,0.7474542861907624,2.0,3.0,3.0,2.0,2.0,2.0,3.0
2024,초6,1.0,0.7927186248511013,1.6666666666666667,3.0,3.0,2.0,2.0,1.0,3.0
2024,초6,2.0,0.7474542861907624,3.3333333333333335,4.0,3.3333333333333335,4.0,2.0,4.0,4.0
2024,초6,2.0,0.7474542861907624,2.6666666666666665,2.0,1.3333333333333333,3.0,2.0,3.0,2.0
2024,초6,2.0,0.7474542861907624,3.3333333333333335,3.0,2.3333333333333335,3.0,4.0,3.0,3.0
2024,초6,1.0,0.7927186248511013,1.0,4.0,3.3333333333333335,1.0,1.0,1.0,4.0
2024,초6,2.0,0.7474542861907624,2.0,4.0,4.0,2.0,2.0,2.0,4.0
2024,초6,2.0,0.7474542861907624,1.0,4.0,4.0,1.0,1.0,1.0,4.0
2024,초6,1.0,0.7927186248511013,2.0,4.0,3.3333333333333335,3.0,2.0,1.0,4.0
2024,초6,2.0,0.7474542861907624,2.6666666666666665,4.0,3.3333333333333335,2.0,3.0,3.0,4.0
2024,초6,2.0,0.7474542861907624,3.3333333333333335,4.0,3.6666666666666665,4.0,2.0,4.0,4.0
2024,초6,1.0,0.7927186248511013,1.3333333333333333,4.0,4.0,1.0,1.0,2.0,4.0
2024,초6,2.0,0.7474542861907624,1.0,4.0,4.0,1.0,1.0,1.0,4.0
2024,초6,2.0,0.7474542861907624,1.0,3.0,3.6666666666666665,1.0,1.0,1.0,3.0
2024,초6,2.0,0.7474542861907624,1.0,1.0,2.6666666666666665,1.0,1.0,1.0,1.0
2024,초6,2.0,0.7474542861907624,2.0,4.0,4.0,2.0,2.0,2.0,4.0
2024,초6,1.0,0.7927186248511013,2.3333333333333335,3.0,3.0,2.0,2.0,3.0,3.0
2024,초6,1.0,0.7927186248511013,3.6666666666666665,2.0,2.0,3.0,4.0,4.0,2.0
2024,초6,1.0,0.7927186248511013,1.0,4.0,4.0,1.0,1.0,1.0,4.0
2024,초6,2.0,0.7474542861907624,2.6666666666666665,2.0,2.3333333333333335,3.0,3.0,2.0,2.0
2024,초6,1.0,0.7927186248511013,2.0,2.0,2.3333333333333335,2.0,2.0,2.0,2.0
2024,초6,1.0,0.7927186248511013,1.0,3.0,3.0,1.0,1.0,1.0,3.0
2024,초6,2.0,0.7474542861907624,1.3333333333333333,4.0,4.0,1.0,1.0,2.0,4.0
2024,초6,2.0,0.7474542861907624,1.3333333333333333,3.0,3.6666666666666665,1.0,2.0,1.0,3.0
2024,초6,1.0,0.7927186248511013,2.0,3.0,2.6666666666666665,2.0,2.0,2.0,3.0
2024,초6,1.0,0.7927186248511013,1.0,1.0,2.3333333333333335,1.0,1.0,1.0,1.0
2024,초6,1.0,0.7927186248511013,2.6666666666666665,4.0,2.6666666666666665,2.0,4.0,2.0,4.0
2024,초6,2.0,0.7474542861907624,3.6666666666666665,1.0,1.6666666666666667,4.0,4.0,3.0,1.0
2024,초6,1.0,0.7927186248511013,1.6666666666666667,3.0,3.0,2.0,1.0,2.0,3.0
2024,초6,2.0,0.7474542861907624,1.6666666666666667,3.0,3.0,2.0,2.0,1.0,3.0
2024,초6,1.0,1.4007361203071655,3.0,4.0,3.3333333333333335,3.0,3.0,3.0,4.0
2024,초6,1.0,1.4007361203071655,1.0,3.0,2.6666666666666665,1.0,1.0,1.0,3.0
2024,초6,2.0,1.758302753522597,2.3333333333333335,3.0,3.0,3.0,3.0,1.0,3.0
2024,초6,2.0,1.758302753522597,2.6666666666666665,2.0,2.0,3.0,2.0,3.0,2.0
2024,초6,2.0,1.758302753522597,3.0,4.0,4.0,3.0,3.0,3.0,4.0
2024,초6,1.0,1.4007361203071655,3.0,2.0,2.0,3.0,3.0,3.0,2.0
2024,초6,2.0,1.758302753522597,3.0,2.0,2.3333333333333335,3.0,3.0,3.0,2.0
2024,초6,1.0,1.4007361203071655,3.3333333333333335,1.0,2.3333333333333335,3.0,3.0,4.0,1.0
2024,초6,2.0,1.758302753522597,2.6666666666666665,3.0,2.3333333333333335,3.0,2.0,3.0,3.0
2024,초6,2.0,1.758302753522597,1.0,1.0,2.0,1.0,1.0,1.0,1.0
2024,초6,2.0,1.758302753522597,3.0,3.0,2.3333333333333335,3.0,3.0,3.0,3.0
2024,초6,2.0,1.758302753522597,1.0,3.0,2.3333333333333335,1.0,1.0,1.0,3.0
2024,초6,1.0,1.4007361203071655,2.6666666666666665,3.0,3.0,3.0,3.0,2.0,3.0
2024,초6,1.0,1.4007361203071655,1.6666666666666667,4.0,3.6666666666666665,2.0,1.0,2.0,4.0
2024,초6,2.0,1.758302753522597,1.0,4.0,4.0,1.0,1.0,1.0,4.0
2024,초6,1.0,1.4007361203071655,2.6666666666666665,1.0,1.6666666666666667,2.0,3.0,3.0,1.0
2024,초6,1.0,1.4007361203071655,3.3333333333333335,1.0,1.0,3.0,4.0,3.0,1.0
2024,초6,2.0,1.758302753522597,4.0,2.0,2.3333333333333335,4.0,4.0,4.0,2.0
2024,초6,1.0,1.4007361203071655,1.0,3.0,3.6666666666666665,1.0,1.0,1.0,3.0
2024,초6,1.0,1.4007361203071655,4.0,1.0,1.6666666666666667,4.0,4.0,4.0,1.0
2024,초6,1.0,1.4007361203071655,1.0,4.0,3.3333333333333335,1.0,1.0,1.0,4.0
2024,초6,1.0,1.4007361203071655,1.0,1.0,2.0,1.0,1.0,1.0,1.0
2024,초6,1.0,1.4007361203071655,1.6666666666666667,4.0,3.6666666666666665,1.0,1.0,3.0,4.0
2024,초5,1.0,1.539787918754679,1.0,3.0,2.3333333333333335,1.0,1.0,1.0,3.0
2024,초5,2.0,1.437578176723755,3.0,2.0,3.0,3.0,3.0,3.0,2.0
2024,초5,2.0,1.437578176723755,1.0,3.0,3.3333333333333335,1.0,1.0,1.0,3.0
2024,초5,2.0,1.437578176723755,2.0,2.0,2.0,2.0,2.0,2.0,2.0
2024,초5,2.0,1.437578176723755,3.3333333333333335,3.0,2.3333333333333335,3.0,3.0,4.0,3.0
2024,초5,1.0,1.539787918754679,1.0,4.0,3.6666666666666665,1.0,1.0,1.0,4.0
2024,초5,2.0,1.437578176723755,1.0,4.0,4.0,1.0,1.0,1.0,4.0
2024,초5,1.0,1.539787918754679,1.0,4.0,4.0,1.0,1.0,1.0,4.0
2024,초5,2.0,1.437578176723755,1.0,2.0,1.3333333333333333,1.0,1.0,1.0,2.0
2024,초5,1.0,1.539787918754679,1.0,2.0,1.6666666666666667,1.0,1.0,1.0,2.0
2024,초5,2.0,1.437578176723755,3.6666666666666665,3.0,3.0,3.0,4.0,4.0,3.0
2024,초5,1.0,1.539787918754679,1.0,4.0,4.0,1.0,1.0,1.0,4.0
2024,초5,1.0,1.539787918754679,1.6666666666666667,3.0,3.0,3.0,1.0,1.0,3.0
2024,초5,2.0,1.437578176723755,1.0,3.0,3.3333333333333335,1.0,1.0,1.0,3.0
2024,초5,2.0,1.437578176723755,3.0,3.0,2.3333333333333335,3.0,3.0,3.0,3.0
2024,초5,1.0,1.539787918754679,1.6666666666666667,3.0,2.3333333333333335,2.0,2.0,1.0,3.0
2024,초5,1.0,1.539787918754679,1.0,3.0,3.6666666666666665,1.0,1.0,1.0,3.0
2024,초5,1.0,1.539787918754679,1.0,1.0,3.0,1.0,1.0,1.0,1.0
2024,초5,2.0,1.437578176723755,3.0,3.0,3.0,3.0,3.0,3.0,3.0
2024,초5,1.0,1.539787918754679,1.0,1.0,3.0,1.0,1.0,1.0,1.0
2024,초5,2.0,1.437578176723755,1.0,4.0,3.3333333333333335,1.0,1.0,1.0,4.0
2024,초5,1.0,1.539787918754679,2.0,3.0,2.3333333333333335,2.0,3.0,1.0,3.0
2024,초5,1.0,1.539787918754679,1.0,3.0,3.0,1.0,1.0,1.0,3.0
2024,초4,1.0,0.827666150777263,1.6666666666666667,3.0,3.0,2.0,2.0,1.0,3.0
2024,초4,2.0,0.7481796936252783,1.3333333333333333,1.0,2.0,2.0,1.0,1.0,1.0
2024,초4,1.0,0.827666150777263,1.0,4.0,4.0,1.0,1.0,1.0,4.0
2024,초4,2.0,0.7481796936252783,1.0,4.0,4.0,1.0,1.0,1.0,4.0
2024,초4,1.0,0.827666150777263,1.0,4.0,4.0,1.0,1.0,1.0,4.0
2024,초4,2.0,0.7481796936252783,2.0,3.0,2.6666666666666665,2.0,2.0,2.0,3.0
2024,초4,1.0,0.827666150777263,3.0,4.0,3.3333333333333335,3.0,3.0,3.0,4.0
2024,초4,2.0,0.7481796936252783,2.0,4.0,3.6666666666666665,2.0,2.0,2.0,4.0
2024,초4,1.0,0.827666150777263,1.0,4.0,3.6666666666666665,1.0,1.0,1.0,4.0
2024,초4,2.0,0.7481796936252783,2.0,4.0,3.6666666666666665,2.0,2.0,2.0,4.0
2024,초4,1.0,0.827666150777263,1.0,1.0,2.0,1.0,1.0,1.0,1.0
2024,초4,1.0,0.827666150777263,1.0,4.0,4.0,1.0,1.0,1.0,4.0
2024,초4,2.0,0.7481796936252783,2.0,3.0,3.6666666666666665,2.0,3.0,1.0,3.0
2024,초4,2.0,0.7481796936252783,1.0,4.0,3.3333333333333335,1.0,1.0,1.0,4.0
2024,초4,1.0,0.827666150777263,1.0,2.0,2.6666666666666665,1.0,1.0,1.0,2.0
2024,초4,1.0,0.827666150777263,2.3333333333333335,1.0,2.0,2.0,2.0,3.0,1.0
2024,초4,1.0,0.827666150777263,3.0,2.0,2.3333333333333335,3.0,3.0,3.0,2.0
2024,초4,1.0,0.827666150777263,2.3333333333333335,4.0,3.6666666666666665,3.0,1.0,3.0,4.0
2024,초4,2.0,0.7481796936252783,1.6666666666666667,4.0,3.6666666666666665,1.0,3.0,1.0,4.0
2024,초4,2.0,0.7481796936252783,1.0,3.0,3.6666666666666665,1.0,1.0,1.0,3.0
2024,초4,2.0,0.7481796936252783,1.0,4.0,4.0,1.0,1.0,1.0,4.0
2024,초4,1.0,0.827666150777263,1.0,4.0,4.0,1.0,1.0,1.0,4.0
2024,초4,1.0,0.827666150777263,1.6666666666666667,2.0,1.3333333333333333,3.0,1.0,1.0,2.0
2024,초4,1.0,0.827666150777263,1.3333333333333333,4.0,4.0,2.0,1.0,1.0,4.0
2024,초4,2.0,0.7481796936252783,3.0,3.0,2.6666666666666665,3.0,3.0,3.0,3.0
2024,초4,1.0,0.827666150777263,2.0,3.0,3.0,2.0,2.0,2.0,3.0
2024,초4,2.0,0.7481796936252783,4.0,3.0,2.6666666666666665,4.0,4.0,4.0,3.0
2024,초4,2.0,0.7481796936252783,1.0,4.0,4.0,1.0,1.0,1.0,4.0
2024,초4,1.0,0.827666150777263,1.0,3.0,3.6666666666666665,1.0,1.0,1.0,3.0
2024,초5,2.0,0.8528033549399003,2.6666666666666665,3.0,3.3333333333333335,3.0,2.0,3.0,3.0
2024,초5,2.0,0.8528033549399003,3.6666666666666665,2.0,2.6666666666666665,4.0,3.0,4.0,2.0
2024,초5,1.0,0.8988268046806288,1.6666666666666667,4.0,3.3333333333333335,3.0,1.0,1.0,4.0
2024,초5,1.0,0.8988268046806288,1.0,4.0,3.6666666666666665,1.0,1.0,1.0,4.0
2024,초5,1.0,0.8988268046806288,2.0,4.0,3.3333333333333335,2.0,2.0,2.0,4.0
2024,초5,1.0,0.8988268046806288,2.0,3.0,2.6666666666666665,2.0,2.0,2.0,3.0
2024,초5,1.0,0.8988268046806288,1.0,4.0,4.0,1.0,1.0,1.0,4.0
2024,초5,1.0,0.8988268046806288,2.0,4.0,3.3333333333333335,2.0,2.0,2.0,4.0
2024,초5,1.0,0.8988268046806288,2.0,4.0,4.0,2.0,2.0,2.0,4.0
2024,초5,1.0,0.8988268046806288,1.3333333333333333,4.0,3.6666666666666665,2.0,1.0,1.0,4.0
2024,초5,2.0,0.8528033549399003,3.0,2.0,1.3333333333333333,2.0,3.0,4.0,2.0
2024,초5,2.0,0.8528033549399003,1.0,4.0,4.0,1.0,1.0,1.0,4.0
2024,초5,2.0,0.8528033549399003,2.6666666666666665,4.0,3.3333333333333335,3.0,3.0,2.0,4.0
2024,초5,2.0,0.8528033549399003,1.0,1.0,2.0,1.0,1.0,1.0,1.0
2024,초5,1.0,0.8988268046806288,1.0,3.0,3.3333333333333335,1.0,1.0,1.0,3.0
2024,초5,2.0,0.8528033549399003,1.6666666666666667,4.0,3.6666666666666665,1.0,2.0,2.0,4.0
2024,초5,2.0,0.8528033549399003,1.6666666666666667,4.0,3.6666666666666665,1.0,3.0,1.0,4.0
2024,초5,1.0,0.8988268046806288,1.3333333333333333,4.0,3.6666666666666665,1.0,2.0,1.0,4.0
2024,초5,2.0,0.8528033549399003,2.0,4.0,4.0,2.0,1.0,3.0,4.0
2024,초5,2.0,0.8528033549399003,1.0,1.0,2.6666666666666665,1.0,1.0,1.0,1.0
2024,초5,2.0,0.8528033549399003,1.0,4.0,4.0,1.0,1.0,1.0,4.0
2024,초5,2.0,0.8528033549399003,3.0,4.0,3.6666666666666665,3.0,3.0,3.0,4.0
2024,초5,1.0,0.8988268046806288,1.3333333333333333,3.0,3.0,2.0,1.0,1.0,3.0
2024,초5,2.0,0.8528033549399003,2.3333333333333335,3.0,2.6666666666666665,3.0,2.0,2.0,3.0
2024,초5,2.0,0.8528033549399003,2.6666666666666665,3.0,2.6666666666666665,2.0,3.0,3.0,3.0
2024,초5,1.0,0.8988268046806288,2.3333333333333335,3.0,3.0,2.0,4.0,1.0,3.0
2024,초5,2.0,0.8528033549399003,3.3333333333333335,3.0,2.3333333333333335,3.0,4.0,3.0,3.0
2024,초5,1.0,0.8988268046806288,1.0,3.0,3.6666666666666665,1.0,1.0,1.0,3.0
2024,초4,2.0,1.4048388566639645,1.0,4.0,3.6666666666666665,1.0,1.0,1.0,4.0
2024,초4,2.0,1.4048388566639645,3.3333333333333335,4.0,3.3333333333333335,4.0,4.0,2.0,4.0
2024,초4,1.0,1.4869555118958984,1.0,4.0,4.0,1.0,1.0,1.0,4.0
2024,초4,2.0,1.4048388566639645,2.0,1.0,2.3333333333333335,2.0,2.0,2.0,1.0
2024,초4,1.0,1.4869555118958984,1.0,4.0,4.0,1.0,1.0,1.0,4.0
2024,초4,2.0,1.4048388566639645,1.3333333333333333,4.0,4.0,1.0,1.0,2.0,4.0
2024,초4,2.0,1.4048388566639645,1.0,4.0,4.0,1.0,1.0,1.0,4.0
2024,초4,1.0,1.4869555118958984,2.3333333333333335,3.0,3.3333333333333335,3.0,1.0,3.0,3.0
2024,초4,2.0,1.4048388566639645,1.0,4.0,4.0,1.0,1.0,1.0,4.0
2024,초4,1.0,1.4869555118958984,1.0,2.0,3.0,1.0,1.0,1.0,2.0
2024,초4,2.0,1.4048388566639645,2.0,2.0,2.6666666666666665,2.0,2.0,2.0,2.0
2024,초4,2.0,1.4048388566639645,2.0,2.0,2.0,2.0,2.0,2.0,2.0
2024,초4,1.0,1.4869555118958984,2.0,1.0,2.6666666666666665,2.0,2.0,2.0,1.0
2024,초4,1.0,1.4869555118958984,1.0,3.0,,1.0,1.0,1.0,3.0
2024,초4,2.0,1.4048388566639645,1.0,3.0,3.3333333333333335,1.0,1.0,1.0,3.0
2024,초4,1.0,1.4869555118958984,1.0,2.0,1.3333333333333333,1.0,1.0,1.0,2.0
2024,초4,1.0,1.4869555118958984,1.0,3.0,3.0,1.0,1.0,1.0,3.0
2024,초4,2.0,1.4048388566639645,1.0,4.0,,1.0,1.0,1.0,4.0
2024,초4,2.0,1.4048388566639645,1.0,4.0,4.0,1.0,1.0,1.0,4.0
2024,초4,1.0,1.4869555118958984,1.0,3.0,3.0,1.0,1.0,1.0,3.0
2024,초4,1.0,1.4869555118958984,1.0,4.0,4.0,1.0,1.0,1.0,4.0
2024,초4,1.0,1.4869555118958984,2.6666666666666665,4.0,4.0,3.0,3.0,2.0,4.0
2024,초4,2.0,1.1082298176679461,3.3333333333333335,3.0,2.6666666666666665,4.0,3.0,3.0,3.0
2024,초4,1.0,1.8068124072614613,1.6666666666666667,4.0,3.3333333333333335,2.0,1.0,2.0,4.0
2024,초4,2.0,1.1082298176679461,1.0,4.0,4.0,1.0,1.0,1.0,4.0
2024,초4,2.0,1.1082298176679461,1.0,4.0,4.0,1.0,1.0,1.0,4.0
2024,초4,1.0,1.8068124072614613,1.0,4.0,3.3333333333333335,1.0,1.0,1.0,4.0
2024,초4,2.0,1.1082298176679461,2.6666666666666665,4.0,4.0,3.0,2.0,3.0,4.0
2024,초4,1.0,1.8068124072614613,1.3333333333333333,3.0,3.6666666666666665,1.0,1.0,2.0,3.0
2024,초4,1.0,1.8068124072614613,3.0,2.0,2.0,3.0,4.0,2.0,2.0
2024,초4,2.0,1.1082298176679461,1.3333333333333333,3.0,3.0,2.0,1.0,1.0,3.0
2024,초4,1.0,1.8068124072614613,1.0,2.0,1.3333333333333333,1.0,1.0,1.0,2.0
2024,초4,2.0,1.1082298176679461,1.6666666666666667,3.0,3.6666666666666665,2.0,1.0,2.0,3.0
2024,초4,2.0,1.1082298176679461,1.0,4.0,4.0,1.0,1.0,1.0,4.0
2024,초4,2.0,1.1082298176679461,4.0,2.0,2.0,4.0,4.0,4.0,2.0
2024,초4,1.0,1.8068124072614613,1.3333333333333333,1.0,2.0,1.0,1.0,2.0,1.0
2024,초4,2.0,1.1082298176679461,3.0,1.0,2.6666666666666665,3.0,3.0,3.0,1.0
2024,초4,1.0,1.8068124072614613,1.3333333333333333,4.0,3.3333333333333335,1.0,2.0,1.0,4.0
2024,초4,2.0,1.1082298176679461,1.0,3.0,2.6666666666666665,1.0,1.0,1.0,3.0
2024,초4,2.0,1.1082298176679461,3.3333333333333335,3.0,3.0,3.0,4.0,3.0,3.0
2024,초4,2.0,1.1082298176679461,1.3333333333333333,1.0,2.6666666666666665,2.0,1.0,1.0,1.0
2024,초4,1.0,1.8068124072614613,1.0,4.0,3.0,1.0,1.0,1.0,4.0
2024,초4,1.0,1.8068124072614613,4.0,4.0,4.0,4.0,4.0,4.0,4.0
2024,초4,2.0,1.1082298176679461,3.0,1.0,2.0,3.0,3.0,3.0,1.0
2024,초4,2.0,1.1082298176679461,1.0,1.0,2.3333333333333335,1.0,1.0,1.0,1.0
2024,초6,1.0,2.224445595066519,3.3333333333333335,4.0,3.0,2.0,4.0,4.0,4.0
2024,초6,1.0,2.224445595066519,1.3333333333333333,3.0,2.3333333333333335,2.0,1.0,1.0,3.0
2024,초6,1.0,2.224445595066519,1.0,2.0,1.3333333333333333,1.0,1.0,1.0,2.0
2024,초6,1.0,2.224445595066519,1.3333333333333333,4.0,4.0,1.0,2.0,1.0,4.0
2024,초6,1.0,2.224445595066519,1.0,3.0,3.0,1.0,1.0,1.0,3.0
2024,초6,1.0,2.224445595066519,1.6666666666666667,4.0,3.3333333333333335,1.0,2.0,2.0,4.0
2024,초6,1.0,2.224445595066519,2.0,4.0,3.6666666666666665,3.0,1.0,2.0,4.0
2024,초6,1.0,2.224445595066519,2.0,2.0,2.6666666666666665,3.0,1.0,2.0,2.0
2024,초6,2.0,1.3520296728411656,3.6666666666666665,2.0,2.6666666666666665,3.0,4.0,4.0,2.0
2024,초6,2.0,1.3520296728411656,2.0,3.0,2.3333333333333335,1.0,2.0,3.0,3.0
2024,초6,2.0,1.3520296728411656,2.3333333333333335,3.0,3.0,2.0,3.0,2.0,3.0
2024,초6,2.0,1.3520296728411656,1.3333333333333333,4.0,3.6666666666666665,2.0,1.0,1.0,4.0
2024,초6,2.0,1.3520296728411656,2.0,3.0,3.3333333333333335,1.0,2.0,3.0,3.0
2024,초6,2.0,1.3520296728411656,3.6666666666666665,2.0,2.3333333333333335,4.0,4.0,3.0,2.0
2024,초6,2.0,1.3520296728411656,2.6666666666666665,2.0,2.0,3.0,2.0,3.0,2.0
2024,초6,2.0,1.3520296728411656,3.0,3.0,3.3333333333333335,3.0,3.0,3.0,3.0
2024,초6,2.0,1.3520296728411656,2.6666666666666665,4.0,3.3333333333333335,3.0,3.0,2.0,4.0
2024,초6,2.0,1.3520296728411656,3.3333333333333335,2.0,1.6666666666666667,4.0,3.0,3.0,2.0
2024,초6,2.0,1.3520296728411656,1.0,4.0,3.3333333333333335,1.0,1.0,1.0,4.0
2024,초6,2.0,1.3520296728411656,1.0,1.0,2.3333333333333335,1.0,1.0,1.0,1.0
2024,초6,2.0,1.3520296728411656,2.3333333333333335,1.0,2.0,2.0,3.0,2.0,1.0
2024,초6,2.0,1.2588703767423364,2.3333333333333335,4.0,4.0,2.0,2.0,3.0,4.0
2024,초6,2.0,1.2588703767423364,3.3333333333333335,3.0,2.3333333333333335,4.0,3.0,3.0,3.0
2024,초6,1.0,1.3351050523808023,1.0,3.0,2.0,1.0,1.0,1.0,3.0
2024,초6,1.0,1.3351050523808023,1.0,3.0,3.3333333333333335,1.0,1.0,1.0,3.0
2024,초6,2.0,1.2588703767423364,3.3333333333333335,4.0,4.0,4.0,4.0,2.0,4.0
2024,초6,1.0,1.3351050523808023,2.0,3.0,3.0,2.0,2.0,2.0,3.0
2024,초6,2.0,1.2588703767423364,1.0,3.0,3.0,1.0,1.0,1.0,3.0
2024,초6,2.0,1.2588703767423364,1.6666666666666667,4.0,4.0,2.0,1.0,2.0,4.0
2024,초6,1.0,1.3351050523808023,1.0,4.0,4.0,1.0,1.0,1.0,4.0
2024,초6,1.0,1.3351050523808023,1.0,3.0,3.0,1.0,1.0,1.0,3.0
2024,초6,2.0,1.2588703767423364,1.0,3.0,2.3333333333333335,1.0,1.0,1.0,3.0
2024,초6,1.0,1.3351050523808023,1.0,4.0,4.0,1.0,1.0,1.0,4.0
2024,초6,1.0,1.3351050523808023,1.6666666666666667,4.0,3.6666666666666665,2.0,1.0,2.0,4.0
2024,초6,1.0,1.3351050523808023,1.0,4.0,4.0,1.0,1.0,1.0,4.0
2024,초6,2.0,1.2588703767423364,2.0,4.0,4.0,2.0,2.0,2.0,4.0
2024,초6,2.0,1.2588703767423364,3.0,2.0,2.6666666666666665,3.0,3.0,3.0,2.0
2024,초6,2.0,1.2588703767423364,1.6666666666666667,3.0,3.0,2.0,2.0,1.0,3.0
2024,초6,2.0,1.2588703767423364,1.6666666666666667,3.0,2.6666666666666665,3.0,1.0,1.0,3.0
2024,초6,1.0,1.3351050523808023,3.0,4.0,4.0,4.0,3.0,2.0,4.0
2024,초5,1.0,1.2900883065832056,2.0,3.0,3.3333333333333335,2.0,2.0,2.0,3.0
2024,초5,2.0,1.3699114105472143,2.6666666666666665,3.0,2.3333333333333335,4.0,1.0,3.0,3.0
2024,초5,1.0,1.2900883065832056,2.0,3.0,3.0,2.0,2.0,2.0,3.0
2024,초5,2.0,1.3699114105472143,3.0,3.0,3.6666666666666665,3.0,3.0,3.0,3.0
2024,초5,2.0,1.3699114105472143,1.0,3.0,3.6666666666666665,1.0,1.0,1.0,3.0
2024,초5,2.0,1.3699114105472143,2.0,1.0,2.3333333333333335,2.0,2.0,2.0,1.0
2024,초5,1.0,1.2900883065832056,2.0,3.0,3.0,2.0,2.0,2.0,3.0
2024,초5,2.0,1.3699114105472143,2.0,3.0,3.0,2.0,2.0,2.0,3.0
2024,초5,1.0,1.2900883065832056,1.0,4.0,3.3333333333333335,1.0,1.0,1.0,4.0
2024,초5,1.0,1.2900883065832056,2.6666666666666665,4.0,4.0,3.0,2.0,3.0,4.0
2024,초5,1.0,1.2900883065832056,2.0,1.0,3.0,2.0,2.0,2.0,1.0
2024,초5,2.0,1.3699114105472143,1.0,4.0,4.0,1.0,1.0,1.0,4.0
2024,초5,1.0,1.2900883065832056,2.0,2.0,2.0,2.0,2.0,2.0,2.0
2024,초5,2.0,1.3699114105472143,2.3333333333333335,4.0,3.3333333333333335,1.0,3.0,3.0,4.0
2024,초5,1.0,1.2900883065832056,1.0,1.0,2.3333333333333335,1.0,1.0,1.0,1.0
2024,초5,1.0,1.2900883065832056,3.0,2.0,2.6666666666666665,3.0,3.0,3.0,2.0
2024,초5,2.0,1.3699114105472143,2.0,4.0,3.6666666666666665,1.0,3.0,2.0,4.0
2024,초5,1.0,1.2900883065832056,2.0,3.0,3.0,2.0,2.0,2.0,3.0
2024,초5,1.0,1.2900883065832056,2.0,4.0,3.3333333333333335,2.0,2.0,2.0,4.0
2024,초5,2.0,1.3699114105472143,1.0,4.0,4.0,1.0,1.0,1.0,4.0
2024,초5,2.0,1.3699114105472143,2.0,3.0,3.3333333333333335,2.0,2.0,2.0,3.0
2024,초5,1.0,1.2900883065832056,1.3333333333333333,1.0,2.0,2.0,1.0,1.0,1.0
2024,초5,1.0,1.2900883065832056,1.0,3.0,3.3333333333333335,1.0,1.0,1.0,3.0
2024,초5,2.0,1.3699114105472143,2.0,1.0,2.3333333333333335,3.0,1.0,2.0,1.0
2024,초5,1.0,1.2900883065832056,1.6666666666666667,3.0,3.3333333333333335,2.0,2.0,1.0,3.0
2024,초5,2.0,1.3699114105472143,1.3333333333333333,4.0,4.0,1.0,1.0,2.0,4.0
2024,초5,2.0,1.3699114105472143,2.0,2.0,2.3333333333333335,3.0,2.0,1.0,2.0
2024,초5,2.0,1.2365648646628555,3.0,3.0,3.6666666666666665,3.0,3.0,3.0,3.0
2024,초5,2.0,1.2365648646628555,1.6666666666666667,4.0,4.0,2.0,2.0,1.0,4.0
2024,초5,1.0,1.3032988667869119,1.0,3.0,3.0,1.0,1.0,1.0,3.0
2024,초5,1.0,1.3032988667869119,1.3333333333333333,3.0,3.3333333333333335,1.0,2.0,1.0,3.0
2024,초5,1.0,1.3032988667869119,2.3333333333333335,4.0,3.3333333333333335,3.0,3.0,1.0,4.0
2024,초5,2.0,1.2365648646628555,2.3333333333333335,3.0,3.0,2.0,2.0,3.0,3.0
2024,초5,2.0,1.2365648646628555,2.6666666666666665,4.0,3.0,3.0,2.0,3.0,4.0
2024,초5,1.0,1.3032988667869119,3.0,2.0,,3.0,3.0,3.0,2.0
2024,초5,1.0,1.3032988667869119,1.0,4.0,4.0,1.0,1.0,1.0,4.0
2024,초5,2.0,1.2365648646628555,4.0,1.0,1.6666666666666667,4.0,4.0,4.0,1.0
2024,초5,2.0,1.2365648646628555,1.0,4.0,4.0,1.0,1.0,1.0,4.0
2024,초5,2.0,1.2365648646628555,1.0,4.0,4.0,1.0,1.0,1.0,4.0
2024,초5,1.0,1.3032988667869119,1.0,3.0,3.0,1.0,1.0,1.0,3.0
2024,초5,2.0,1.2365648646628555,1.6666666666666667,4.0,4.0,2.0,2.0,1.0,4.0
2024,초5,2.0,1.2365648646628555,1.0,4.0,4.0,1.0,1.0,1.0,4.0
2024,초5,1.0,1.3032988667869119,1.6666666666666667,4.0,3.6666666666666665,1.0,3.0,1.0,4.0
2024,초5,1.0,1.3032988667869119,1.3333333333333333,4.0,4.0,1.0,2.0,1.0,4.0
2024,초5,1.0,1.3032988667869119,3.3333333333333335,2.0,2.6666666666666665,3.0,3.0,4.0,2.0
2024,초5,2.0,1.2365648646628555,2.6666666666666665,2.0,2.3333333333333335,2.0,3.0,3.0,2.0
2024,초5,1.0,1.3032988667869119,1.0,1.0,2.3333333333333335,1.0,1.0,1.0,1.0
2024,초6,2.0,1.0359221796404992,1.0,3.0,3.6666666666666665,1.0,1.0,1.0,3.0
2024,초6,1.0,1.0685271318363074,2.6666666666666665,3.0,3.0,3.0,3.0,2.0,3.0
2024,초6,1.0,1.0685271318363074,1.6666666666666667,2.0,2.0,1.0,1.0,3.0,2.0
2024,초6,1.0,1.0685271318363074,2.0,4.0,3.6666666666666665,2.0,2.0,2.0,4.0
2024,초6,2.0,1.0359221796404992,3.3333333333333335,4.0,4.0,3.0,3.0,4.0,4.0
2024,초6,2.0,1.0359221796404992,2.0,1.0,2.0,2.0,2.0,2.0,1.0
2024,초6,2.0,1.0359221796404992,3.0,4.0,3.6666666666666665,3.0,3.0,3.0,4.0
2024,초6,1.0,1.0685271318363074,2.3333333333333335,2.0,2.6666666666666665,3.0,2.0,2.0,2.0
2024,초6,1.0,1.0685271318363074,2.0,4.0,3.6666666666666665,2.0,2.0,2.0,4.0
2024,초6,2.0,1.0359221796404992,4.0,4.0,3.6666666666666665,4.0,4.0,4.0,4.0
2024,초6,1.0,1.0685271318363074,2.0,4.0,3.3333333333333335,2.0,2.0,2.0,4.0
2024,초6,2.0,1.0359221796404992,3.0,2.0,2.3333333333333335,3.0,3.0,3.0,2.0
2024,초6,1.0,1.0685271318363074,1.0,3.0,3.0,1.0,1.0,1.0,3.0
2024,초6,1.0,1.0685271318363074,1.0,1.0,2.0,1.0,1.0,1.0,1.0
2024,초6,1.0,1.0685271318363074,1.3333333333333333,3.0,2.6666666666666665,2.0,1.0,1.0,3.0
2024,초6,2.0,1.0359221796404992,1.0,4.0,4.0,1.0,1.0,1.0,4.0
2024,초6,2.0,1.0359221796404992,2.0,3.0,3.0,2.0,2.0,2.0,3.0
2024,초6,1.0,1.0685271318363074,1.3333333333333333,4.0,3.6666666666666665,2.0,1.0,1.0,4.0
2024,초6,1.0,1.0685271318363074,3.6666666666666665,4.0,4.0,3.0,4.0,4.0,4.0
2024,초6,1.0,1.0685271318363074,2.0,3.0,3.0,2.0,2.0,2.0,3.0
2024,초6,2.0,1.0359221796404992,1.0,3.0,2.3333333333333335,1.0,1.0,1.0,3.0
2024,초6,2.0,1.0359221796404992,2.6666666666666665,1.0,1.0,2.0,3.0,3.0,1.0
2024,초4,1.0,1.0393660698653682,3.0,1.0,2.3333333333333335,3.0,2.0,4.0,1.0
2024,초4,2.0,1.1245626157359656,2.3333333333333335,3.0,2.3333333333333335,2.0,3.0,2.0,3.0
2024,초4,1.0,1.0393660698653682,1.0,4.0,4.0,1.0,1.0,1.0,4.0
2024,초4,1.0,1.0393660698653682,1.0,4.0,4.0,1.0,1.0,1.0,4.0
2024,초4,2.0,1.1245626157359656,2.6666666666666665,3.0,2.6666666666666665,3.0,2.0,3.0,3.0
2024,초4,2.0,1.1245626157359656,1.3333333333333333,3.0,3.0,2.0,1.0,1.0,3.0
2024,초4,1.0,1.0393660698653682,1.0,4.0,3.6666666666666665,1.0,1.0,1.0,4.0
2024,초4,1.0,1.0393660698653682,1.0,4.0,3.0,1.0,1.0,1.0,4.0
2024,초4,1.0,1.0393660698653682,1.0,4.0,,1.0,1.0,1.0,4.0
2024,초4,2.0,1.1245626157359656,2.3333333333333335,2.0,2.0,3.0,2.0,2.0,2.0
2024,초4,2.0,1.1245626157359656,1.3333333333333333,4.0,3.6666666666666665,1.0,1.0,2.0,4.0
2024,초4,1.0,1.0393660698653682,4.0,3.0,2.3333333333333335,4.0,4.0,4.0,3.0
2024,초4,1.0,1.0393660698653682,1.3333333333333333,4.0,,1.0,2.0,1.0,4.0
2024,초4,2.0,1.1245626157359656,1.6666666666666667,4.0,3.6666666666666665,2.0,1.0,2.0,4.0
2024,초4,1.0,1.0393660698653682,1.0,1.0,2.0,1.0,1.0,1.0,1.0
2024,초4,1.0,1.0393660698653682,2.0,3.0,3.0,3.0,2.0,1.0,3.0
2024,초4,1.0,1.0393660698653682,1.0,4.0,4.0,1.0,1.0,1.0,4.0
2024,초4,2.0,1.1245626157359656,1.0,2.0,2.6666666666666665,1.0,1.0,1.0,2.0
2024,초4,1.0,1.0393660698653682,1.0,1.0,2.0,1.0,1.0,1.0,1.0
2024,초4,2.0,1.1245626157359656,1.3333333333333333,3.0,3.0,2.0,1.0,1.0,3.0
2024,초4,1.0,0.9921221575987605,2.0,1.0,2.6666666666666665,2.0,2.0,2.0,1.0
2024,초4,1.0,0.9921221575987605,1.0,4.0,4.0,1.0,1.0,1.0,4.0
2024,초4,1.0,0.9921221575987605,1.3333333333333333,1.0,3.0,2.0,1.0,1.0,1.0
2024,초4,1.0,0.9921221575987605,3.0,2.0,2.0,3.0,3.0,3.0,2.0
2024,초4,2.0,1.0734461332025127,2.0,4.0,4.0,2.0,1.0,3.0,4.0
2024,초4,2.0,1.0734461332025127,2.3333333333333335,4.0,3.0,3.0,1.0,3.0,4.0
2024,초4,2.0,1.0734461332025127,1.0,4.0,4.0,1.0,1.0,1.0,4.0
2024,초4,1.0,0.9921221575987605,2.3333333333333335,3.0,2.6666666666666665,2.0,3.0,2.0,3.0
2024,초4,2.0,1.0734461332025127,3.0,2.0,2.0,3.0,3.0,3.0,2.0
2024,초4,2.0,1.0734461332025127,2.3333333333333335,4.0,3.6666666666666665,2.0,3.0,2.0,4.0
2024,초4,2.0,1.0734461332025127,1.0,3.0,3.3333333333333335,1.0,1.0,1.0,3.0
2024,초4,1.0,0.9921221575987605,1.0,4.0,4.0,1.0,1.0,1.0,4.0
2024,초4,2.0,1.0734461332025127,2.0,3.0,3.6666666666666665,2.0,2.0,2.0,3.0
2024,초4,1.0,0.9921221575987605,1.6666666666666667,1.0,2.3333333333333335,2.0,2.0,1.0,1.0
2024,초4,2.0,1.0734461332025127,1.0,4.0,3.6666666666666665,1.0,1.0,1.0,4.0
2024,초4,2.0,1.0734461332025127,2.6666666666666665,4.0,3.3333333333333335,3.0,2.0,3.0,4.0
2024,초4,1.0,0.9921221575987605,1.6666666666666667,1.0,2.6666666666666665,1.0,3.0,1.0,1.0
2024,초4,1.0,0.9921221575987605,3.0,3.0,3.0,3.0,3.0,3.0,3.0
2024,초4,1.0,0.9921221575987605,4.0,2.0,3.3333333333333335,4.0,4.0,4.0,2.0
2024,초4,2.0,1.0734461332025127,2.3333333333333335,4.0,4.0,2.0,3.0,2.0,4.0
2024,초4,2.0,1.0734461332025127,1.6666666666666667,4.0,4.0,2.0,1.0,2.0,4.0
2024,초5,1.0,0.9616653466014264,2.0,3.0,2.6666666666666665,2.0,2.0,2.0,3.0
2024,초5,1.0,0.9616653466014264,4.0,2.0,2.3333333333333335,4.0,4.0,4.0,2.0
2024,초5,1.0,0.9616653466014264,1.0,4.0,4.0,1.0,1.0,1.0,4.0
2024,초5,2.0,1.1442852398181023,2.0,3.0,3.0,1.0,3.0,2.0,3.0
2024,초5,1.0,0.9616653466014264,1.0,3.0,3.3333333333333335,1.0,1.0,1.0,3.0
2024,초5,1.0,0.9616653466014264,1.0,1.0,2.3333333333333335,1.0,1.0,1.0,1.0
2024,초5,2.0,1.1442852398181023,3.0,1.0,1.6666666666666667,3.0,3.0,3.0,1.0
2024,초5,1.0,0.9616653466014264,1.0,1.0,3.0,1.0,1.0,1.0,1.0
2024,초5,1.0,0.9616653466014264,1.3333333333333333,3.0,3.6666666666666665,2.0,1.0,1.0,3.0
2024,초5,2.0,1.1442852398181023,1.0,1.0,3.0,1.0,1.0,1.0,1.0
2024,초5,2.0,1.1442852398181023,1.0,4.0,4.0,1.0,1.0,1.0,4.0
2024,초5,1.0,0.9616653466014264,2.0,4.0,4.0,1.0,4.0,1.0,4.0
2024,초5,2.0,1.1442852398181023,2.0,3.0,2.3333333333333335,2.0,2.0,2.0,3.0
2024,초5,1.0,0.9616653466014264,2.6666666666666665,3.0,2.3333333333333335,3.0,3.0,2.0,3.0
2024,초5,1.0,0.9616653466014264,1.0,3.0,3.0,1.0,1.0,1.0,3.0
2024,초5,2.0,1.1442852398181023,2.3333333333333335,3.0,3.0,2.0,2.0,3.0,3.0
2024,초5,1.0,0.9616653466014264,2.0,1.0,2.3333333333333335,3.0,2.0,1.0,1.0
2024,초5,1.0,0.9616653466014264,1.6666666666666667,4.0,4.0,1.0,3.0,1.0,4.0
2024,초5,1.0,0.9616653466014264,2.3333333333333335,2.0,2.0,2.0,2.0,3.0,2.0
2024,초5,1.0,0.9616653466014264,1.3333333333333333,2.0,2.0,1.0,1.0,2.0,2.0
2024,초5,2.0,1.1442852398181023,2.3333333333333335,1.0,1.6666666666666667,1.0,3.0,3.0,1.0
2024,초5,2.0,1.1442852398181023,1.0,4.0,4.0,1.0,1.0,1.0,4.0
2024,초5,1.0,0.9616653466014264,1.0,3.0,3.3333333333333335,1.0,1.0,1.0,3.0
2024,초5,2.0,1.1442852398181023,1.0,1.0,3.0,1.0,1.0,1.0,1.0
2024,초5,2.0,1.0562632982936329,1.6666666666666667,4.0,4.0,1.0,2.0,2.0,4.0
2024,초5,1.0,0.8876910891705475,1.3333333333333333,4.0,4.0,2.0,1.0,1.0,4.0
2024,초5,2.0,1.0562632982936329,2.0,4.0,3.3333333333333335,2.0,2.0,2.0,4.0
2024,초5,2.0,1.0562632982936329,2.6666666666666665,3.0,3.3333333333333335,3.0,2.0,3.0,3.0
2024,초5,2.0,1.0562632982936329,1.6666666666666667,3.0,3.6666666666666665,1.0,1.0,3.0,3.0
2024,초5,2.0,1.0562632982936329,3.0,2.0,3.3333333333333335,3.0,3.0,3.0,2.0
2024,초5,1.0,0.8876910891705475,1.6666666666666667,3.0,3.0,1.0,2.0,2.0,3.0
2024,초5,2.0,1.0562632982936329,1.3333333333333333,4.0,4.0,2.0,1.0,1.0,4.0
2024,초5,1.0,0.8876910891705475,4.0,3.0,3.0,4.0,4.0,4.0,3.0
2024,초5,1.0,0.8876910891705475,1.0,4.0,4.0,1.0,1.0,1.0,4.0
2024,초5,2.0,1.0562632982936329,2.6666666666666665,3.0,2.6666666666666665,3.0,2.0,3.0,3.0
2024,초5,2.0,1.0562632982936329,3.0,4.0,4.0,3.0,3.0,3.0,4.0
2024,초5,1.0,0.8876910891705475,1.0,1.0,3.0,1.0,1.0,1.0,1.0
2024,초5,1.0,0.8876910891705475,1.0,4.0,4.0,1.0,1.0,1.0,4.0
2024,초5,2.0,1.0562632982936329,2.6666666666666665,2.0,2.0,3.0,2.0,3.0,2.0
2024,초5,2.0,1.0562632982936329,1.0,3.0,3.6666666666666665,1.0,1.0,1.0,3.0
2024,초5,1.0,0.8876910891705475,1.3333333333333333,4.0,4.0,2.0,1.0,1.0,4.0
2024,초5,2.0,1.0562632982936329,2.6666666666666665,3.0,2.0,3.0,2.0,3.0,3.0
2024,초5,1.0,0.8876910891705475,1.0,1.0,3.0,1.0,1.0,1.0,1.0
2024,초5,1.0,0.8876910891705475,1.0,3.0,3.3333333333333335,1.0,1.0,1.0,3.0
2024,초5,2.0,1.0562632982936329,1.3333333333333333,3.0,3.0,1.0,1.0,2.0,3.0
2024,초5,1.0,0.8876910891705475,2.3333333333333335,3.0,2.3333333333333335,3.0,2.0,2.0,3.0
2024,초5,1.0,0.8876910891705475,4.0,1.0,3.0,4.0,4.0,4.0,1.0
2024,초5,1.0,0.8876910891705475,2.0,3.0,3.0,2.0,2.0,2.0,3.0
2024,초5,2.0,1.0562632982936329,2.0,2.0,2.0,2.0,2.0,2.0,2.0
2024,초5,1.0,0.8876910891705475,2.0,4.0,4.0,2.0,2.0,2.0,4.0
2024,초6,2.0,0.9927587554888119,2.6666666666666665,3.0,3.0,3.0,2.0,3.0,3.0
2024,초6,2.0,0.9927587554888119,4.0,3.0,2.0,4.0,4.0,4.0,3.0
2024,초6,2.0,0.9927587554888119,2.0,4.0,3.3333333333333335,2.0,2.0,2.0,4.0
2024,초6,2.0,0.9927587554888119,1.0,4.0,3.3333333333333335,1.0,1.0,1.0,4.0
2024,초6,2.0,0.9927587554888119,3.0,2.0,2.0,3.0,3.0,3.0,2.0
2024,초6,2.0,0.9927587554888119,1.0,3.0,3.0,1.0,1.0,1.0,3.0
2024,초6,2.0,0.9927587554888119,2.6666666666666665,3.0,3.0,3.0,3.0,2.0,3.0
2024,초6,2.0,0.9927587554888119,4.0,1.0,1.3333333333333333,4.0,4.0,4.0,1.0
2024,초6,2.0,0.9927587554888119,4.0,1.0,1.0,4.0,4.0,4.0,1.0
2024,초6,2.0,0.9927587554888119,1.0,3.0,3.0,1.0,1.0,1.0,3.0
2024,초6,2.0,0.9927587554888119,2.6666666666666665,2.0,2.3333333333333335,2.0,3.0,3.0,2.0
2024,초6,2.0,0.9927587554888119,1.3333333333333333,3.0,3.0,2.0,1.0,1.0,3.0
2024,초6,1.0,1.0240051680097948,1.3333333333333333,3.0,3.0,2.0,1.0,1.0,3.0
2024,초6,1.0,1.0240051680097948,1.0,4.0,4.0,1.0,1.0,1.0,4.0
2024,초6,1.0,1.0240051680097948,2.0,3.0,2.6666666666666665,2.0,2.0,2.0,3.0
2024,초6,1.0,1.0240051680097948,1.0,4.0,3.6666666666666665,1.0,1.0,1.0,4.0
2024,초6,1.0,1.0240051680097948,2.0,3.0,3.3333333333333335,2.0,2.0,2.0,3.0
2024,초6,1.0,1.0240051680097948,1.0,3.0,3.0,1.0,1.0,1.0,3.0
2024,초6,1.0,1.0240051680097948,1.0,1.0,3.0,1.0,1.0,1.0,1.0
2024,초6,1.0,1.0240051680097948,3.3333333333333335,2.0,2.3333333333333335,3.0,4.0,3.0,2.0
2024,초6,1.0,1.0240051680097948,1.0,3.0,3.0,1.0,1.0,1.0,3.0
2024,초6,1.0,1.0240051680097948,1.3333333333333333,4.0,3.3333333333333335,2.0,1.0,1.0,4.0
2024,초6,1.0,1.0240051680097948,1.0,3.0,3.0,1.0,1.0,1.0,3.0
2024,초6,1.0,1.0240051680097948,1.0,4.0,3.6666666666666665,1.0,1.0,1.0,4.0
2024,초4,1.0,0.995852027170472,1.6666666666666667,4.0,3.3333333333333335,3.0,1.0,1.0,4.0
2024,초4,1.0,0.995852027170472,1.0,3.0,3.0,1.0,1.0,1.0,3.0
2024,초4,2.0,0.9875695972369894,2.0,4.0,3.3333333333333335,2.0,2.0,2.0,4.0
2024,초4,1.0,0.995852027170472,2.0,4.0,4.0,2.0,1.0,3.0,4.0
2024,초4,1.0,0.995852027170472,2.6666666666666665,3.0,3.0,3.0,3.0,2.0,3.0
2024,초4,1.0,0.995852027170472,1.0,4.0,4.0,1.0,1.0,1.0,4.0
2024,초4,2.0,0.9875695972369894,1.6666666666666667,4.0,4.0,1.0,1.0,3.0,4.0
2024,초4,2.0,0.9875695972369894,2.3333333333333335,2.0,2.6666666666666665,3.0,1.0,3.0,2.0
2024,초4,1.0,0.995852027170472,2.3333333333333335,3.0,2.3333333333333335,3.0,1.0,3.0,3.0
2024,초4,2.0,0.9875695972369894,2.0,4.0,4.0,2.0,2.0,2.0,4.0
2024,초4,1.0,0.995852027170472,1.3333333333333333,4.0,3.6666666666666665,2.0,1.0,1.0,4.0
2024,초4,1.0,0.995852027170472,2.6666666666666665,3.0,2.6666666666666665,3.0,2.0,3.0,3.0
2024,초4,2.0,0.9875695972369894,3.3333333333333335,,,3.0,3.0,4.0,
2024,초4,2.0,0.9875695972369894,1.0,4.0,4.0,1.0,1.0,1.0,4.0
2024,초4,2.0,0.9875695972369894,1.0,3.0,3.3333333333333335,1.0,1.0,1.0,3.0
2024,초4,2.0,0.9875695972369894,1.0,4.0,4.0,1.0,1.0,1.0,4.0
2024,초4,1.0,0.995852027170472,2.3333333333333335,4.0,3.3333333333333335,3.0,3.0,1.0,4.0
2024,초4,2.0,0.9875695972369894,1.0,3.0,2.6666666666666665,1.0,1.0,1.0,3.0
2024,초4,1.0,0.995852027170472,1.0,,,1.0,1.0,1.0,
2024,초4,2.0,0.9875695972369894,1.3333333333333333,4.0,4.0,1.0,1.0,2.0,4.0
2024,초4,2.0,0.9875695972369894,2.6666666666666665,4.0,4.0,4.0,3.0,1.0,4.0
2024,초4,1.0,0.995852027170472,1.0,3.0,3.6666666666666665,1.0,1.0,1.0,3.0
2024,초6,1.0,0.9514092342545699,2.0,1.0,2.3333333333333335,2.0,2.0,2.0,1.0
2024,초6,1.0,0.9514092342545699,2.0,3.0,2.6666666666666665,2.0,2.0,2.0,3.0
2024,초6,2.0,1.0515939096864428,2.6666666666666665,3.0,2.6666666666666665,3.0,3.0,2.0,3.0
2024,초6,1.0,0.9514092342545699,1.6666666666666667,2.0,2.6666666666666665,2.0,2.0,1.0,2.0
2024,초6,2.0,1.0515939096864428,1.0,3.0,3.0,1.0,1.0,1.0,3.0
2024,초6,1.0,0.9514092342545699,1.3333333333333333,3.0,3.3333333333333335,2.0,1.0,1.0,3.0
2024,초6,1.0,0.9514092342545699,1.0,4.0,4.0,1.0,1.0,1.0,4.0
2024,초6,1.0,0.9514092342545699,2.3333333333333335,3.0,3.0,2.0,3.0,2.0,3.0
2024,초6,2.0,1.0515939096864428,1.0,4.0,3.3333333333333335,1.0,1.0,1.0,4.0
2024,초6,1.0,0.9514092342545699,1.0,4.0,3.6666666666666665,1.0,1.0,1.0,4.0
2024,초6,1.0,0.9514092342545699,1.0,4.0,3.6666666666666665,1.0,1.0,1.0,4.0
2024,초6,1.0,0.9514092342545699,1.6666666666666667,4.0,3.6666666666666665,2.0,2.0,1.0,4.0
2024,초6,1.0,0.9514092342545699,1.0,3.0,3.3333333333333335,1.0,1.0,1.0,3.0
2024,초6,1.0,0.9514092342545699,1.3333333333333333,3.0,3.6666666666666665,1.0,1.0,2.0,3.0
2024,초6,2.0,1.0515939096864428,2.0,3.0,3.0,2.0,2.0,2.0,3.0
2024,초6,2.0,1.0515939096864428,3.0,3.0,3.3333333333333335,3.0,3.0,3.0,3.0
2024,초6,2.0,1.0515939096864428,2.6666666666666665,3.0,3.0,4.0,2.0,2.0,3.0
2024,초6,2.0,1.0515939096864428,1.6666666666666667,3.0,3.6666666666666665,1.0,1.0,3.0,3.0
2024,초6,2.0,1.0515939096864428,1.3333333333333333,4.0,4.0,1.0,1.0,2.0,4.0
2024,초6,2.0,1.0515939096864428,3.0,3.0,3.3333333333333335,3.0,3.0,3.0,3.0
2024,초6,1.0,0.9514092342545699,3.3333333333333335,2.0,2.0,4.0,3.0,3.0,2.0
2024,초6,2.0,1.0515939096864428,2.0,2.0,2.0,3.0,1.0,2.0,2.0
2024,초6,2.0,1.0515939096864428,1.0,3.0,3.3333333333333335,1.0,1.0,1.0,3.0
2024,초6,2.0,1.0515939096864428,2.0,3.0,3.0,2.0,2.0,2.0,3.0
2024,초5,1.0,1.263922398625845,3.0,2.0,2.0,3.0,3.0,3.0,2.0
2024,초5,1.0,1.263922398625845,1.3333333333333333,3.0,3.3333333333333335,1.0,2.0,1.0,3.0
2024,초5,2.0,1.0706385018088762,1.0,4.0,4.0,1.0,1.0,1.0,4.0
2024,초5,1.0,1.263922398625845,2.0,4.0,4.0,2.0,2.0,2.0,4.0
2024,초5,2.0,1.0706385018088762,1.0,3.0,3.3333333333333335,1.0,1.0,1.0,3.0
2024,초5,1.0,1.263922398625845,1.0,1.0,3.0,1.0,1.0,1.0,1.0
2024,초5,2.0,1.0706385018088762,2.0,3.0,3.0,2.0,2.0,2.0,3.0
2024,초5,2.0,1.0706385018088762,2.0,4.0,3.6666666666666665,2.0,2.0,2.0,4.0
2024,초5,2.0,1.0706385018088762,1.3333333333333333,4.0,4.0,1.0,2.0,1.0,4.0
2024,초5,2.0,1.0706385018088762,2.3333333333333335,1.0,3.0,3.0,2.0,2.0,1.0
2024,초5,2.0,1.0706385018088762,2.0,1.0,2.6666666666666665,1.0,3.0,2.0,1.0
2024,초5,1.0,1.263922398625845,1.0,4.0,4.0,1.0,1.0,1.0,4.0
2024,초5,2.0,1.0706385018088762,3.6666666666666665,3.0,2.0,3.0,4.0,4.0,3.0
2024,초5,1.0,1.263922398625845,1.6666666666666667,3.0,3.0,1.0,1.0,3.0,3.0
2024,초5,2.0,1.0706385018088762,2.6666666666666665,3.0,3.0,2.0,4.0,2.0,3.0
2024,초5,2.0,1.0706385018088762,2.3333333333333335,3.0,3.0,2.0,3.0,2.0,3.0
2024,초5,2.0,1.0706385018088762,1.0,4.0,4.0,1.0,1.0,1.0,4.0
2024,초5,2.0,1.0706385018088762,2.0,4.0,3.0,1.0,1.0,4.0,4.0
2024,초5,1.0,1.263922398625845,1.0,4.0,3.3333333333333335,1.0,1.0,1.0,4.0
2024,초5,2.0,1.0706385018088762,2.6666666666666665,4.0,4.0,4.0,2.0,2.0,4.0
2024,초5,1.0,1.263922398625845,1.3333333333333333,4.0,4.0,1.0,2.0,1.0,4.0
2024,초5,1.0,0.965406567990305,1.3333333333333333,4.0,4.0,1.0,2.0,1.0,4.0
2024,초5,1.0,0.965406567990305,1.0,4.0,3.6666666666666665,1.0,1.0,1.0,4.0
2024,초5,1.0,0.965406567990305,1.6666666666666667,2.0,2.0,3.0,1.0,1.0,2.0
2024,초5,1.0,0.965406567990305,2.3333333333333335,4.0,3.6666666666666665,3.0,2.0,2.0,4.0
2024,초5,1.0,0.965406567990305,1.3333333333333333,4.0,4.0,1.0,2.0,1.0,4.0
2024,초5,1.0,0.965406567990305,1.0,3.0,3.6666666666666665,1.0,1.0,1.0,3.0
2024,초5,1.0,0.965406567990305,3.3333333333333335,2.0,1.6666666666666667,3.0,3.0,4.0,2.0
2024,초5,2.0,0.9159739738243374,3.0,4.0,4.0,3.0,3.0,3.0,4.0
2024,초5,1.0,0.965406567990305,2.6666666666666665,3.0,2.6666666666666665,3.0,2.0,3.0,3.0
2024,초5,2.0,0.9159739738243374,1.3333333333333333,3.0,3.0,2.0,1.0,1.0,3.0
2024,초5,1.0,0.965406567990305,1.3333333333333333,3.0,3.0,2.0,1.0,1.0,3.0
2024,초5,2.0,0.9159739738243374,1.0,1.0,2.0,1.0,1.0,1.0,1.0
2024,초5,2.0,0.9159739738243374,2.3333333333333335,4.0,3.3333333333333335,2.0,3.0,2.0,4.0
2024,초5,2.0,0.9159739738243374,3.6666666666666665,3.0,2.6666666666666665,4.0,3.0,4.0,3.0
2024,초5,1.0,0.965406567990305,2.0,4.0,3.3333333333333335,2.0,2.0,2.0,4.0
2024,초5,1.0,0.965406567990305,2.0,3.0,3.0,2.0,2.0,2.0,3.0
2024,초5,1.0,0.965406567990305,2.0,4.0,4.0,4.0,1.0,1.0,4.0
2024,초5,2.0,0.9159739738243374,1.0,4.0,3.6666666666666665,1.0,1.0,1.0,4.0
2024,초5,1.0,0.965406567990305,3.3333333333333335,3.0,3.0,3.0,4.0,3.0,3.0
2024,초5,2.0,0.9159739738243374,2.0,3.0,3.0,2.0,2.0,2.0,3.0
2024,초5,1.0,0.965406567990305,2.0,3.0,3.3333333333333335,2.0,2.0,2.0,3.0
2024,초5,2.0,0.9159739738243374,1.0,3.0,3.3333333333333335,1.0,1.0,1.0,3.0
2024,초5,2.0,0.9159739738243374,1.0,2.0,2.6666666666666665,1.0,1.0,1.0,2.0
2024,초5,1.0,0.965406567990305,2.6666666666666665,4.0,3.6666666666666665,3.0,3.0,2.0,4.0
2024,초5,2.0,0.9159739738243374,2.0,4.0,3.3333333333333335,2.0,2.0,2.0,4.0
2024,초5,2.0,0.9159739738243374,2.6666666666666665,4.0,3.6666666666666665,2.0,3.0,3.0,4.0
2024,초5,1.0,0.965406567990305,1.3333333333333333,4.0,4.0,1.0,2.0,1.0,4.0
2024,초4,1.0,1.0954372298875195,1.0,1.0,3.0,1.0,1.0,1.0,1.0
2024,초4,1.0,1.0954372298875195,2.0,3.0,3.0,2.0,2.0,2.0,3.0
2024,초4,1.0,1.0954372298875195,1.0,4.0,4.0,1.0,1.0,1.0,4.0
2024,초4,1.0,1.0954372298875195,1.0,3.0,3.6666666666666665,1.0,1.0,1.0,3.0
2024,초4,2.0,1.0863265569606884,2.0,2.0,3.0,2.0,2.0,2.0,2.0
2024,초4,2.0,1.0863265569606884,1.0,1.0,3.0,1.0,1.0,1.0,1.0
2024,초4,1.0,1.0954372298875195,2.0,4.0,3.6666666666666665,2.0,3.0,1.0,4.0
2024,초4,2.0,1.0863265569606884,1.0,4.0,4.0,1.0,1.0,1.0,4.0
2024,초4,2.0,1.0863265569606884,2.0,4.0,4.0,2.0,2.0,2.0,4.0
2024,초4,2.0,1.0863265569606884,1.0,4.0,3.3333333333333335,1.0,1.0,1.0,4.0
2024,초4,2.0,1.0863265569606884,1.0,4.0,3.6666666666666665,1.0,1.0,1.0,4.0
2024,초4,2.0,1.0863265569606884,3.3333333333333335,4.0,3.0,4.0,4.0,2.0,4.0
2024,초4,1.0,1.0954372298875195,1.0,4.0,4.0,1.0,1.0,1.0,4.0
2024,초4,1.0,1.0954372298875195,1.0,4.0,4.0,1.0,1.0,1.0,4.0
2024,초4,1.0,1.0954372298875195,3.0,4.0,3.6666666666666665,3.0,3.0,3.0,4.0
2024,초4,1.0,1.0954372298875195,1.3333333333333333,4.0,4.0,1.0,2.0,1.0,4.0
2024,초4,2.0,1.0863265569606884,1.0,4.0,4.0,1.0,1.0,1.0,4.0
2024,초4,1.0,1.0954372298875195,1.3333333333333333,3.0,3.3333333333333335,1.0,1.0,2.0,3.0
2024,초4,1.0,1.0954372298875195,1.0,4.0,4.0,1.0,1.0,1.0,4.0
2024,초5,1.0,0.9830507544867684,2.6666666666666665,3.0,2.6666666666666665,3.0,3.0,2.0,3.0
2024,초5,1.0,0.9830507544867684,1.0,4.0,3.3333333333333335,1.0,1.0,1.0,4.0
2024,초5,1.0,0.9830507544867684,1.6666666666666667,1.0,2.0,2.0,2.0,1.0,1.0
2024,초5,1.0,0.9830507544867684,3.0,3.0,2.3333333333333335,3.0,3.0,3.0,3.0
2024,초5,1.0,0.9830507544867684,1.0,3.0,2.3333333333333335,1.0,1.0,1.0,3.0
2024,초5,1.0,0.9830507544867684,1.0,3.0,3.6666666666666665,1.0,1.0,1.0,3.0
2024,초5,2.0,0.8327188347402371,2.3333333333333335,3.0,2.3333333333333335,2.0,2.0,3.0,3.0
2024,초5,1.0,0.9830507544867684,2.0,3.0,2.6666666666666665,2.0,3.0,1.0,3.0
2024,초5,1.0,0.9830507544867684,1.0,4.0,4.0,1.0,1.0,1.0,4.0
2024,초5,1.0,0.9830507544867684,1.0,4.0,4.0,1.0,1.0,1.0,4.0
2024,초5,2.0,0.8327188347402371,2.0,3.0,3.3333333333333335,2.0,1.0,3.0,3.0
2024,초5,2.0,0.8327188347402371,1.3333333333333333,4.0,3.3333333333333335,1.0,1.0,2.0,4.0
2024,초5,2.0,0.8327188347402371,4.0,3.0,2.6666666666666665,4.0,4.0,4.0,3.0
2024,초5,2.0,0.8327188347402371,1.3333333333333333,4.0,4.0,1.0,1.0,2.0,4.0
2024,초5,2.0,0.8327188347402371,3.0,2.0,2.0,3.0,3.0,3.0,2.0
2024,초5,2.0,0.8327188347402371,2.0,1.0,3.0,2.0,2.0,2.0,1.0
2024,초5,2.0,0.8327188347402371,1.6666666666666667,3.0,2.0,1.0,1.0,3.0,3.0
2024,초5,2.0,0.8327188347402371,1.3333333333333333,4.0,3.6666666666666665,1.0,2.0,1.0,4.0
2024,초5,1.0,0.9830507544867684,1.0,4.0,4.0,1.0,1.0,1.0,4.0
2024,초5,1.0,0.9830507544867684,1.0,3.0,3.0,1.0,1.0,1.0,3.0
2024,초5,2.0,0.8327188347402371,1.6666666666666667,3.0,3.0,1.0,2.0,2.0,3.0
2024,초5,1.0,0.9830507544867684,1.0,1.0,2.0,1.0,1.0,1.0,1.0
2024,초5,1.0,0.9830507544867684,1.0,4.0,3.6666666666666665,1.0,1.0,1.0,4.0
2024,초5,2.0,0.8327188347402371,2.3333333333333335,4.0,3.3333333333333335,2.0,2.0,3.0,4.0
2024,초5,1.0,0.9830507544867684,2.0,3.0,3.0,2.0,2.0,2.0,3.0
2024,초5,2.0,0.8327188347402371,1.6666666666666667,4.0,4.0,2.0,1.0,2.0,4.0
2024,초5,1.0,0.9830507544867684,1.3333333333333333,1.0,2.0,1.0,1.0,2.0,1.0
2024,초6,2.0,1.0973153840206358,3.0,3.0,2.3333333333333335,3.0,3.0,3.0,3.0
2024,초6,1.0,0.9927748531352033,3.0,2.0,1.6666666666666667,3.0,3.0,3.0,2.0
2024,초6,2.0,1.0973153840206358,2.3333333333333335,4.0,4.0,2.0,2.0,3.0,4.0
2024,초6,2.0,1.0973153840206358,1.0,3.0,3.0,1.0,1.0,1.0,3.0
2024,초6,1.0,0.9927748531352033,3.0,4.0,4.0,3.0,3.0,3.0,4.0
2024,초6,1.0,0.9927748531352033,1.6666666666666667,4.0,4.0,2.0,2.0,1.0,4.0
2024,초6,2.0,1.0973153840206358,1.0,4.0,4.0,1.0,1.0,1.0,4.0
2024,초6,1.0,0.9927748531352033,1.0,1.0,2.6666666666666665,1.0,1.0,1.0,1.0
2024,초6,2.0,1.0973153840206358,1.6666666666666667,3.0,3.0,2.0,1.0,2.0,3.0
2024,초6,1.0,0.9927748531352033,2.0,3.0,3.6666666666666665,2.0,2.0,2.0,3.0
2024,초6,1.0,0.9927748531352033,1.0,3.0,3.3333333333333335,1.0,1.0,1.0,3.0
2024,초6,1.0,0.9927748531352033,1.3333333333333333,4.0,3.6666666666666665,1.0,2.0,1.0,4.0
2024,초6,1.0,0.9927748531352033,1.0,3.0,2.6666666666666665,1.0,1.0,1.0,3.0
2024,초6,2.0,1.0973153840206358,1.3333333333333333,3.0,3.3333333333333335,2.0,1.0,1.0,3.0
2024,초6,1.0,0.9927748531352033,1.3333333333333333,3.0,3.0,1.0,1.0,2.0,3.0
2024,초6,1.0,0.9927748531352033,2.0,3.0,2.3333333333333335,2.0,2.0,2.0,3.0
2024,초6,1.0,0.9927748531352033,1.0,4.0,4.0,1.0,1.0,1.0,4.0
2024,초6,2.0,1.0973153840206358,1.0,4.0,4.0,1.0,1.0,1.0,4.0
2024,초6,2.0,1.0973153840206358,3.0,3.0,2.3333333333333335,3.0,4.0,2.0,3.0
2024,초6,1.0,0.9927748531352033,1.6666666666666667,3.0,3.6666666666666665,2.0,1.0,2.0,3.0
2024,초6,1.0,0.9927748531352033,1.0,4.0,4.0,1.0,1.0,1.0,4.0
2024,초6,2.0,1.0973153840206358,1.0,3.0,3.0,1.0,1.0,1.0,3.0
2024,초5,2.0,0.8327188347402371,1.6666666666666667,4.0,4.0,3.0,1.0,1.0,4.0
2024,초5,2.0,0.8327188347402371,1.6666666666666667,3.0,3.0,3.0,1.0,1.0,3.0
2024,초5,2.0,0.8327188347402371,1.0,4.0,3.6666666666666665,1.0,1.0,1.0,4.0
2024,초5,1.0,0.9830507544867684,1.0,4.0,3.6666666666666665,1.0,1.0,1.0,4.0
2024,초5,1.0,0.9830507544867684,1.0,3.0,3.3333333333333335,1.0,1.0,1.0,3.0
2024,초5,2.0,0.8327188347402371,2.0,1.0,3.0,2.0,2.0,2.0,1.0
2024,초5,1.0,0.9830507544867684,1.3333333333333333,1.0,2.0,2.0,1.0,1.0,1.0
2024,초5,2.0,0.8327188347402371,1.0,4.0,3.6666666666666665,1.0,1.0,1.0,4.0
2024,초5,2.0,0.8327188347402371,1.0,4.0,3.6666666666666665,1.0,1.0,1.0,4.0
2024,초5,1.0,0.9830507544867684,1.0,1.0,3.0,1.0,1.0,1.0,1.0
2024,초5,1.0,0.9830507544867684,1.0,3.0,3.6666666666666665,1.0,1.0,1.0,3.0
2024,초5,1.0,0.9830507544867684,2.0,3.0,3.3333333333333335,2.0,2.0,2.0,3.0
2024,초5,1.0,0.9830507544867684,1.0,4.0,4.0,1.0,1.0,1.0,4.0
2024,초5,1.0,0.9830507544867684,3.3333333333333335,4.0,3.3333333333333335,4.0,3.0,3.0,4.0
2024,초5,1.0,0.9830507544867684,2.3333333333333335,3.0,2.3333333333333335,3.0,2.0,2.0,3.0
2024,초5,2.0,0.8327188347402371,1.0,4.0,4.0,1.0,1.0,1.0,4.0
2024,초5,2.0,0.8327188347402371,3.0,3.0,2.6666666666666665,3.0,3.0,3.0,3.0
2024,초5,1.0,0.9830507544867684,1.0,3.0,3.6666666666666665,1.0,1.0,1.0,3.0
2024,초5,1.0,0.9830507544867684,1.0,3.0,3.3333333333333335,1.0,1.0,1.0,3.0
2024,초5,1.0,0.9830507544867684,2.6666666666666665,4.0,3.3333333333333335,3.0,3.0,2.0,4.0
2024,초5,1.0,0.9830507544867684,2.0,3.0,2.6666666666666665,2.0,2.0,2.0,3.0
2024,초5,2.0,0.8327188347402371,3.0,4.0,3.3333333333333335,3.0,3.0,3.0,4.0
2024,초5,2.0,0.8327188347402371,3.0,3.0,2.3333333333333335,3.0,3.0,3.0,3.0
2024,초5,2.0,0.8327188347402371,1.3333333333333333,1.0,3.0,1.0,1.0,2.0,1.0
2024,초5,2.0,0.8327188347402371,2.3333333333333335,4.0,3.6666666666666665,3.0,1.0,3.0,4.0
2024,초4,2.0,0.9446317886614681,1.3333333333333333,4.0,4.0,1.0,1.0,2.0,4.0
2024,초4,2.0,0.9446317886614681,1.0,4.0,4.0,1.0,1.0,1.0,4.0
2024,초4,1.0,0.952554112945669,1.0,4.0,4.0,1.0,1.0,1.0,4.0
2024,초4,2.0,0.9446317886614681,1.6666666666666667,4.0,4.0,2.0,1.0,2.0,4.0
2024,초4,1.0,0.952554112945669,2.0,4.0,4.0,1.0,4.0,1.0,4.0
2024,초4,2.0,0.9446317886614681,1.0,4.0,4.0,1.0,1.0,1.0,4.0
2024,초4,1.0,0.952554112945669,1.0,4.0,4.0,1.0,1.0,1.0,4.0
2024,초4,1.0,0.952554112945669,2.0,4.0,4.0,2.0,2.0,2.0,4.0
2024,초4,2.0,0.9446317886614681,2.3333333333333335,3.0,2.3333333333333335,3.0,1.0,3.0,3.0
2024,초4,1.0,0.952554112945669,1.0,4.0,4.0,1.0,1.0,1.0,4.0
2024,초4,2.0,0.9446317886614681,1.0,3.0,3.0,1.0,1.0,1.0,3.0
2024,초4,1.0,0.952554112945669,1.3333333333333333,3.0,3.0,2.0,1.0,1.0,3.0
2024,초4,1.0,0.952554112945669,1.0,3.0,3.0,1.0,1.0,1.0,3.0
2024,초4,2.0,0.9446317886614681,1.0,4.0,4.0,1.0,1.0,1.0,4.0
2024,초4,2.0,0.9446317886614681,1.0,4.0,4.0,1.0,1.0,1.0,4.0
2024,초4,2.0,0.9446317886614681,1.0,1.0,3.0,1.0,1.0,1.0,1.0
2024,초4,1.0,0.952554112945669,1.3333333333333333,4.0,4.0,1.0,2.0,1.0,4.0
2024,초4,2.0,0.9446317886614681,1.0,4.0,4.0,1.0,1.0,1.0,4.0
2024,초4,2.0,0.9446317886614681,2.3333333333333335,2.0,,3.0,1.0,3.0,2.0
2024,초4,2.0,0.9446317886614681,1.0,4.0,4.0,1.0,1.0,1.0,4.0
2024,초4,1.0,0.952554112945669,1.0,1.0,2.0,1.0,1.0,1.0,1.0
2024,초4,1.0,0.952554112945669,1.6666666666666667,4.0,4.0,1.0,1.0,3.0,4.0
2024,초4,2.0,0.9446317886614681,1.0,4.0,4.0,1.0,1.0,1.0,4.0
2024,초6,1.0,1.0379009828231671,1.6666666666666667,3.0,3.0,2.0,2.0,1.0,3.0
2024,초6,2.0,1.147193356021574,3.6666666666666665,3.0,3.3333333333333335,3.0,4.0,4.0,3.0
2024,초6,2.0,1.147193356021574,3.0,2.0,2.6666666666666665,3.0,3.0,3.0,2.0
2024,초6,2.0,1.147193356021574,3.0,2.0,1.3333333333333333,2.0,3.0,4.0,2.0
2024,초6,1.0,1.0379009828231671,1.0,4.0,3.6666666666666665,1.0,1.0,1.0,4.0
2024,초6,1.0,1.0379009828231671,1.3333333333333333,4.0,4.0,2.0,1.0,1.0,4.0
2024,초6,2.0,1.147193356021574,2.6666666666666665,4.0,3.3333333333333335,3.0,1.0,4.0,4.0
2024,초6,2.0,1.147193356021574,1.3333333333333333,4.0,3.0,2.0,1.0,1.0,4.0
2024,초6,1.0,1.0379009828231671,3.0,3.0,2.3333333333333335,4.0,3.0,2.0,3.0
2024,초6,1.0,1.0379009828231671,1.0,4.0,4.0,1.0,1.0,1.0,4.0
2024,초6,1.0,1.0379009828231671,2.6666666666666665,4.0,3.3333333333333335,3.0,3.0,2.0,4.0
2024,초6,1.0,1.0379009828231671,4.0,2.0,1.3333333333333333,4.0,4.0,4.0,2.0
2024,초6,1.0,1.0379009828231671,1.0,1.0,2.0,1.0,1.0,1.0,1.0
2024,초6,2.0,1.147193356021574,1.0,1.0,3.0,1.0,1.0,1.0,1.0
2024,초6,1.0,1.0379009828231671,1.6666666666666667,3.0,2.3333333333333335,2.0,1.0,2.0,3.0
2024,초6,1.0,1.0379009828231671,1.6666666666666667,3.0,3.0,1.0,2.0,2.0,3.0
2024,초6,2.0,1.147193356021574,3.0,3.0,2.0,3.0,4.0,2.0,3.0
2024,초6,2.0,1.147193356021574,2.3333333333333335,4.0,3.0,4.0,1.0,2.0,4.0
2024,초6,1.0,1.0379009828231671,2.6666666666666665,3.0,2.3333333333333335,3.0,3.0,2.0,3.0
2024,초6,2.0,1.147193356021574,1.3333333333333333,4.0,4.0,2.0,1.0,1.0,4.0
2024,초6,1.0,1.0379009828231671,1.0,4.0,3.3333333333333335,1.0,1.0,1.0,4.0
2024,초6,2.0,1.147193356021574,2.3333333333333335,4.0,4.0,2.0,2.0,3.0,4.0
2024,초6,1.0,0.6770934174250747,2.0,3.0,3.0,2.0,2.0,2.0,3.0
2024,초6,2.0,0.6274644993631278,1.3333333333333333,4.0,4.0,1.0,1.0,2.0,4.0
2024,초6,2.0,0.6274644993631278,2.6666666666666665,4.0,3.6666666666666665,3.0,1.0,4.0,4.0
2024,초6,1.0,0.6770934174250747,3.3333333333333335,3.0,2.3333333333333335,3.0,4.0,3.0,3.0
2024,초6,2.0,0.6274644993631278,2.6666666666666665,4.0,3.3333333333333335,3.0,3.0,2.0,4.0
2024,초6,2.0,0.6274644993631278,1.0,1.0,2.0,1.0,1.0,1.0,1.0
2024,초6,1.0,0.6770934174250747,1.0,3.0,2.3333333333333335,1.0,1.0,1.0,3.0
2024,초6,2.0,0.6274644993631278,2.6666666666666665,3.0,2.3333333333333335,2.0,2.0,4.0,3.0
2024,초6,1.0,0.6770934174250747,2.6666666666666665,3.0,2.3333333333333335,4.0,1.0,3.0,3.0
2024,초6,2.0,0.6274644993631278,1.6666666666666667,4.0,3.3333333333333335,2.0,2.0,1.0,4.0
2024,초6,2.0,0.6274644993631278,1.0,4.0,3.3333333333333335,1.0,1.0,1.0,4.0
2024,초6,1.0,0.6770934174250747,1.0,4.0,3.6666666666666665,1.0,1.0,1.0,4.0
2024,초6,1.0,0.6770934174250747,1.0,3.0,3.0,1.0,1.0,1.0,3.0
2024,초6,2.0,0.6274644993631278,3.0,3.0,2.3333333333333335,3.0,3.0,3.0,3.0
2024,초6,1.0,0.6770934174250747,1.0,3.0,3.0,1.0,1.0,1.0,3.0
2024,초6,2.0,0.6274644993631278,3.3333333333333335,3.0,2.6666666666666665,4.0,3.0,3.0,3.0
2024,초6,1.0,0.6770934174250747,1.0,4.0,4.0,1.0,1.0,1.0,4.0
2024,초6,2.0,0.6274644993631278,2.6666666666666665,1.0,1.0,2.0,3.0,3.0,1.0
2024,초6,1.0,0.6770934174250747,1.3333333333333333,3.0,3.3333333333333335,1.0,2.0,1.0,3.0
2024,초6,1.0,0.6770934174250747,2.0,3.0,3.3333333333333335,2.0,3.0,1.0,3.0
2024,초6,1.0,0.6770934174250747,3.6666666666666665,3.0,2.6666666666666665,4.0,4.0,3.0,3.0
2024,초6,2.0,0.6274644993631278,2.0,3.0,3.6666666666666665,2.0,2.0,2.0,3.0
2024,초6,1.0,0.6770934174250747,1.0,1.0,2.6666666666666665,1.0,1.0,1.0,1.0
2024,초4,1.0,0.7427733238564986,1.0,1.0,2.6666666666666665,1.0,1.0,1.0,1.0
2024,초4,1.0,0.7427733238564986,1.0,4.0,4.0,1.0,1.0,1.0,4.0
2024,초4,2.0,0.6077236286098625,1.0,4.0,4.0,1.0,1.0,1.0,4.0
2024,초4,2.0,0.6077236286098625,3.6666666666666665,1.0,1.0,4.0,4.0,3.0,1.0
2024,초4,1.0,0.7427733238564986,2.0,4.0,3.6666666666666665,2.0,3.0,1.0,4.0
2024,초4,2.0,0.6077236286098625,1.0,4.0,4.0,1.0,1.0,1.0,4.0
2024,초4,2.0,0.6077236286098625,2.3333333333333335,4.0,4.0,1.0,4.0,2.0,4.0
2024,초4,1.0,0.7427733238564986,1.0,4.0,4.0,1.0,1.0,1.0,4.0
2024,초4,2.0,0.6077236286098625,2.3333333333333335,4.0,4.0,2.0,2.0,3.0,4.0
2024,초4,2.0,0.6077236286098625,2.0,4.0,3.6666666666666665,1.0,3.0,2.0,4.0
2024,초4,2.0,0.6077236286098625,1.6666666666666667,4.0,3.6666666666666665,2.0,2.0,1.0,4.0
2024,초4,1.0,0.7427733238564986,1.0,4.0,4.0,1.0,1.0,1.0,4.0
2024,초4,1.0,0.7427733238564986,1.0,3.0,3.3333333333333335,1.0,1.0,1.0,3.0
2024,초4,1.0,0.7427733238564986,1.0,2.0,2.6666666666666665,1.0,1.0,1.0,2.0
2024,초4,1.0,0.7427733238564986,2.0,2.0,1.3333333333333333,2.0,3.0,1.0,2.0
2024,초4,1.0,0.7427733238564986,1.3333333333333333,3.0,2.6666666666666665,2.0,1.0,1.0,3.0
2024,초4,2.0,0.6077236286098625,1.0,4.0,4.0,1.0,1.0,1.0,4.0
2024,초4,2.0,0.6077236286098625,2.3333333333333335,3.0,2.6666666666666665,2.0,2.0,3.0,3.0
2024,초4,1.0,0.7427733238564986,1.0,3.0,3.3333333333333335,1.0,1.0,1.0,3.0
2024,초4,2.0,0.6077236286098625,2.6666666666666665,1.0,3.0,3.0,2.0,3.0,1.0
2024,초4,2.0,0.6077236286098625,2.0,4.0,4.0,2.0,1.0,3.0,4.0
2024,초5,1.0,0.7563587999058995,2.6666666666666665,4.0,4.0,3.0,2.0,3.0,4.0
2024,초5,2.0,0.6147911725603487,3.6666666666666665,3.0,2.6666666666666665,4.0,3.0,4.0,3.0
2024,초5,1.0,0.7563587999058995,1.6666666666666667,3.0,2.6666666666666665,1.0,2.0,2.0,3.0
2024,초5,1.0,0.7563587999058995,2.0,3.0,3.0,2.0,2.0,2.0,3.0
2024,초5,2.0,0.6147911725603487,1.0,4.0,4.0,1.0,1.0,1.0,4.0
2024,초5,2.0,0.6147911725603487,2.0,3.0,2.6666666666666665,2.0,2.0,2.0,3.0
2024,초5,2.0,0.6147911725603487,1.0,4.0,4.0,1.0,1.0,1.0,4.0
2024,초5,2.0,0.6147911725603487,1.3333333333333333,4.0,3.6666666666666665,2.0,1.0,1.0,4.0
2024,초5,2.0,0.6147911725603487,1.0,3.0,3.0,1.0,1.0,1.0,3.0
2024,초5,1.0,0.7563587999058995,3.0,4.0,4.0,3.0,3.0,3.0,4.0
2024,초5,2.0,0.6147911725603487,1.0,4.0,4.0,1.0,1.0,1.0,4.0
2024,초5,2.0,0.6147911725603487,1.3333333333333333,4.0,3.6666666666666665,1.0,2.0,1.0,4.0
2024,초5,1.0,0.7563587999058995,1.0,1.0,2.6666666666666665,1.0,1.0,1.0,1.0
2024,초5,1.0,0.7563587999058995,2.0,3.0,3.3333333333333335,3.0,1.0,2.0,3.0
2024,초5,2.0,0.6147911725603487,2.3333333333333335,2.0,2.0,2.0,3.0,2.0,2.0
2024,초5,1.0,0.7563587999058995,1.0,3.0,3.3333333333333335,1.0,1.0,1.0,3.0
2024,초5,2.0,0.6147911725603487,3.0,3.0,2.3333333333333335,3.0,2.0,4.0,3.0
2024,초5,2.0,0.6147911725603487,1.0,4.0,3.6666666666666665,1.0,1.0,1.0,4.0
2024,초5,1.0,0.7563587999058995,1.0,4.0,4.0,1.0,1.0,1.0,4.0
2024,초5,2.0,0.6147911725603487,1.3333333333333333,2.0,2.3333333333333335,1.0,2.0,1.0,2.0
2024,초5,1.0,0.7563587999058995,3.3333333333333335,2.0,1.6666666666666667,4.0,3.0,3.0,2.0
2024,초5,1.0,0.7563587999058995,2.6666666666666665,4.0,3.6666666666666665,2.0,3.0,3.0,4.0
2024,초5,2.0,0.6147911725603487,1.6666666666666667,1.0,2.6666666666666665,2.0,2.0,1.0,1.0
2024,초5,1.0,0.7563587999058995,1.0,1.0,3.0,1.0,1.0,1.0,1.0
2024,초5,2.0,1.3599341061994434,2.3333333333333335,3.0,3.3333333333333335,3.0,1.0,3.0,3.0
2024,초5,2.0,1.3599341061994434,2.3333333333333335,3.0,2.6666666666666665,2.0,2.0,3.0,3.0
2024,초5,2.0,1.3599341061994434,1.3333333333333333,4.0,4.0,1.0,1.0,2.0,4.0
2024,초5,2.0,1.3599341061994434,1.0,4.0,4.0,1.0,1.0,1.0,4.0
2024,초5,1.0,1.3756381123989174,1.0,4.0,3.6666666666666665,1.0,1.0,1.0,4.0
2024,초5,1.0,1.3756381123989174,1.0,3.0,3.3333333333333335,1.0,1.0,1.0,3.0
2024,초5,2.0,1.3599341061994434,1.6666666666666667,4.0,4.0,2.0,1.0,2.0,4.0
2024,초5,2.0,1.3599341061994434,1.0,4.0,4.0,1.0,1.0,1.0,4.0
2024,초5,1.0,1.3756381123989174,1.0,4.0,4.0,1.0,1.0,1.0,4.0
2024,초5,2.0,1.3599341061994434,1.3333333333333333,3.0,3.6666666666666665,2.0,1.0,1.0,3.0
2024,초5,1.0,1.3756381123989174,2.3333333333333335,3.0,3.0,2.0,2.0,3.0,3.0
2024,초5,1.0,1.3756381123989174,1.0,4.0,4.0,1.0,1.0,1.0,4.0
2024,초5,1.0,1.3756381123989174,1.6666666666666667,4.0,4.0,1.0,3.0,1.0,4.0
2024,초5,1.0,1.3756381123989174,1.3333333333333333,3.0,3.0,2.0,1.0,1.0,3.0
2024,초5,1.0,1.3756381123989174,2.6666666666666665,4.0,4.0,3.0,4.0,1.0,4.0
2024,초5,2.0,1.3599341061994434,3.0,2.0,1.6666666666666667,3.0,4.0,2.0,2.0
2024,초5,1.0,1.3756381123989174,1.0,1.0,2.0,1.0,1.0,1.0,1.0
2024,초5,2.0,1.3599341061994434,1.0,3.0,3.0,1.0,1.0,1.0,3.0
2024,초5,2.0,1.3599341061994434,1.0,4.0,4.0,1.0,1.0,1.0,4.0
2024,초5,1.0,1.3756381123989174,1.0,1.0,3.0,1.0,1.0,1.0,1.0
2024,초5,2.0,1.3599341061994434,3.0,4.0,4.0,3.0,3.0,3.0,4.0
2024,초5,1.0,1.3756381123989174,1.0,4.0,4.0,1.0,1.0,1.0,4.0
2024,초4,2.0,0.8863835462335226,2.6666666666666665,4.0,3.3333333333333335,3.0,3.0,2.0,4.0
2024,초4,1.0,1.0742666804738716,1.0,4.0,4.0,1.0,1.0,1.0,4.0
2024,초4,2.0,0.8863835462335226,1.3333333333333333,4.0,4.0,2.0,1.0,1.0,4.0
2024,초4,2.0,0.8863835462335226,1.6666666666666667,1.0,2.0,1.0,2.0,2.0,1.0
2024,초4,1.0,1.0742666804738716,1.0,4.0,4.0,1.0,1.0,1.0,4.0
2024,초4,1.0,1.0742666804738716,1.0,4.0,3.3333333333333335,1.0,1.0,1.0,4.0
2024,초4,2.0,0.8863835462335226,2.3333333333333335,4.0,3.3333333333333335,3.0,3.0,1.0,4.0
2024,초4,1.0,1.0742666804738716,1.0,4.0,4.0,1.0,1.0,1.0,4.0
2024,초4,1.0,1.0742666804738716,1.0,4.0,4.0,1.0,1.0,1.0,4.0
2024,초4,2.0,0.8863835462335226,1.0,4.0,4.0,1.0,1.0,1.0,4.0
2024,초4,2.0,0.8863835462335226,2.0,4.0,3.3333333333333335,3.0,1.0,2.0,4.0
2024,초4,2.0,0.8863835462335226,1.0,3.0,3.0,1.0,1.0,1.0,3.0
2024,초4,2.0,0.8863835462335226,2.6666666666666665,2.0,2.3333333333333335,3.0,1.0,4.0,2.0
2024,초4,2.0,0.8863835462335226,1.0,4.0,4.0,1.0,1.0,1.0,4.0
2024,초4,1.0,1.0742666804738716,1.0,4.0,4.0,1.0,1.0,1.0,4.0
2024,초4,2.0,0.8863835462335226,2.6666666666666665,3.0,3.0,3.0,2.0,3.0,3.0
2024,초4,1.0,1.0742666804738716,1.0,4.0,4.0,1.0,1.0,1.0,4.0
2024,초4,1.0,1.0742666804738716,3.0,3.0,2.3333333333333335,3.0,3.0,3.0,3.0
2024,초4,2.0,0.8863835462335226,1.3333333333333333,1.0,2.6666666666666665,1.0,1.0,2.0,1.0
2024,초4,2.0,0.8863835462335226,1.3333333333333333,3.0,3.0,2.0,1.0,1.0,3.0
2024,초4,1.0,1.0742666804738716,1.6666666666666667,4.0,4.0,2.0,2.0,1.0,4.0
2024,초4,1.0,1.0742666804738716,1.0,4.0,4.0,1.0,1.0,1.0,4.0
2024,초4,1.0,1.0742666804738716,1.0,3.0,3.0,1.0,1.0,1.0,3.0
2024,초4,2.0,0.8863835462335226,1.0,4.0,4.0,1.0,1.0,1.0,4.0
2024,초4,1.0,1.0742666804738716,1.0,4.0,4.0,1.0,1.0,1.0,4.0
2024,초4,2.0,0.8863835462335226,1.0,1.0,2.6666666666666665,1.0,1.0,1.0,1.0
2024,초4,2.0,0.8863835462335226,2.0,3.0,3.0,2.0,2.0,2.0,3.0
2024,초4,2.0,0.8863835462335226,1.0,4.0,4.0,1.0,1.0,1.0,4.0
2024,초6,1.0,1.191750012577176,3.0,2.0,2.0,3.0,3.0,3.0,2.0
2024,초6,1.0,1.191750012577176,1.3333333333333333,4.0,3.3333333333333335,1.0,2.0,1.0,4.0
2024,초6,1.0,1.191750012577176,2.3333333333333335,1.0,3.0,1.0,3.0,3.0,1.0
2024,초6,1.0,1.191750012577176,2.6666666666666665,2.0,2.0,3.0,2.0,3.0,2.0
2024,초6,2.0,1.243918389693032,1.0,4.0,4.0,1.0,1.0,1.0,4.0
2024,초6,2.0,1.243918389693032,3.0,,,2.0,4.0,3.0,
2024,초6,2.0,1.243918389693032,1.0,4.0,3.3333333333333335,1.0,1.0,1.0,4.0
2024,초6,1.0,1.191750012577176,1.0,4.0,4.0,1.0,1.0,1.0,4.0
2024,초6,2.0,1.243918389693032,1.3333333333333333,4.0,3.3333333333333335,2.0,1.0,1.0,4.0
2024,초6,1.0,1.191750012577176,1.0,4.0,4.0,1.0,1.0,1.0,4.0
2024,초6,2.0,1.243918389693032,1.0,1.0,3.0,1.0,1.0,1.0,1.0
2024,초6,1.0,1.191750012577176,2.0,3.0,2.3333333333333335,2.0,2.0,2.0,3.0
2024,초6,2.0,1.243918389693032,1.3333333333333333,3.0,2.6666666666666665,2.0,1.0,1.0,3.0
2024,초6,2.0,1.243918389693032,1.6666666666666667,4.0,3.6666666666666665,1.0,2.0,2.0,4.0
2024,초6,1.0,1.191750012577176,1.3333333333333333,3.0,2.6666666666666665,1.0,1.0,2.0,3.0
2024,초6,2.0,1.243918389693032,3.6666666666666665,3.0,2.3333333333333335,4.0,3.0,4.0,3.0
2024,초6,2.0,1.243918389693032,2.0,3.0,2.6666666666666665,2.0,2.0,2.0,3.0
2024,초6,1.0,1.191750012577176,1.0,3.0,3.3333333333333335,1.0,1.0,1.0,3.0
2024,초6,1.0,1.191750012577176,1.0,4.0,4.0,1.0,1.0,1.0,4.0
2024,초6,2.0,1.243918389693032,1.6666666666666667,4.0,4.0,2.0,2.0,1.0,4.0
2024,초6,1.0,1.191750012577176,1.0,4.0,3.6666666666666665,1.0,1.0,1.0,4.0
2024,초6,2.0,1.243918389693032,3.0,3.0,2.3333333333333335,3.0,3.0,3.0,3.0
2024,초6,2.0,1.243918389693032,3.0,3.0,3.0,3.0,3.0,3.0,3.0
2024,초6,1.0,1.191750012577176,1.0,1.0,3.0,1.0,1.0,1.0,1.0
2024,초4,2.0,0.986236868869685,3.0,2.0,3.0,3.0,3.0,3.0,2.0
2024,초4,2.0,0.986236868869685,2.3333333333333335,3.0,3.0,2.0,3.0,2.0,3.0
2024,초4,1.0,1.0910144714791195,1.3333333333333333,4.0,4.0,1.0,2.0,1.0,4.0
2024,초4,2.0,0.986236868869685,3.0,3.0,3.3333333333333335,3.0,3.0,3.0,3.0
2024,초4,2.0,0.986236868869685,2.6666666666666665,4.0,4.0,2.0,3.0,3.0,4.0
2024,초4,1.0,1.0910144714791195,1.0,4.0,4.0,1.0,1.0,1.0,4.0
2024,초4,2.0,0.986236868869685,1.6666666666666667,4.0,4.0,1.0,3.0,1.0,4.0
2024,초4,2.0,0.986236868869685,3.6666666666666665,2.0,2.0,3.0,4.0,4.0,2.0
2024,초4,2.0,0.986236868869685,1.0,4.0,3.6666666666666665,1.0,1.0,1.0,4.0
2024,초4,1.0,1.0910144714791195,1.0,4.0,4.0,1.0,1.0,1.0,4.0
2024,초5,1.0,1.315827759685921,2.6666666666666665,4.0,3.3333333333333335,2.0,3.0,3.0,4.0
2024,초5,2.0,1.300806536364685,1.0,4.0,3.6666666666666665,1.0,1.0,1.0,4.0
2024,초5,2.0,1.300806536364685,2.3333333333333335,3.0,2.3333333333333335,3.0,2.0,2.0,3.0
2024,초5,2.0,1.300806536364685,4.0,3.0,3.0,4.0,4.0,4.0,3.0
2024,초5,1.0,1.315827759685921,1.6666666666666667,4.0,3.3333333333333335,1.0,2.0,2.0,4.0
2024,초5,2.0,1.300806536364685,3.0,3.0,3.0,3.0,3.0,3.0,3.0
2024,초5,2.0,1.300806536364685,4.0,1.0,1.0,4.0,4.0,4.0,1.0
2024,초5,1.0,1.315827759685921,2.3333333333333335,2.0,2.0,3.0,2.0,2.0,2.0
2024,초5,1.0,1.315827759685921,3.0,2.0,2.3333333333333335,3.0,3.0,3.0,2.0
2024,초4,1.0,1.0910144714791195,1.0,4.0,4.0,1.0,1.0,1.0,4.0
2024,초5,1.0,1.315827759685921,1.0,3.0,3.3333333333333335,1.0,1.0,1.0,3.0
2024,초5,1.0,1.315827759685921,1.0,3.0,3.3333333333333335,1.0,1.0,1.0,3.0
2024,초5,2.0,1.300806536364685,1.0,4.0,4.0,1.0,1.0,1.0,4.0
2024,초5,1.0,1.315827759685921,2.0,4.0,3.6666666666666665,2.0,3.0,1.0,4.0
2024,초5,1.0,1.315827759685921,1.0,4.0,4.0,1.0,1.0,1.0,4.0
2024,초5,1.0,1.315827759685921,3.0,3.0,3.0,3.0,3.0,3.0,3.0
2024,초5,2.0,1.300806536364685,2.0,4.0,3.6666666666666665,2.0,2.0,2.0,4.0
2024,초5,1.0,1.315827759685921,2.3333333333333335,3.0,3.3333333333333335,2.0,2.0,3.0,3.0
2024,초5,2.0,1.300806536364685,3.0,4.0,4.0,3.0,3.0,3.0,4.0
2024,초5,1.0,1.315827759685921,2.0,3.0,3.0,2.0,2.0,2.0,3.0
2024,초4,2.0,0.986236868869685,1.6666666666666667,3.0,3.0,1.0,2.0,2.0,3.0
2024,초5,2.0,1.300806536364685,3.0,4.0,4.0,3.0,3.0,3.0,4.0
2024,초5,2.0,1.300806536364685,2.3333333333333335,4.0,3.6666666666666665,1.0,3.0,3.0,4.0
2024,초5,1.0,1.315827759685921,2.6666666666666665,4.0,4.0,2.0,3.0,3.0,4.0
2024,초5,2.0,1.300806536364685,2.0,4.0,3.6666666666666665,2.0,2.0,2.0,4.0
2024,초4,2.0,0.986236868869685,1.0,1.0,3.0,1.0,1.0,1.0,1.0
2024,초4,1.0,1.0910144714791195,2.6666666666666665,3.0,2.6666666666666665,3.0,2.0,3.0,3.0
2024,초4,2.0,0.986236868869685,1.3333333333333333,4.0,3.6666666666666665,2.0,1.0,1.0,4.0
2024,초4,1.0,1.0910144714791195,1.0,1.0,2.6666666666666665,1.0,1.0,1.0,1.0
2024,초4,1.0,1.0910144714791195,1.3333333333333333,4.0,4.0,1.0,2.0,1.0,4.0
2024,초4,1.0,1.0910144714791195,1.0,4.0,4.0,1.0,1.0,1.0,4.0
2024,초4,2.0,0.986236868869685,2.6666666666666665,3.0,3.0,3.0,2.0,3.0,3.0
2024,초4,2.0,0.986236868869685,1.6666666666666667,3.0,3.3333333333333335,1.0,1.0,3.0,3.0
2024,초4,1.0,1.0910144714791195,1.0,4.0,4.0,1.0,1.0,1.0,4.0
2024,초4,1.0,1.0910144714791195,1.0,1.0,2.0,1.0,1.0,1.0,1.0
2024,초6,1.0,1.100076934686624,2.0,3.0,2.6666666666666665,2.0,2.0,2.0,3.0
2024,초6,1.0,1.100076934686624,1.0,4.0,3.6666666666666665,1.0,1.0,1.0,4.0
2024,초6,2.0,1.1482323597166448,3.0,2.0,2.6666666666666665,3.0,3.0,3.0,2.0
2024,초6,2.0,1.1482323597166448,1.0,1.0,3.0,1.0,1.0,1.0,1.0
2024,초6,2.0,1.1482323597166448,4.0,3.0,2.3333333333333335,4.0,4.0,4.0,3.0
2024,초6,1.0,1.100076934686624,1.0,3.0,3.0,1.0,1.0,1.0,3.0
2024,초6,2.0,1.1482323597166448,3.6666666666666665,4.0,2.6666666666666665,4.0,3.0,4.0,4.0
2024,초6,1.0,1.100076934686624,2.0,2.0,2.3333333333333335,2.0,2.0,2.0,2.0
2024,초6,1.0,1.100076934686624,1.0,3.0,3.0,1.0,1.0,1.0,3.0
2024,초6,1.0,1.100076934686624,1.3333333333333333,4.0,3.3333333333333335,2.0,1.0,1.0,4.0
2024,초6,2.0,1.1482323597166448,2.0,3.0,2.3333333333333335,2.0,2.0,2.0,3.0
2024,초6,2.0,1.1482323597166448,1.0,4.0,3.6666666666666665,1.0,1.0,1.0,4.0
2024,초6,2.0,1.1482323597166448,2.6666666666666665,4.0,3.6666666666666665,1.0,3.0,4.0,4.0
2024,초6,1.0,1.100076934686624,1.3333333333333333,1.0,2.6666666666666665,1.0,2.0,1.0,1.0
2024,초6,1.0,1.100076934686624,2.3333333333333335,2.0,2.0,2.0,2.0,3.0,2.0
2024,초6,2.0,1.1482323597166448,1.3333333333333333,1.0,2.3333333333333335,1.0,2.0,1.0,1.0
2024,초6,1.0,1.100076934686624,1.3333333333333333,4.0,3.3333333333333335,2.0,1.0,1.0,4.0
2024,초6,2.0,1.1482323597166448,1.3333333333333333,2.0,2.0,1.0,1.0,2.0,2.0
2024,초6,1.0,1.100076934686624,3.6666666666666665,3.0,2.6666666666666665,3.0,4.0,4.0,3.0
2024,초6,1.0,1.100076934686624,1.0,4.0,3.3333333333333335,1.0,1.0,1.0,4.0
2024,초6,1.0,1.100076934686624,3.0,4.0,3.6666666666666665,3.0,3.0,3.0,4.0
2024,초6,2.0,1.1482323597166448,2.6666666666666665,4.0,3.3333333333333335,3.0,2.0,3.0,4.0
2024,초6,2.0,1.1482323597166448,2.0,2.0,1.3333333333333333,2.0,2.0,2.0,2.0
2024,초6,2.0,1.1482323597166448,2.3333333333333335,2.0,2.0,3.0,2.0,2.0,2.0
2024,초6,1.0,1.100076934686624,1.0,4.0,4.0,1.0,1.0,1.0,4.0
2024,초6,1.0,1.100076934686624,2.0,3.0,2.6666666666666665,2.0,2.0,2.0,3.0
2024,초4,2.0,1.1281245133881195,1.0,4.0,4.0,1.0,1.0,1.0,4.0
2024,초4,2.0,1.1281245133881195,2.0,4.0,4.0,3.0,1.0,2.0,4.0
2024,초4,1.0,1.3672485024212915,2.3333333333333335,2.0,1.6666666666666667,2.0,3.0,2.0,2.0
2024,초4,1.0,1.3672485024212915,1.6666666666666667,4.0,3.3333333333333335,1.0,3.0,1.0,4.0
2024,초4,2.0,1.1281245133881195,3.3333333333333335,2.0,2.0,3.0,4.0,3.0,2.0
2024,초4,2.0,1.1281245133881195,1.0,4.0,4.0,1.0,1.0,1.0,4.0
2024,초4,2.0,1.1281245133881195,1.0,2.0,2.6666666666666665,1.0,1.0,1.0,2.0
2024,초4,2.0,1.1281245133881195,1.6666666666666667,1.0,2.0,3.0,1.0,1.0,1.0
2024,초4,2.0,1.1281245133881195,2.6666666666666665,4.0,4.0,3.0,2.0,3.0,4.0
2024,초4,2.0,1.1281245133881195,1.0,4.0,4.0,1.0,1.0,1.0,4.0
2024,초4,2.0,1.1281245133881195,1.0,3.0,3.0,1.0,1.0,1.0,3.0
2024,초4,1.0,1.3672485024212915,1.3333333333333333,4.0,3.3333333333333335,2.0,1.0,1.0,4.0
2024,초4,1.0,1.3672485024212915,1.0,3.0,2.3333333333333335,1.0,1.0,1.0,3.0
2024,초4,2.0,1.1281245133881195,1.0,4.0,4.0,1.0,1.0,1.0,4.0
2024,초4,2.0,1.1281245133881195,1.0,4.0,4.0,1.0,1.0,1.0,4.0
2024,초4,1.0,1.3672485024212915,2.0,1.0,2.3333333333333335,3.0,2.0,1.0,1.0
2024,초4,1.0,1.3672485024212915,1.3333333333333333,3.0,3.3333333333333335,1.0,1.0,2.0,3.0
2024,초4,1.0,1.3672485024212915,1.0,4.0,3.6666666666666665,1.0,1.0,1.0,4.0
2024,초4,1.0,1.3672485024212915,3.0,1.0,3.0,3.0,3.0,3.0,1.0
2024,초4,1.0,1.3672485024212915,1.6666666666666667,4.0,3.6666666666666665,1.0,1.0,3.0,4.0
2024,초4,1.0,1.3672485024212915,1.3333333333333333,3.0,3.0,2.0,1.0,1.0,3.0
2024,초4,1.0,1.3672485024212915,1.0,1.0,2.6666666666666665,1.0,1.0,1.0,1.0
2024,초4,2.0,0.9423206570973048,1.6666666666666667,4.0,3.0,3.0,1.0,1.0,4.0
2024,초4,1.0,0.9235964998814199,2.3333333333333335,4.0,4.0,3.0,1.0,3.0,4.0
2024,초4,1.0,0.9235964998814199,1.0,4.0,4.0,1.0,1.0,1.0,4.0
2024,초4,1.0,0.9235964998814199,1.0,3.0,3.3333333333333335,1.0,1.0,1.0,3.0
2024,초4,1.0,0.9235964998814199,1.0,3.0,3.3333333333333335,1.0,1.0,1.0,3.0
2024,초4,2.0,0.9423206570973048,1.6666666666666667,4.0,4.0,1.0,2.0,2.0,4.0
2024,초4,1.0,0.9235964998814199,1.0,3.0,2.6666666666666665,1.0,1.0,1.0,3.0
2024,초4,2.0,0.9423206570973048,1.3333333333333333,3.0,2.0,2.0,1.0,1.0,3.0
2024,초4,2.0,0.9423206570973048,2.6666666666666665,2.0,2.0,2.0,3.0,3.0,2.0
2024,초4,2.0,0.9423206570973048,1.0,4.0,4.0,1.0,1.0,1.0,4.0
2024,초4,2.0,0.9423206570973048,2.0,4.0,4.0,1.0,4.0,1.0,4.0
2024,초4,2.0,0.9423206570973048,4.0,2.0,2.0,4.0,4.0,4.0,2.0
2024,초4,1.0,0.9235964998814199,1.6666666666666667,4.0,3.6666666666666665,1.0,2.0,2.0,4.0
2024,초4,1.0,0.9235964998814199,3.0,3.0,2.3333333333333335,3.0,3.0,3.0,3.0
2024,초4,1.0,0.9235964998814199,1.0,4.0,4.0,1.0,1.0,1.0,4.0
2024,초4,1.0,0.9235964998814199,2.3333333333333335,4.0,3.3333333333333335,3.0,2.0,2.0,4.0
2024,초4,2.0,0.9423206570973048,1.0,1.0,3.0,1.0,1.0,1.0,1.0
2024,초4,2.0,0.9423206570973048,1.6666666666666667,4.0,4.0,2.0,1.0,2.0,4.0
2024,초4,1.0,0.9235964998814199,2.0,3.0,2.6666666666666665,2.0,2.0,2.0,3.0
2024,초4,1.0,0.9235964998814199,1.3333333333333333,3.0,3.3333333333333335,1.0,1.0,2.0,3.0
2024,초4,1.0,0.9235964998814199,1.0,3.0,3.3333333333333335,1.0,1.0,1.0,3.0
2024,초4,1.0,0.9235964998814199,1.3333333333333333,3.0,3.3333333333333335,1.0,2.0,1.0,3.0
2024,초4,2.0,0.9423206570973048,1.6666666666666667,4.0,4.0,1.0,3.0,1.0,4.0
